surface	corpus	rank	pct	samples	total	function	file	line	lib	profile
p1a_parse_only_track1	apache_builds	1	99.73	5640	5655	parse_that_regex::skip_ascii_whitespace	/Users/mkbabb/Programming/bbnf-lang-skv15-profile-279a60646/skinny/crates/parse-that-regex/src/lib.rs	121	profile_direct	/tmp/skv15-p1/profiles-interactive/p1a/parse_only__apache_builds__track1.json.gz
p1a_parse_only_track1	apache_builds	2	0.14	8	5655	mach_absolute_time			libsystem_kernel.dylib	/tmp/skv15-p1/profiles-interactive/p1a/parse_only__apache_builds__track1.json.gz
p1a_parse_only_track1	apache_builds	3	0.04	2	5655	0x36108			libsystem_malloc.dylib	/tmp/skv15-p1/profiles-interactive/p1a/parse_only__apache_builds__track1.json.gz
p1a_parse_only_track1	apache_builds	4	0.02	1	5655	__proc_info			libsystem_kernel.dylib	/tmp/skv15-p1/profiles-interactive/p1a/parse_only__apache_builds__track1.json.gz
p1a_parse_only_track1	apache_builds	5	0.02	1	5655	0x2fee0			libsystem_malloc.dylib	/tmp/skv15-p1/profiles-interactive/p1a/parse_only__apache_builds__track1.json.gz
p1a_parse_only_track1	apache_builds	6	0.02	1	5655	0x30204			libsystem_malloc.dylib	/tmp/skv15-p1/profiles-interactive/p1a/parse_only__apache_builds__track1.json.gz
p1a_parse_only_track1	apache_builds	7	0.02	1	5655	__rustc::__rdl_alloc	/rustc/02c7f9bec0fd583160f8bcccb830216023b07bee/library/std/src/alloc.rs	450	profile_direct	/tmp/skv15-p1/profiles-interactive/p1a/parse_only__apache_builds__track1.json.gz
p1a_parse_only_track1	apache_builds	8	0.02	1	5655	0x3acac			libsystem_malloc.dylib	/tmp/skv15-p1/profiles-interactive/p1a/parse_only__apache_builds__track1.json.gz
p1a_parse_only_track1	canada	1	99.87	9214	9226	<alloc::vec::Vec<runtime::generated_json::generated::ParseOnlyFrame>>::push_mut	/Users/mkbabb/.rustup/toolchains/nightly-2026-04-11-aarch64-apple-darwin/lib/rustlib/src/rust/library/alloc/src/vec/mod.rs	1041	profile_direct	/tmp/skv15-p1/profiles-interactive/p1a/parse_only__canada__track1.json.gz
p1a_parse_only_track1	canada	2	0.02	2	9226	read			libsystem_kernel.dylib	/tmp/skv15-p1/profiles-interactive/p1a/parse_only__canada__track1.json.gz
p1a_parse_only_track1	canada	3	0.02	2	9226	0xce8			libsystem_malloc.dylib	/tmp/skv15-p1/profiles-interactive/p1a/parse_only__canada__track1.json.gz
p1a_parse_only_track1	canada	4	0.02	2	9226	0x2b1d0			libsystem_malloc.dylib	/tmp/skv15-p1/profiles-interactive/p1a/parse_only__canada__track1.json.gz
p1a_parse_only_track1	canada	5	0.01	1	9226	0x1f0c4			libsystem_malloc.dylib	/tmp/skv15-p1/profiles-interactive/p1a/parse_only__canada__track1.json.gz
p1a_parse_only_track1	canada	6	0.01	1	9226	profile_direct::run_once	/Users/mkbabb/.rustup/toolchains/nightly-2026-04-11-aarch64-apple-darwin/lib/rustlib/src/rust/library/core/src/result.rs		profile_direct	/tmp/skv15-p1/profiles-interactive/p1a/parse_only__canada__track1.json.gz
p1a_parse_only_track1	canada	7	0.01	1	9226	0x16b8			libsystem_malloc.dylib	/tmp/skv15-p1/profiles-interactive/p1a/parse_only__canada__track1.json.gz
p1a_parse_only_track1	canada	8	0.01	1	9226	0x2a0ec			libsystem_malloc.dylib	/tmp/skv15-p1/profiles-interactive/p1a/parse_only__canada__track1.json.gz
p1a_parse_only_track1	canada	9	0.01	1	9226	0x2b06c			libsystem_malloc.dylib	/tmp/skv15-p1/profiles-interactive/p1a/parse_only__canada__track1.json.gz
p1a_parse_only_track1	canada	10	0.01	1	9226	<std::alloc::System as core::alloc::global::GlobalAlloc>::dealloc	/rustc/02c7f9bec0fd583160f8bcccb830216023b07bee/library/std/src/sys/alloc/unix.rs	48	profile_direct	/tmp/skv15-p1/profiles-interactive/p1a/parse_only__canada__track1.json.gz
p1a_parse_only_track1	citm_catalog	1	99.71	4440	4453	<alloc::vec::Vec<runtime::generated_json::generated::ParseOnlyFrame>>::push_mut	/Users/mkbabb/.rustup/toolchains/nightly-2026-04-11-aarch64-apple-darwin/lib/rustlib/src/rust/library/alloc/src/vec/mod.rs	1041	profile_direct	/tmp/skv15-p1/profiles-interactive/p1a/parse_only__citm_catalog__track1.json.gz
p1a_parse_only_track1	citm_catalog	2	0.07	3	4453	0x2b06c			libsystem_malloc.dylib	/tmp/skv15-p1/profiles-interactive/p1a/parse_only__citm_catalog__track1.json.gz
p1a_parse_only_track1	citm_catalog	3	0.02	1	4453	read			libsystem_kernel.dylib	/tmp/skv15-p1/profiles-interactive/p1a/parse_only__citm_catalog__track1.json.gz
p1a_parse_only_track1	citm_catalog	4	0.02	1	4453	core::str::validations::utf8_char_width	/rustc/02c7f9bec0fd583160f8bcccb830216023b07bee/library/core/src/str/validations.rs	279	profile_direct	/tmp/skv15-p1/profiles-interactive/p1a/parse_only__citm_catalog__track1.json.gz
p1a_parse_only_track1	citm_catalog	5	0.02	1	4453	<alloc::raw_vec::RawVec<runtime::generated_json::generated::ParseOnlyFrame>>::grow_one	/Users/mkbabb/.rustup/toolchains/nightly-2026-04-11-aarch64-apple-darwin/lib/rustlib/src/rust/library/alloc/src/raw_vec/mod.rs	186	profile_direct	/tmp/skv15-p1/profiles-interactive/p1a/parse_only__citm_catalog__track1.json.gz
p1a_parse_only_track1	citm_catalog	6	0.02	1	4453	0x1f00c			libsystem_malloc.dylib	/tmp/skv15-p1/profiles-interactive/p1a/parse_only__citm_catalog__track1.json.gz
p1a_parse_only_track1	citm_catalog	7	0.02	1	4453	0x1f2b4			libsystem_malloc.dylib	/tmp/skv15-p1/profiles-interactive/p1a/parse_only__citm_catalog__track1.json.gz
p1a_parse_only_track1	citm_catalog	8	0.02	1	4453	_kernelrpc_mach_vm_map_trap			libsystem_kernel.dylib	/tmp/skv15-p1/profiles-interactive/p1a/parse_only__citm_catalog__track1.json.gz
p1a_parse_only_track1	citm_catalog	9	0.02	1	4453	0x32148			libsystem_malloc.dylib	/tmp/skv15-p1/profiles-interactive/p1a/parse_only__citm_catalog__track1.json.gz
p1a_parse_only_track1	citm_catalog	10	0.02	1	4453	0x36108			libsystem_malloc.dylib	/tmp/skv15-p1/profiles-interactive/p1a/parse_only__citm_catalog__track1.json.gz
p1a_parse_only_track1	citm_catalog	11	0.02	1	4453	0x2b1d0			libsystem_malloc.dylib	/tmp/skv15-p1/profiles-interactive/p1a/parse_only__citm_catalog__track1.json.gz
p1a_parse_only_track1	citm_catalog	12	0.02	1	4453	write			libsystem_kernel.dylib	/tmp/skv15-p1/profiles-interactive/p1a/parse_only__citm_catalog__track1.json.gz
p1a_parse_only_track1	distinct_values	1	99.95	1988	1989	<alloc::vec::Vec<runtime::generated_json::generated::ParseOnlyFrame>>::as_slice	/Users/mkbabb/.rustup/toolchains/nightly-2026-04-11-aarch64-apple-darwin/lib/rustlib/src/rust/library/alloc/src/vec/mod.rs	1840	profile_direct	/tmp/skv15-p1/profiles-interactive/p1a/parse_only__distinct_values__track1.json.gz
p1a_parse_only_track1	distinct_values	2	0.05	1	1989	read			libsystem_kernel.dylib	/tmp/skv15-p1/profiles-interactive/p1a/parse_only__distinct_values__track1.json.gz
p1a_parse_only_track1	github_events	1	99.43	4559	4585	profile_direct::parse_only_checksum	/Users/mkbabb/Programming/bbnf-lang-skv15-profile-279a60646/skinny/crates/bbnf-bench/src/bin/profile_direct.rs	213	profile_direct	/tmp/skv15-p1/profiles-interactive/p1a/parse_only__github_events__track1.json.gz
p1a_parse_only_track1	github_events	2	0.24	11	4585	mach_absolute_time			libsystem_kernel.dylib	/tmp/skv15-p1/profiles-interactive/p1a/parse_only__github_events__track1.json.gz
p1a_parse_only_track1	github_events	3	0.07	3	4585	std::fs::read::<&std::path::PathBuf>	/Users/mkbabb/.rustup/toolchains/nightly-2026-04-11-aarch64-apple-darwin/lib/rustlib/src/rust/library/std/src/fs.rs	349	profile_direct	/tmp/skv15-p1/profiles-interactive/p1a/parse_only__github_events__track1.json.gz
p1a_parse_only_track1	github_events	4	0.04	2	4585	read			libsystem_kernel.dylib	/tmp/skv15-p1/profiles-interactive/p1a/parse_only__github_events__track1.json.gz
p1a_parse_only_track1	github_events	5	0.04	2	4585	profile_direct::run_once	/Users/mkbabb/.rustup/toolchains/nightly-2026-04-11-aarch64-apple-darwin/lib/rustlib/src/rust/library/core/src/result.rs		profile_direct	/tmp/skv15-p1/profiles-interactive/p1a/parse_only__github_events__track1.json.gz
p1a_parse_only_track1	github_events	6	0.02	1	4585	0x2a8d8			libsystem_malloc.dylib	/tmp/skv15-p1/profiles-interactive/p1a/parse_only__github_events__track1.json.gz
p1a_parse_only_track1	github_events	7	0.02	1	4585	0x270e84			profile_direct	/tmp/skv15-p1/profiles-interactive/p1a/parse_only__github_events__track1.json.gz
p1a_parse_only_track1	github_events	8	0.02	1	4585	0x2b06c			libsystem_malloc.dylib	/tmp/skv15-p1/profiles-interactive/p1a/parse_only__github_events__track1.json.gz
p1a_parse_only_track1	github_events	9	0.02	1	4585	<alloc::raw_vec::RawVecInner>::grow_amortized	/Users/mkbabb/.rustup/toolchains/nightly-2026-04-11-aarch64-apple-darwin/lib/rustlib/src/rust/library/alloc/src/raw_vec/mod.rs	528	profile_direct	/tmp/skv15-p1/profiles-interactive/p1a/parse_only__github_events__track1.json.gz
p1a_parse_only_track1	github_events	10	0.02	1	4585	0x2b2a0			libsystem_malloc.dylib	/tmp/skv15-p1/profiles-interactive/p1a/parse_only__github_events__track1.json.gz
p1a_parse_only_track1	github_events	11	0.02	1	4585	0x36108			libsystem_malloc.dylib	/tmp/skv15-p1/profiles-interactive/p1a/parse_only__github_events__track1.json.gz
p1a_parse_only_track1	github_events	12	0.02	1	4585	0x3acb8			libsystem_malloc.dylib	/tmp/skv15-p1/profiles-interactive/p1a/parse_only__github_events__track1.json.gz
p1a_parse_only_track1	github_events	13	0.02	1	4585	0x2f5c4			libdyld.dylib	/tmp/skv15-p1/profiles-interactive/p1a/parse_only__github_events__track1.json.gz
p1a_parse_only_track1	gsoc-2018	1	99.81	1038	1040	<alloc::vec::Vec<runtime::generated_json::generated::ParseOnlyFrame>>::as_slice	/Users/mkbabb/.rustup/toolchains/nightly-2026-04-11-aarch64-apple-darwin/lib/rustlib/src/rust/library/alloc/src/vec/mod.rs	1840	profile_direct	/tmp/skv15-p1/profiles-interactive/p1a/parse_only__gsoc-2018__track1.json.gz
p1a_parse_only_track1	gsoc-2018	2	0.10	1	1040	read			libsystem_kernel.dylib	/tmp/skv15-p1/profiles-interactive/p1a/parse_only__gsoc-2018__track1.json.gz
p1a_parse_only_track1	gsoc-2018	3	0.10	1	1040	<std::sys::fd::unix::FileDesc>::read_buf	/rustc/02c7f9bec0fd583160f8bcccb830216023b07bee/library/std/src/sys/fd/unix.rs	179	profile_direct	/tmp/skv15-p1/profiles-interactive/p1a/parse_only__gsoc-2018__track1.json.gz
p1a_parse_only_track1	instruments	1	99.92	2510	2512	<alloc::vec::Vec<runtime::generated_json::generated::ParseOnlyFrame>>::as_slice	/Users/mkbabb/.rustup/toolchains/nightly-2026-04-11-aarch64-apple-darwin/lib/rustlib/src/rust/library/alloc/src/vec/mod.rs	1840	profile_direct	/tmp/skv15-p1/profiles-interactive/p1a/parse_only__instruments__track1.json.gz
p1a_parse_only_track1	instruments	2	0.04	1	2512	0x2b118			libsystem_malloc.dylib	/tmp/skv15-p1/profiles-interactive/p1a/parse_only__instruments__track1.json.gz
p1a_parse_only_track1	instruments	3	0.04	1	2512	mach_absolute_time			libsystem_kernel.dylib	/tmp/skv15-p1/profiles-interactive/p1a/parse_only__instruments__track1.json.gz
p1a_parse_only_track1	marine_ik	1	99.83	2914	2919	<alloc::vec::Vec<runtime::generated_json::generated::ParseOnlyFrame>>::push_mut	/Users/mkbabb/.rustup/toolchains/nightly-2026-04-11-aarch64-apple-darwin/lib/rustlib/src/rust/library/alloc/src/vec/mod.rs	1041	profile_direct	/tmp/skv15-p1/profiles-interactive/p1a/parse_only__marine_ik__track1.json.gz
p1a_parse_only_track1	marine_ik	2	0.03	1	2919	read			libsystem_kernel.dylib	/tmp/skv15-p1/profiles-interactive/p1a/parse_only__marine_ik__track1.json.gz
p1a_parse_only_track1	marine_ik	3	0.03	1	2919	core::str::validations::run_utf8_validation	/rustc/02c7f9bec0fd583160f8bcccb830216023b07bee/library/core/src/str/validations.rs	238	profile_direct	/tmp/skv15-p1/profiles-interactive/p1a/parse_only__marine_ik__track1.json.gz
p1a_parse_only_track1	marine_ik	4	0.03	1	2919	0x15810			libsystem_malloc.dylib	/tmp/skv15-p1/profiles-interactive/p1a/parse_only__marine_ik__track1.json.gz
p1a_parse_only_track1	marine_ik	5	0.03	1	2919	0x2a130			libsystem_malloc.dylib	/tmp/skv15-p1/profiles-interactive/p1a/parse_only__marine_ik__track1.json.gz
p1a_parse_only_track1	marine_ik	6	0.03	1	2919	0x32684			libsystem_malloc.dylib	/tmp/skv15-p1/profiles-interactive/p1a/parse_only__marine_ik__track1.json.gz
p1a_parse_only_track1	mesh	1	99.84	5677	5686	<alloc::vec::Vec<runtime::generated_json::generated::ParseOnlyFrame>>::push_mut	/Users/mkbabb/.rustup/toolchains/nightly-2026-04-11-aarch64-apple-darwin/lib/rustlib/src/rust/library/alloc/src/vec/mod.rs	1041	profile_direct	/tmp/skv15-p1/profiles-interactive/p1a/parse_only__mesh__track1.json.gz
p1a_parse_only_track1	mesh	2	0.05	3	5686	0x2b1d0			libsystem_malloc.dylib	/tmp/skv15-p1/profiles-interactive/p1a/parse_only__mesh__track1.json.gz
p1a_parse_only_track1	mesh	3	0.02	1	5686	read			libsystem_kernel.dylib	/tmp/skv15-p1/profiles-interactive/p1a/parse_only__mesh__track1.json.gz
p1a_parse_only_track1	mesh	4	0.02	1	5686	<std::sys::fd::unix::FileDesc>::read_buf	/rustc/02c7f9bec0fd583160f8bcccb830216023b07bee/library/std/src/sys/fd/unix.rs	179	profile_direct	/tmp/skv15-p1/profiles-interactive/p1a/parse_only__mesh__track1.json.gz
p1a_parse_only_track1	mesh	5	0.02	1	5686	__rustc::__rdl_alloc	/rustc/02c7f9bec0fd583160f8bcccb830216023b07bee/library/std/src/alloc.rs	450	profile_direct	/tmp/skv15-p1/profiles-interactive/p1a/parse_only__mesh__track1.json.gz
p1a_parse_only_track1	mesh	6	0.02	1	5686	0x31968			libsystem_malloc.dylib	/tmp/skv15-p1/profiles-interactive/p1a/parse_only__mesh__track1.json.gz
p1a_parse_only_track1	mesh	7	0.02	1	5686	0x32950			libsystem_malloc.dylib	/tmp/skv15-p1/profiles-interactive/p1a/parse_only__mesh__track1.json.gz
p1a_parse_only_track1	mesh	8	0.02	1	5686	0x2ff08			libsystem_malloc.dylib	/tmp/skv15-p1/profiles-interactive/p1a/parse_only__mesh__track1.json.gz
p1a_parse_only_track1	numbers	1	99.66	3270	3281	<alloc::vec::Vec<runtime::generated_json::generated::ParseOnlyFrame>>::push_mut	/Users/mkbabb/.rustup/toolchains/nightly-2026-04-11-aarch64-apple-darwin/lib/rustlib/src/rust/library/alloc/src/vec/mod.rs	1041	profile_direct	/tmp/skv15-p1/profiles-interactive/p1a/parse_only__numbers__track1.json.gz
p1a_parse_only_track1	numbers	2	0.12	4	3281	mach_absolute_time			libsystem_kernel.dylib	/tmp/skv15-p1/profiles-interactive/p1a/parse_only__numbers__track1.json.gz
p1a_parse_only_track1	numbers	3	0.06	2	3281	0x3ac4c			libsystem_malloc.dylib	/tmp/skv15-p1/profiles-interactive/p1a/parse_only__numbers__track1.json.gz
p1a_parse_only_track1	numbers	4	0.03	1	3281	__proc_info			libsystem_kernel.dylib	/tmp/skv15-p1/profiles-interactive/p1a/parse_only__numbers__track1.json.gz
p1a_parse_only_track1	numbers	5	0.03	1	3281	profile_direct::read_rusage_v5	/Users/mkbabb/Programming/bbnf-lang-skv15-profile-279a60646/skinny/crates/bbnf-bench/src/bin/profile_direct.rs	62	profile_direct	/tmp/skv15-p1/profiles-interactive/p1a/parse_only__numbers__track1.json.gz
p1a_parse_only_track1	numbers	6	0.03	1	3281	0x30074			libsystem_malloc.dylib	/tmp/skv15-p1/profiles-interactive/p1a/parse_only__numbers__track1.json.gz
p1a_parse_only_track1	numbers	7	0.03	1	3281	<alloc::raw_vec::RawVecInner>::grow_amortized	/Users/mkbabb/.rustup/toolchains/nightly-2026-04-11-aarch64-apple-darwin/lib/rustlib/src/rust/library/alloc/src/raw_vec/mod.rs	528	profile_direct	/tmp/skv15-p1/profiles-interactive/p1a/parse_only__numbers__track1.json.gz
p1a_parse_only_track1	numbers	8	0.03	1	3281	alloc::alloc::alloc	/Users/mkbabb/.rustup/toolchains/nightly-2026-04-11-aarch64-apple-darwin/lib/rustlib/src/rust/library/alloc/src/alloc.rs	101	profile_direct	/tmp/skv15-p1/profiles-interactive/p1a/parse_only__numbers__track1.json.gz
p1a_parse_only_track1	random	1	99.85	5450	5458	<alloc::vec::Vec<runtime::generated_json::generated::ParseOnlyFrame>>::push_mut	/Users/mkbabb/.rustup/toolchains/nightly-2026-04-11-aarch64-apple-darwin/lib/rustlib/src/rust/library/alloc/src/vec/mod.rs	1041	profile_direct	/tmp/skv15-p1/profiles-interactive/p1a/parse_only__random__track1.json.gz
p1a_parse_only_track1	random	2	0.04	2	5458	<usize>::wrapping_sub	/rustc/02c7f9bec0fd583160f8bcccb830216023b07bee/library/core/src/num/uint_macros.rs	2548	profile_direct	/tmp/skv15-p1/profiles-interactive/p1a/parse_only__random__track1.json.gz
p1a_parse_only_track1	random	3	0.04	2	5458	mach_absolute_time			libsystem_kernel.dylib	/tmp/skv15-p1/profiles-interactive/p1a/parse_only__random__track1.json.gz
p1a_parse_only_track1	random	4	0.04	2	5458	0x2b06c			libsystem_malloc.dylib	/tmp/skv15-p1/profiles-interactive/p1a/parse_only__random__track1.json.gz
p1a_parse_only_track1	random	5	0.02	1	5458	0x3a05c			libsystem_malloc.dylib	/tmp/skv15-p1/profiles-interactive/p1a/parse_only__random__track1.json.gz
p1a_parse_only_track1	random	6	0.02	1	5458	0x2a0ec			libsystem_malloc.dylib	/tmp/skv15-p1/profiles-interactive/p1a/parse_only__random__track1.json.gz
p1a_parse_only_track1	twitter	1	99.45	5648	5679	profile_direct::parse_only_checksum	/Users/mkbabb/.cargo/registry/src/index.crates.io-1949cf8c6b5b557f/sonic-rs-0.5.8/src/parser.rs		profile_direct	/tmp/skv15-p1/profiles-interactive/p1a/parse_only__twitter__track1.json.gz
p1a_parse_only_track1	twitter	2	0.07	4	5679	profile_direct::run_once	/Users/mkbabb/Programming/bbnf-lang-skv15-profile-279a60646/skinny/crates/bbnf-bench/src/bin/profile_direct.rs	154	profile_direct	/tmp/skv15-p1/profiles-interactive/p1a/parse_only__twitter__track1.json.gz
p1a_parse_only_track1	twitter	3	0.05	3	5679	0x2ff48			libsystem_malloc.dylib	/tmp/skv15-p1/profiles-interactive/p1a/parse_only__twitter__track1.json.gz
p1a_parse_only_track1	twitter	4	0.04	2	5679	profile_direct::main	/Users/mkbabb/Programming/bbnf-lang-skv15-profile-279a60646/skinny/crates/bbnf-bench/src/bin/profile_direct.rs	108	profile_direct	/tmp/skv15-p1/profiles-interactive/p1a/parse_only__twitter__track1.json.gz
p1a_parse_only_track1	twitter	5	0.04	2	5679	0x2b1d0			libsystem_malloc.dylib	/tmp/skv15-p1/profiles-interactive/p1a/parse_only__twitter__track1.json.gz
p1a_parse_only_track1	twitter	6	0.04	2	5679	mach_absolute_time			libsystem_kernel.dylib	/tmp/skv15-p1/profiles-interactive/p1a/parse_only__twitter__track1.json.gz
p1a_parse_only_track1	twitter	7	0.04	2	5679	0x3611c			libsystem_malloc.dylib	/tmp/skv15-p1/profiles-interactive/p1a/parse_only__twitter__track1.json.gz
p1a_parse_only_track1	twitter	8	0.04	2	5679	0x36108			libsystem_malloc.dylib	/tmp/skv15-p1/profiles-interactive/p1a/parse_only__twitter__track1.json.gz
p1a_parse_only_track1	twitter	9	0.04	2	5679	0x2af0c			libsystem_malloc.dylib	/tmp/skv15-p1/profiles-interactive/p1a/parse_only__twitter__track1.json.gz
p1a_parse_only_track1	twitter	10	0.02	1	5679	0x32880			libsystem_malloc.dylib	/tmp/skv15-p1/profiles-interactive/p1a/parse_only__twitter__track1.json.gz
p1a_parse_only_track1	twitter	11	0.02	1	5679	0x31c1c			libsystem_malloc.dylib	/tmp/skv15-p1/profiles-interactive/p1a/parse_only__twitter__track1.json.gz
p1a_parse_only_track1	twitter	12	0.02	1	5679	0x2a0d4			libsystem_malloc.dylib	/tmp/skv15-p1/profiles-interactive/p1a/parse_only__twitter__track1.json.gz
p1a_parse_only_track1	twitter	13	0.02	1	5679	0x270e84			profile_direct	/tmp/skv15-p1/profiles-interactive/p1a/parse_only__twitter__track1.json.gz
p1a_parse_only_track1	twitter	14	0.02	1	5679	0x2b06c			libsystem_malloc.dylib	/tmp/skv15-p1/profiles-interactive/p1a/parse_only__twitter__track1.json.gz
p1a_parse_only_track1	twitter	15	0.02	1	5679	0x32684			libsystem_malloc.dylib	/tmp/skv15-p1/profiles-interactive/p1a/parse_only__twitter__track1.json.gz
p1a_parse_only_track1	twitter	16	0.02	1	5679	0x3ac4c			libsystem_malloc.dylib	/tmp/skv15-p1/profiles-interactive/p1a/parse_only__twitter__track1.json.gz
p1a_parse_only_track1	twitter	17	0.02	1	5679	0x3c3c			libsystem_malloc.dylib	/tmp/skv15-p1/profiles-interactive/p1a/parse_only__twitter__track1.json.gz
p1a_parse_only_track1	twitter	18	0.02	1	5679	0x2888			libsystem_malloc.dylib	/tmp/skv15-p1/profiles-interactive/p1a/parse_only__twitter__track1.json.gz
p1a_parse_only_track1	twitter	19	0.02	1	5679	0x3556c			libsystem_malloc.dylib	/tmp/skv15-p1/profiles-interactive/p1a/parse_only__twitter__track1.json.gz
p1a_parse_only_track1	twitter	20	0.02	1	5679	<core::fmt::Formatter>::pad_integral	/rustc/02c7f9bec0fd583160f8bcccb830216023b07bee/library/core/src/fmt/mod.rs	1826	profile_direct	/tmp/skv15-p1/profiles-interactive/p1a/parse_only__twitter__track1.json.gz
p1a_parse_only_track1	unicode_basic	1	99.78	2666	2672	<alloc::vec::Vec<runtime::generated_json::generated::ParseOnlyFrame>>::as_slice	/Users/mkbabb/.rustup/toolchains/nightly-2026-04-11-aarch64-apple-darwin/lib/rustlib/src/rust/library/alloc/src/vec/mod.rs	1840	profile_direct	/tmp/skv15-p1/profiles-interactive/p1a/parse_only__unicode_basic__track1.json.gz
p1a_parse_only_track1	unicode_basic	2	0.11	3	2672	core::str::validations::run_utf8_validation	/rustc/02c7f9bec0fd583160f8bcccb830216023b07bee/library/core/src/str/validations.rs	224	profile_direct	/tmp/skv15-p1/profiles-interactive/p1a/parse_only__unicode_basic__track1.json.gz
p1a_parse_only_track1	unicode_basic	3	0.07	2	2672	read			libsystem_kernel.dylib	/tmp/skv15-p1/profiles-interactive/p1a/parse_only__unicode_basic__track1.json.gz
p1a_parse_only_track1	unicode_basic	4	0.04	1	2672	0x3ac98			libsystem_malloc.dylib	/tmp/skv15-p1/profiles-interactive/p1a/parse_only__unicode_basic__track1.json.gz
p1a_parse_only_track1	unicode_escapes	1	99.81	12141	12164	profile_direct::parse_only_checksum	/Users/mkbabb/.cargo/registry/src/index.crates.io-1949cf8c6b5b557f/sonic-rs-0.5.8/src/parser.rs		profile_direct	/tmp/skv15-p1/profiles-interactive/p1a/parse_only__unicode_escapes__track1.json.gz
p1a_parse_only_track1	unicode_escapes	2	0.03	4	12164	0x36108			libsystem_malloc.dylib	/tmp/skv15-p1/profiles-interactive/p1a/parse_only__unicode_escapes__track1.json.gz
p1a_parse_only_track1	unicode_escapes	3	0.02	3	12164	0x2b698			libsystem_malloc.dylib	/tmp/skv15-p1/profiles-interactive/p1a/parse_only__unicode_escapes__track1.json.gz
p1a_parse_only_track1	unicode_escapes	4	0.02	3	12164	0x2b06c			libsystem_malloc.dylib	/tmp/skv15-p1/profiles-interactive/p1a/parse_only__unicode_escapes__track1.json.gz
p1a_parse_only_track1	unicode_escapes	5	0.02	2	12164	read			libsystem_kernel.dylib	/tmp/skv15-p1/profiles-interactive/p1a/parse_only__unicode_escapes__track1.json.gz
p1a_parse_only_track1	unicode_escapes	6	0.02	2	12164	<alloc::raw_vec::RawVec<runtime::generated_json::generated::ParseOnlyFrame>>::grow_one	/Users/mkbabb/.rustup/toolchains/nightly-2026-04-11-aarch64-apple-darwin/lib/rustlib/src/rust/library/alloc/src/raw_vec/mod.rs	186	profile_direct	/tmp/skv15-p1/profiles-interactive/p1a/parse_only__unicode_escapes__track1.json.gz
p1a_parse_only_track1	unicode_escapes	7	0.02	2	12164	profile_direct::run_once	/Users/mkbabb/.rustup/toolchains/nightly-2026-04-11-aarch64-apple-darwin/lib/rustlib/src/rust/library/core/src/result.rs		profile_direct	/tmp/skv15-p1/profiles-interactive/p1a/parse_only__unicode_escapes__track1.json.gz
p1a_parse_only_track1	unicode_escapes	8	0.02	2	12164	0x2b1d0			libsystem_malloc.dylib	/tmp/skv15-p1/profiles-interactive/p1a/parse_only__unicode_escapes__track1.json.gz
p1a_parse_only_track1	unicode_escapes	9	0.01	1	12164	__rustc::__rdl_alloc	/rustc/02c7f9bec0fd583160f8bcccb830216023b07bee/library/std/src/alloc.rs	450	profile_direct	/tmp/skv15-p1/profiles-interactive/p1a/parse_only__unicode_escapes__track1.json.gz
p1a_parse_only_track1	unicode_escapes	10	0.01	1	12164	0x32a80			libsystem_malloc.dylib	/tmp/skv15-p1/profiles-interactive/p1a/parse_only__unicode_escapes__track1.json.gz
p1a_parse_only_track1	unicode_escapes	11	0.01	1	12164	<alloc::raw_vec::RawVecInner>::finish_grow	/Users/mkbabb/.rustup/toolchains/nightly-2026-04-11-aarch64-apple-darwin/lib/rustlib/src/rust/library/alloc/src/raw_vec/mod.rs	543	profile_direct	/tmp/skv15-p1/profiles-interactive/p1a/parse_only__unicode_escapes__track1.json.gz
p1a_parse_only_track1	unicode_escapes	12	0.01	1	12164	0x31700			libsystem_malloc.dylib	/tmp/skv15-p1/profiles-interactive/p1a/parse_only__unicode_escapes__track1.json.gz
p1a_parse_only_track1	unicode_escapes	13	0.01	1	12164	write			libsystem_kernel.dylib	/tmp/skv15-p1/profiles-interactive/p1a/parse_only__unicode_escapes__track1.json.gz
p1a_parse_only_track1	unicode_mixed	1	99.83	11871	11891	profile_direct::parse_only_checksum	/Users/mkbabb/.cargo/registry/src/index.crates.io-1949cf8c6b5b557f/sonic-rs-0.5.8/src/parser.rs		profile_direct	/tmp/skv15-p1/profiles-interactive/p1a/parse_only__unicode_mixed__track1.json.gz
p1a_parse_only_track1	unicode_mixed	2	0.03	3	11891	<usize>::wrapping_sub	/rustc/02c7f9bec0fd583160f8bcccb830216023b07bee/library/core/src/num/uint_macros.rs	2548	profile_direct	/tmp/skv15-p1/profiles-interactive/p1a/parse_only__unicode_mixed__track1.json.gz
p1a_parse_only_track1	unicode_mixed	3	0.02	2	11891	<[u8] as core::cmp::PartialEq>::eq	/Users/mkbabb/.rustup/toolchains/nightly-2026-04-11-aarch64-apple-darwin/lib/rustlib/src/rust/library/core/src/slice/cmp.rs	22	profile_direct	/tmp/skv15-p1/profiles-interactive/p1a/parse_only__unicode_mixed__track1.json.gz
p1a_parse_only_track1	unicode_mixed	4	0.01	1	11891	read			libsystem_kernel.dylib	/tmp/skv15-p1/profiles-interactive/p1a/parse_only__unicode_mixed__track1.json.gz
p1a_parse_only_track1	unicode_mixed	5	0.01	1	11891	core::sync::atomic::atomic_load::<*mut std::sys::pal::unix::sync::mutex::Mutex>	/rustc/02c7f9bec0fd583160f8bcccb830216023b07bee/library/core/src/sync/atomic.rs	3905	profile_direct	/tmp/skv15-p1/profiles-interactive/p1a/parse_only__unicode_mixed__track1.json.gz
p1a_parse_only_track1	unicode_mixed	6	0.01	1	11891	_platform_memset			libsystem_platform.dylib	/tmp/skv15-p1/profiles-interactive/p1a/parse_only__unicode_mixed__track1.json.gz
p1a_parse_only_track1	unicode_mixed	7	0.01	1	11891	0x2a8c0			libsystem_malloc.dylib	/tmp/skv15-p1/profiles-interactive/p1a/parse_only__unicode_mixed__track1.json.gz
p1a_parse_only_track1	unicode_mixed	8	0.01	1	11891	0x36108			libsystem_malloc.dylib	/tmp/skv15-p1/profiles-interactive/p1a/parse_only__unicode_mixed__track1.json.gz
p1a_parse_only_track1	unicode_mixed	9	0.01	1	11891	0x2b47c			libsystem_malloc.dylib	/tmp/skv15-p1/profiles-interactive/p1a/parse_only__unicode_mixed__track1.json.gz
p1a_parse_only_track1	unicode_mixed	10	0.01	1	11891	0x2ff78			libsystem_malloc.dylib	/tmp/skv15-p1/profiles-interactive/p1a/parse_only__unicode_mixed__track1.json.gz
p1a_parse_only_track1	unicode_mixed	11	0.01	1	11891	0x2b19c			libsystem_malloc.dylib	/tmp/skv15-p1/profiles-interactive/p1a/parse_only__unicode_mixed__track1.json.gz
p1a_parse_only_track1	unicode_mixed	12	0.01	1	11891	0x2b174			libsystem_malloc.dylib	/tmp/skv15-p1/profiles-interactive/p1a/parse_only__unicode_mixed__track1.json.gz
p1a_parse_only_track1	unicode_mixed	13	0.01	1	11891	0x328ac			libsystem_malloc.dylib	/tmp/skv15-p1/profiles-interactive/p1a/parse_only__unicode_mixed__track1.json.gz
p1a_parse_only_track1	unicode_mixed	14	0.01	1	11891	0x32aa0			libsystem_malloc.dylib	/tmp/skv15-p1/profiles-interactive/p1a/parse_only__unicode_mixed__track1.json.gz
p1a_parse_only_track1	unicode_mixed	15	0.01	1	11891	<alloc::raw_vec::RawVec<runtime::generated_json::generated::ParseOnlyFrame>>::grow_one	/Users/mkbabb/.rustup/toolchains/nightly-2026-04-11-aarch64-apple-darwin/lib/rustlib/src/rust/library/alloc/src/raw_vec/mod.rs	186	profile_direct	/tmp/skv15-p1/profiles-interactive/p1a/parse_only__unicode_mixed__track1.json.gz
p1a_parse_only_track1	unicode_mixed	16	0.01	1	11891	0x31f04			libsystem_malloc.dylib	/tmp/skv15-p1/profiles-interactive/p1a/parse_only__unicode_mixed__track1.json.gz
p1a_parse_only_track1	unicode_mixed	17	0.01	1	11891	mach_absolute_time			libsystem_kernel.dylib	/tmp/skv15-p1/profiles-interactive/p1a/parse_only__unicode_mixed__track1.json.gz
p1a_parse_only_track1	unicode_mixed	18	0.01	1	11891	write			libsystem_kernel.dylib	/tmp/skv15-p1/profiles-interactive/p1a/parse_only__unicode_mixed__track1.json.gz
p1a_parse_only_track1	update_center	1	99.82	3345	3351	<alloc::vec::Vec<runtime::generated_json::generated::ParseOnlyFrame>>::as_slice	/Users/mkbabb/.rustup/toolchains/nightly-2026-04-11-aarch64-apple-darwin/lib/rustlib/src/rust/library/alloc/src/vec/mod.rs	1840	profile_direct	/tmp/skv15-p1/profiles-interactive/p1a/parse_only__update_center__track1.json.gz
p1a_parse_only_track1	update_center	2	0.03	1	3351	read			libsystem_kernel.dylib	/tmp/skv15-p1/profiles-interactive/p1a/parse_only__update_center__track1.json.gz
p1a_parse_only_track1	update_center	3	0.03	1	3351	<std::sys::fd::unix::FileDesc>::read_buf	/rustc/02c7f9bec0fd583160f8bcccb830216023b07bee/library/std/src/sys/fd/unix.rs	179	profile_direct	/tmp/skv15-p1/profiles-interactive/p1a/parse_only__update_center__track1.json.gz
p1a_parse_only_track1	update_center	4	0.03	1	3351	0x2b4a8			libsystem_malloc.dylib	/tmp/skv15-p1/profiles-interactive/p1a/parse_only__update_center__track1.json.gz
p1a_parse_only_track1	update_center	5	0.03	1	3351	0x36108			libsystem_malloc.dylib	/tmp/skv15-p1/profiles-interactive/p1a/parse_only__update_center__track1.json.gz
p1a_parse_only_track1	update_center	6	0.03	1	3351	mach_absolute_time			libsystem_kernel.dylib	/tmp/skv15-p1/profiles-interactive/p1a/parse_only__update_center__track1.json.gz
p1a_parse_only_track1	update_center	7	0.03	1	3351	__proc_info			libsystem_kernel.dylib	/tmp/skv15-p1/profiles-interactive/p1a/parse_only__update_center__track1.json.gz
p1a_parse_only_track1	y_string_unicode	1	99.81	3112	3118	<alloc::vec::Vec<runtime::generated_json::generated::ParseOnlyFrame>>::as_slice	/Users/mkbabb/.rustup/toolchains/nightly-2026-04-11-aarch64-apple-darwin/lib/rustlib/src/rust/library/alloc/src/vec/mod.rs	1840	profile_direct	/tmp/skv15-p1/profiles-interactive/p1a/parse_only__y_string_unicode__track1.json.gz
p1a_parse_only_track1	y_string_unicode	2	0.10	3	3118	mach_absolute_time			libsystem_kernel.dylib	/tmp/skv15-p1/profiles-interactive/p1a/parse_only__y_string_unicode__track1.json.gz
p1a_parse_only_track1	y_string_unicode	3	0.03	1	3118	read			libsystem_kernel.dylib	/tmp/skv15-p1/profiles-interactive/p1a/parse_only__y_string_unicode__track1.json.gz
p1a_parse_only_track1	y_string_unicode	4	0.03	1	3118	0x2b06c			libsystem_malloc.dylib	/tmp/skv15-p1/profiles-interactive/p1a/parse_only__y_string_unicode__track1.json.gz
p1a_parse_only_track1	y_string_unicode	5	0.03	1	3118	0x36108			libsystem_malloc.dylib	/tmp/skv15-p1/profiles-interactive/p1a/parse_only__y_string_unicode__track1.json.gz
p1b_direct_strict_track1	apache_builds	1	43.90	942	2146	<u64>::wrapping_add	/Users/mkbabb/.rustup/toolchains/nightly-2026-04-11-aarch64-apple-darwin/lib/rustlib/src/rust/library/core/src/num/uint_macros.rs	2511	profile_direct	/tmp/skv15-p1/profiles-interactive/p1b/direct_strict_track1__apache_builds.json.gz
p1b_direct_strict_track1	apache_builds	2	37.42	803	2146	bbnf_bench::generated_real_typed::parse_option_scalar_string	/Users/mkbabb/Programming/bbnf-lang-skv15-profile-279a60646/skinny/crates/bbnf-bench/src/generated_real_typed.rs	2951	profile_direct	/tmp/skv15-p1/profiles-interactive/p1b/direct_strict_track1__apache_builds.json.gz
p1b_direct_strict_track1	apache_builds	3	17.61	378	2146	<[u8] as core::cmp::PartialEq>::eq	/Users/mkbabb/.rustup/toolchains/nightly-2026-04-11-aarch64-apple-darwin/lib/rustlib/src/rust/library/core/src/slice/cmp.rs		profile_direct	/tmp/skv15-p1/profiles-interactive/p1b/direct_strict_track1__apache_builds.json.gz
p1b_direct_strict_track1	apache_builds	4	0.56	12	2146	core::ptr::drop_in_place::<[bbnf_bench::real_typed_struct::ApacheJob]>	/Users/mkbabb/.rustup/toolchains/nightly-2026-04-11-aarch64-apple-darwin/lib/rustlib/src/rust/library/core/src/ptr/mod.rs	810	profile_direct	/tmp/skv15-p1/profiles-interactive/p1b/direct_strict_track1__apache_builds.json.gz
p1b_direct_strict_track1	apache_builds	5	0.28	6	2146	parse_that_regex::skip_ascii_whitespace	/Users/mkbabb/Programming/bbnf-lang-skv15-profile-279a60646/skinny/crates/parse-that-regex/src/lib.rs	121	profile_direct	/tmp/skv15-p1/profiles-interactive/p1b/direct_strict_track1__apache_builds.json.gz
p1b_direct_strict_track1	apache_builds	6	0.09	2	2146	<bbnf_bench::generated_real_typed::DirectParser>::skip_array	/Users/mkbabb/Programming/bbnf-lang-skv15-profile-279a60646/skinny/crates/bbnf-bench/src/generated_real_typed.rs	4219	profile_direct	/tmp/skv15-p1/profiles-interactive/p1b/direct_strict_track1__apache_builds.json.gz
p1b_direct_strict_track1	apache_builds	7	0.05	1	2146	mach_absolute_time			libsystem_kernel.dylib	/tmp/skv15-p1/profiles-interactive/p1b/direct_strict_track1__apache_builds.json.gz
p1b_direct_strict_track1	apache_builds	8	0.05	1	2146	0x2a0d4			libsystem_malloc.dylib	/tmp/skv15-p1/profiles-interactive/p1b/direct_strict_track1__apache_builds.json.gz
p1b_direct_strict_track1	apache_builds	9	0.05	1	2146	<core::cell::Cell<isize>>::get	/rustc/02c7f9bec0fd583160f8bcccb830216023b07bee/library/core/src/cell.rs	555	profile_direct	/tmp/skv15-p1/profiles-interactive/p1b/direct_strict_track1__apache_builds.json.gz
p1b_direct_strict_track1	canada	1	33.70	5625	16690	bbnf_bench::real_typed_struct::typed_checksum	/Users/mkbabb/Programming/bbnf-lang-skv15-profile-279a60646/skinny/crates/bbnf-bench/src/real_typed_struct.rs		profile_direct	/tmp/skv15-p1/profiles-interactive/p1b/direct_strict_track1__canada.json.gz
p1b_direct_strict_track1	canada	2	32.59	5439	16690	parse_that_regex::skip_ascii_whitespace	/Users/mkbabb/Programming/bbnf-lang-skv15-profile-279a60646/skinny/crates/parse-that-regex/src/lib.rs		profile_direct	/tmp/skv15-p1/profiles-interactive/p1b/direct_strict_track1__canada.json.gz
p1b_direct_strict_track1	canada	3	10.37	1730	16690	core::str::validations::run_utf8_validation	/rustc/02c7f9bec0fd583160f8bcccb830216023b07bee/library/core/src/str/validations.rs	133	profile_direct	/tmp/skv15-p1/profiles-interactive/p1b/direct_strict_track1__canada.json.gz
p1b_direct_strict_track1	canada	4	1.83	306	16690	_platform_memset			libsystem_platform.dylib	/tmp/skv15-p1/profiles-interactive/p1b/direct_strict_track1__canada.json.gz
p1b_direct_strict_track1	canada	5	1.14	191	16690	core::ptr::drop_in_place::<alloc::vec::Vec<alloc::vec::Vec<alloc::borrow::Cow<str>>>>	/Users/mkbabb/.rustup/toolchains/nightly-2026-04-11-aarch64-apple-darwin/lib/rustlib/src/rust/library/core/src/ptr/mod.rs	810	profile_direct	/tmp/skv15-p1/profiles-interactive/p1b/direct_strict_track1__canada.json.gz
p1b_direct_strict_track1	canada	6	0.92	154	16690	0x2b450			libsystem_malloc.dylib	/tmp/skv15-p1/profiles-interactive/p1b/direct_strict_track1__canada.json.gz
p1b_direct_strict_track1	canada	7	0.68	114	16690	0x2ffd4			libsystem_malloc.dylib	/tmp/skv15-p1/profiles-interactive/p1b/direct_strict_track1__canada.json.gz
p1b_direct_strict_track1	canada	8	0.55	92	16690	0x2a8c8			libsystem_malloc.dylib	/tmp/skv15-p1/profiles-interactive/p1b/direct_strict_track1__canada.json.gz
p1b_direct_strict_track1	canada	9	0.53	89	16690	0x270e88			profile_direct	/tmp/skv15-p1/profiles-interactive/p1b/direct_strict_track1__canada.json.gz
p1b_direct_strict_track1	canada	10	0.50	84	16690	0x3ac4c			libsystem_malloc.dylib	/tmp/skv15-p1/profiles-interactive/p1b/direct_strict_track1__canada.json.gz
p1b_direct_strict_track1	canada	11	0.50	84	16690	0x2b320			libsystem_malloc.dylib	/tmp/skv15-p1/profiles-interactive/p1b/direct_strict_track1__canada.json.gz
p1b_direct_strict_track1	canada	12	0.47	78	16690	0x3a044			libsystem_malloc.dylib	/tmp/skv15-p1/profiles-interactive/p1b/direct_strict_track1__canada.json.gz
p1b_direct_strict_track1	canada	13	0.46	76	16690	0x2a138			libsystem_malloc.dylib	/tmp/skv15-p1/profiles-interactive/p1b/direct_strict_track1__canada.json.gz
p1b_direct_strict_track1	canada	14	0.41	69	16690	0x270ec4			profile_direct	/tmp/skv15-p1/profiles-interactive/p1b/direct_strict_track1__canada.json.gz
p1b_direct_strict_track1	canada	15	0.39	65	16690	0x2fff0			libsystem_malloc.dylib	/tmp/skv15-p1/profiles-interactive/p1b/direct_strict_track1__canada.json.gz
p1b_direct_strict_track1	canada	16	0.38	63	16690	0x427f8			libsystem_malloc.dylib	/tmp/skv15-p1/profiles-interactive/p1b/direct_strict_track1__canada.json.gz
p1b_direct_strict_track1	canada	17	0.36	60	16690	0x2a1a8			libsystem_malloc.dylib	/tmp/skv15-p1/profiles-interactive/p1b/direct_strict_track1__canada.json.gz
p1b_direct_strict_track1	canada	18	0.35	59	16690	0x2b088			libsystem_malloc.dylib	/tmp/skv15-p1/profiles-interactive/p1b/direct_strict_track1__canada.json.gz
p1b_direct_strict_track1	canada	19	0.35	58	16690	0x2b68c			libsystem_malloc.dylib	/tmp/skv15-p1/profiles-interactive/p1b/direct_strict_track1__canada.json.gz
p1b_direct_strict_track1	canada	20	0.35	58	16690	0x2b1cc			libsystem_malloc.dylib	/tmp/skv15-p1/profiles-interactive/p1b/direct_strict_track1__canada.json.gz
p1b_direct_strict_track1	citm_catalog	1	74.74	429	574	<bbnf_bench::generated_real_typed::DirectParser>::skip_value	/Users/mkbabb/Programming/bbnf-lang-skv15-profile-279a60646/skinny/crates/bbnf-bench/src/generated_real_typed.rs	4174	profile_direct	/tmp/skv15-p1/profiles-interactive/p1b/direct_strict_track1__citm_catalog.json.gz
p1b_direct_strict_track1	citm_catalog	2	13.76	79	574	<bbnf_bench::generated_real_typed::DirectParser>::skip_array	/Users/mkbabb/Programming/bbnf-lang-skv15-profile-279a60646/skinny/crates/bbnf-bench/src/generated_real_typed.rs	4212	profile_direct	/tmp/skv15-p1/profiles-interactive/p1b/direct_strict_track1__citm_catalog.json.gz
p1b_direct_strict_track1	citm_catalog	3	3.83	22	574	bbnf_bench::generated_real_typed::parse_type_citm_catalog	/Users/mkbabb/Programming/bbnf-lang-skv15-profile-279a60646/skinny/crates/bbnf-bench/src/generated_real_typed.rs	421	profile_direct	/tmp/skv15-p1/profiles-interactive/p1b/direct_strict_track1__citm_catalog.json.gz
p1b_direct_strict_track1	citm_catalog	4	3.14	18	574	parse_that_regex::skip_ascii_whitespace	/Users/mkbabb/Programming/bbnf-lang-skv15-profile-279a60646/skinny/crates/parse-that-regex/src/lib.rs	121	profile_direct	/tmp/skv15-p1/profiles-interactive/p1b/direct_strict_track1__citm_catalog.json.gz
p1b_direct_strict_track1	citm_catalog	5	1.74	10	574	<bbnf_bench::generated_real_typed::DirectParser>::ws	/Users/mkbabb/Programming/bbnf-lang-skv15-profile-279a60646/skinny/crates/bbnf-bench/src/generated_real_typed.rs	3763	profile_direct	/tmp/skv15-p1/profiles-interactive/p1b/direct_strict_track1__citm_catalog.json.gz
p1b_direct_strict_track1	citm_catalog	6	0.87	5	574	<core::ptr::non_null::NonNull<u8> as core::cmp::PartialEq>::eq	/Users/mkbabb/.rustup/toolchains/nightly-2026-04-11-aarch64-apple-darwin/lib/rustlib/src/rust/library/core/src/ptr/non_null.rs	1717	profile_direct	/tmp/skv15-p1/profiles-interactive/p1b/direct_strict_track1__citm_catalog.json.gz
p1b_direct_strict_track1	citm_catalog	7	0.35	2	574	0x2b450			libsystem_malloc.dylib	/tmp/skv15-p1/profiles-interactive/p1b/direct_strict_track1__citm_catalog.json.gz
p1b_direct_strict_track1	citm_catalog	8	0.17	1	574	read			libsystem_kernel.dylib	/tmp/skv15-p1/profiles-interactive/p1b/direct_strict_track1__citm_catalog.json.gz
p1b_direct_strict_track1	citm_catalog	9	0.17	1	574	<usize as core::slice::index::SliceIndex<[u8]>>::get	/Users/mkbabb/.rustup/toolchains/nightly-2026-04-11-aarch64-apple-darwin/lib/rustlib/src/rust/library/core/src/slice/index.rs	219	profile_direct	/tmp/skv15-p1/profiles-interactive/p1b/direct_strict_track1__citm_catalog.json.gz
p1b_direct_strict_track1	citm_catalog	10	0.17	1	574	0x2b080			libsystem_malloc.dylib	/tmp/skv15-p1/profiles-interactive/p1b/direct_strict_track1__citm_catalog.json.gz
p1b_direct_strict_track1	citm_catalog	11	0.17	1	574	0x2b320			libsystem_malloc.dylib	/tmp/skv15-p1/profiles-interactive/p1b/direct_strict_track1__citm_catalog.json.gz
p1b_direct_strict_track1	citm_catalog	12	0.17	1	574	0x3ac4c			libsystem_malloc.dylib	/tmp/skv15-p1/profiles-interactive/p1b/direct_strict_track1__citm_catalog.json.gz
p1b_direct_strict_track1	citm_catalog	13	0.17	1	574	__bzero			libsystem_platform.dylib	/tmp/skv15-p1/profiles-interactive/p1b/direct_strict_track1__citm_catalog.json.gz
p1b_direct_strict_track1	citm_catalog	14	0.17	1	574	0x2b318			libsystem_malloc.dylib	/tmp/skv15-p1/profiles-interactive/p1b/direct_strict_track1__citm_catalog.json.gz
p1b_direct_strict_track1	citm_catalog	15	0.17	1	574	0x2ffe0			libsystem_malloc.dylib	/tmp/skv15-p1/profiles-interactive/p1b/direct_strict_track1__citm_catalog.json.gz
p1b_direct_strict_track1	citm_catalog	16	0.17	1	574	0x300ac			libsystem_malloc.dylib	/tmp/skv15-p1/profiles-interactive/p1b/direct_strict_track1__citm_catalog.json.gz
p1b_direct_strict_track1	distinct_values	1	44.46	2177	4896	alloc::alloc::alloc	/Users/mkbabb/.rustup/toolchains/nightly-2026-04-11-aarch64-apple-darwin/lib/rustlib/src/rust/library/alloc/src/alloc.rs	101	profile_direct	/tmp/skv15-p1/profiles-interactive/p1b/direct_strict_track1__distinct_values.json.gz
p1b_direct_strict_track1	distinct_values	2	38.03	1862	4896	bbnf_bench::real_typed_struct::checksum_distinct_values	/Users/mkbabb/Programming/bbnf-lang-skv15-profile-279a60646/skinny/crates/bbnf-bench/src/real_typed_struct.rs		profile_direct	/tmp/skv15-p1/profiles-interactive/p1b/direct_strict_track1__distinct_values.json.gz
p1b_direct_strict_track1	distinct_values	3	4.58	224	4896	bbnf_bench::generated_real_typed::parse_option_scalar_string	/Users/mkbabb/Programming/bbnf-lang-skv15-profile-279a60646/skinny/crates/bbnf-bench/src/generated_real_typed.rs	2951	profile_direct	/tmp/skv15-p1/profiles-interactive/p1b/direct_strict_track1__distinct_values.json.gz
p1b_direct_strict_track1	distinct_values	4	2.25	110	4896	core::ptr::drop_in_place::<bbnf_bench::real_typed_struct::DistinctValue>	/Users/mkbabb/.rustup/toolchains/nightly-2026-04-11-aarch64-apple-darwin/lib/rustlib/src/rust/library/core/src/ptr/mod.rs	810	profile_direct	/tmp/skv15-p1/profiles-interactive/p1b/direct_strict_track1__distinct_values.json.gz
p1b_direct_strict_track1	distinct_values	5	1.61	79	4896	<bbnf_bench::generated_real_typed::DirectParser>::ws	/Users/mkbabb/Programming/bbnf-lang-skv15-profile-279a60646/skinny/crates/bbnf-bench/src/generated_real_typed.rs	3763	profile_direct	/tmp/skv15-p1/profiles-interactive/p1b/direct_strict_track1__distinct_values.json.gz
p1b_direct_strict_track1	distinct_values	6	0.51	25	4896	_platform_memset			libsystem_platform.dylib	/tmp/skv15-p1/profiles-interactive/p1b/direct_strict_track1__distinct_values.json.gz
p1b_direct_strict_track1	distinct_values	7	0.41	20	4896	0x3000c			libsystem_malloc.dylib	/tmp/skv15-p1/profiles-interactive/p1b/direct_strict_track1__distinct_values.json.gz
p1b_direct_strict_track1	distinct_values	8	0.39	19	4896	__bzero			libsystem_platform.dylib	/tmp/skv15-p1/profiles-interactive/p1b/direct_strict_track1__distinct_values.json.gz
p1b_direct_strict_track1	distinct_values	9	0.33	16	4896	0x2b450			libsystem_malloc.dylib	/tmp/skv15-p1/profiles-interactive/p1b/direct_strict_track1__distinct_values.json.gz
p1b_direct_strict_track1	distinct_values	10	0.29	14	4896	0x2b1cc			libsystem_malloc.dylib	/tmp/skv15-p1/profiles-interactive/p1b/direct_strict_track1__distinct_values.json.gz
p1b_direct_strict_track1	distinct_values	11	0.25	12	4896	mach_absolute_time			libsystem_kernel.dylib	/tmp/skv15-p1/profiles-interactive/p1b/direct_strict_track1__distinct_values.json.gz
p1b_direct_strict_track1	distinct_values	12	0.22	11	4896	read			libsystem_kernel.dylib	/tmp/skv15-p1/profiles-interactive/p1b/direct_strict_track1__distinct_values.json.gz
p1b_direct_strict_track1	distinct_values	13	0.22	11	4896	0x2a0d4			libsystem_malloc.dylib	/tmp/skv15-p1/profiles-interactive/p1b/direct_strict_track1__distinct_values.json.gz
p1b_direct_strict_track1	distinct_values	14	0.20	10	4896	_platform_memmove			libsystem_platform.dylib	/tmp/skv15-p1/profiles-interactive/p1b/direct_strict_track1__distinct_values.json.gz
p1b_direct_strict_track1	distinct_values	15	0.20	10	4896	0x2ffd4			libsystem_malloc.dylib	/tmp/skv15-p1/profiles-interactive/p1b/direct_strict_track1__distinct_values.json.gz
p1b_direct_strict_track1	distinct_values	16	0.20	10	4896	0x2b06c			libsystem_malloc.dylib	/tmp/skv15-p1/profiles-interactive/p1b/direct_strict_track1__distinct_values.json.gz
p1b_direct_strict_track1	distinct_values	17	0.18	9	4896	0x2b110			libsystem_malloc.dylib	/tmp/skv15-p1/profiles-interactive/p1b/direct_strict_track1__distinct_values.json.gz
p1b_direct_strict_track1	distinct_values	18	0.18	9	4896	0x2b68c			libsystem_malloc.dylib	/tmp/skv15-p1/profiles-interactive/p1b/direct_strict_track1__distinct_values.json.gz
p1b_direct_strict_track1	distinct_values	19	0.16	8	4896	0x2a138			libsystem_malloc.dylib	/tmp/skv15-p1/profiles-interactive/p1b/direct_strict_track1__distinct_values.json.gz
p1b_direct_strict_track1	distinct_values	20	0.14	7	4896	0x30078			libsystem_malloc.dylib	/tmp/skv15-p1/profiles-interactive/p1b/direct_strict_track1__distinct_values.json.gz
p1b_direct_strict_track1	github_events	1	37.94	579	1526	<bbnf_bench::generated_real_typed::DirectParser>::skip_value	/Users/mkbabb/Programming/bbnf-lang-skv15-profile-279a60646/skinny/crates/bbnf-bench/src/generated_real_typed.rs	4174	profile_direct	/tmp/skv15-p1/profiles-interactive/p1b/direct_strict_track1__github_events.json.gz
p1b_direct_strict_track1	github_events	2	17.69	270	1526	bbnf_bench::real_typed_struct::checksum_github_actor	/Users/mkbabb/Programming/bbnf-lang-skv15-profile-279a60646/skinny/crates/bbnf-bench/src/real_typed_struct.rs	1915	profile_direct	/tmp/skv15-p1/profiles-interactive/p1b/direct_strict_track1__github_events.json.gz
p1b_direct_strict_track1	github_events	3	17.23	263	1526	<bbnf_bench::generated_real_typed::DirectParser>::ws	/Users/mkbabb/Programming/bbnf-lang-skv15-profile-279a60646/skinny/crates/bbnf-bench/src/generated_real_typed.rs	3763	profile_direct	/tmp/skv15-p1/profiles-interactive/p1b/direct_strict_track1__github_events.json.gz
p1b_direct_strict_track1	github_events	4	13.70	209	1526	bbnf_bench::generated_real_typed::parse_option_scalar_string	/Users/mkbabb/Programming/bbnf-lang-skv15-profile-279a60646/skinny/crates/bbnf-bench/src/generated_real_typed.rs	2951	profile_direct	/tmp/skv15-p1/profiles-interactive/p1b/direct_strict_track1__github_events.json.gz
p1b_direct_strict_track1	github_events	5	11.21	171	1526	<core::slice::iter::Iter<bbnf_bench::real_typed_struct::GithubEvent> as core::iter::traits::iterator::Iterator>::next	/Users/mkbabb/.rustup/toolchains/nightly-2026-04-11-aarch64-apple-darwin/lib/rustlib/src/rust/library/core/src/slice/iter/macros.rs	180	profile_direct	/tmp/skv15-p1/profiles-interactive/p1b/direct_strict_track1__github_events.json.gz
p1b_direct_strict_track1	github_events	6	0.66	10	1526	_platform_memmove			libsystem_platform.dylib	/tmp/skv15-p1/profiles-interactive/p1b/direct_strict_track1__github_events.json.gz
p1b_direct_strict_track1	github_events	7	0.66	10	1526	parse_that_regex::skip_ascii_whitespace	/Users/mkbabb/Programming/bbnf-lang-skv15-profile-279a60646/skinny/crates/parse-that-regex/src/lib.rs	121	profile_direct	/tmp/skv15-p1/profiles-interactive/p1b/direct_strict_track1__github_events.json.gz
p1b_direct_strict_track1	github_events	8	0.39	6	1526	bbnf_bench::generated_real_typed::parse_vec_cap_30_type_github_event	/Users/mkbabb/Programming/bbnf-lang-skv15-profile-279a60646/skinny/crates/bbnf-bench/src/generated_real_typed.rs	2823	profile_direct	/tmp/skv15-p1/profiles-interactive/p1b/direct_strict_track1__github_events.json.gz
p1b_direct_strict_track1	github_events	9	0.26	4	1526	core::ptr::drop_in_place::<bbnf_bench::real_typed_struct::GithubActor>	/Users/mkbabb/.rustup/toolchains/nightly-2026-04-11-aarch64-apple-darwin/lib/rustlib/src/rust/library/core/src/ptr/mod.rs	810	profile_direct	/tmp/skv15-p1/profiles-interactive/p1b/direct_strict_track1__github_events.json.gz
p1b_direct_strict_track1	github_events	10	0.20	3	1526	core::ptr::drop_in_place::<bbnf_bench::real_typed_struct::GithubPayload>	/Users/mkbabb/.rustup/toolchains/nightly-2026-04-11-aarch64-apple-darwin/lib/rustlib/src/rust/library/core/src/ptr/mod.rs	810	profile_direct	/tmp/skv15-p1/profiles-interactive/p1b/direct_strict_track1__github_events.json.gz
p1b_direct_strict_track1	github_events	11	0.07	1	1526	__proc_info			libsystem_kernel.dylib	/tmp/skv15-p1/profiles-interactive/p1b/direct_strict_track1__github_events.json.gz
p1b_direct_strict_track1	gsoc-2018	1	99.03	3479	3513	<bbnf_bench::generated_real_typed::DirectParser>::ws	/Users/mkbabb/Programming/bbnf-lang-skv15-profile-279a60646/skinny/crates/bbnf-bench/src/generated_real_typed.rs	3763	profile_direct	/tmp/skv15-p1/profiles-interactive/p1b/direct_strict_track1__gsoc-2018.json.gz
p1b_direct_strict_track1	gsoc-2018	2	0.34	12	3513	_platform_memmove			libsystem_platform.dylib	/tmp/skv15-p1/profiles-interactive/p1b/direct_strict_track1__gsoc-2018.json.gz
p1b_direct_strict_track1	gsoc-2018	3	0.34	12	3513	<core::option::Option<&u8>>::copied	/Users/mkbabb/.rustup/toolchains/nightly-2026-04-11-aarch64-apple-darwin/lib/rustlib/src/rust/library/core/src/option.rs	2141	profile_direct	/tmp/skv15-p1/profiles-interactive/p1b/direct_strict_track1__gsoc-2018.json.gz
p1b_direct_strict_track1	gsoc-2018	4	0.11	4	3513	core::ptr::drop_in_place::<bbnf_bench::real_typed_struct::GsocSponsor>	/Users/mkbabb/.rustup/toolchains/nightly-2026-04-11-aarch64-apple-darwin/lib/rustlib/src/rust/library/core/src/ptr/mod.rs	810	profile_direct	/tmp/skv15-p1/profiles-interactive/p1b/direct_strict_track1__gsoc-2018.json.gz
p1b_direct_strict_track1	gsoc-2018	5	0.06	2	3513	<bbnf_bench::real_typed_struct::DecodedJsonString>::fingerprint	/Users/mkbabb/Programming/bbnf-lang-skv15-profile-279a60646/skinny/crates/bbnf-bench/src/real_typed_struct.rs	792	profile_direct	/tmp/skv15-p1/profiles-interactive/p1b/direct_strict_track1__gsoc-2018.json.gz
p1b_direct_strict_track1	gsoc-2018	6	0.03	1	3513	read			libsystem_kernel.dylib	/tmp/skv15-p1/profiles-interactive/p1b/direct_strict_track1__gsoc-2018.json.gz
p1b_direct_strict_track1	gsoc-2018	7	0.03	1	3513	<std::sys::fd::unix::FileDesc>::read_buf	/rustc/02c7f9bec0fd583160f8bcccb830216023b07bee/library/std/src/sys/fd/unix.rs	179	profile_direct	/tmp/skv15-p1/profiles-interactive/p1b/direct_strict_track1__gsoc-2018.json.gz
p1b_direct_strict_track1	gsoc-2018	8	0.03	1	3513	core::char::methods::encode_utf8_raw_unchecked	/Users/mkbabb/.rustup/toolchains/nightly-2026-04-11-aarch64-apple-darwin/lib/rustlib/src/rust/library/core/src/char/methods.rs		profile_direct	/tmp/skv15-p1/profiles-interactive/p1b/direct_strict_track1__gsoc-2018.json.gz
p1b_direct_strict_track1	gsoc-2018	9	0.03	1	3513	core::ptr::drop_in_place::<bbnf_bench::real_typed_struct::DecodedJsonStringRepr>	/Users/mkbabb/.rustup/toolchains/nightly-2026-04-11-aarch64-apple-darwin/lib/rustlib/src/rust/library/core/src/ptr/mod.rs	810	profile_direct	/tmp/skv15-p1/profiles-interactive/p1b/direct_strict_track1__gsoc-2018.json.gz
p1b_direct_strict_track1	instruments	1	31.24	329	1053	bbnf_bench::generated_real_typed::parse_type_instrument	/Users/mkbabb/Programming/bbnf-lang-skv15-profile-279a60646/skinny/crates/bbnf-bench/src/generated_real_typed.rs	2154	profile_direct	/tmp/skv15-p1/profiles-interactive/p1b/direct_strict_track1__instruments.json.gz
p1b_direct_strict_track1	instruments	2	27.07	285	1053	parse_that_regex::skip_ascii_whitespace	/Users/mkbabb/Programming/bbnf-lang-skv15-profile-279a60646/skinny/crates/parse-that-regex/src/lib.rs	121	profile_direct	/tmp/skv15-p1/profiles-interactive/p1b/direct_strict_track1__instruments.json.gz
p1b_direct_strict_track1	instruments	3	18.42	194	1053	<bbnf_bench::generated_real_typed::DirectParser>::tiny_plain_string_end	/Users/mkbabb/Programming/bbnf-lang-skv15-profile-279a60646/skinny/crates/bbnf-bench/src/generated_real_typed.rs	4249	profile_direct	/tmp/skv15-p1/profiles-interactive/p1b/direct_strict_track1__instruments.json.gz
p1b_direct_strict_track1	instruments	4	13.20	139	1053	parse_that_regex::skip_ascii_whitespace	/Users/mkbabb/Programming/bbnf-lang-skv15-profile-279a60646/skinny/crates/parse-that-regex/src/lib.rs		profile_direct	/tmp/skv15-p1/profiles-interactive/p1b/direct_strict_track1__instruments.json.gz
p1b_direct_strict_track1	instruments	5	1.90	20	1053	bbnf_bench::generated_real_typed::parse_option_scalar_string	/Users/mkbabb/Programming/bbnf-lang-skv15-profile-279a60646/skinny/crates/bbnf-bench/src/generated_real_typed.rs	2951	profile_direct	/tmp/skv15-p1/profiles-interactive/p1b/direct_strict_track1__instruments.json.gz
p1b_direct_strict_track1	instruments	6	1.71	18	1053	bbnf_bench::real_typed_struct::checksum_instrument	/Users/mkbabb/Programming/bbnf-lang-skv15-profile-279a60646/skinny/crates/bbnf-bench/src/real_typed_struct.rs	2190	profile_direct	/tmp/skv15-p1/profiles-interactive/p1b/direct_strict_track1__instruments.json.gz
p1b_direct_strict_track1	instruments	7	1.04	11	1053	parse_that_regex::number::materialize_u64	/Users/mkbabb/Programming/bbnf-lang-skv15-profile-279a60646/skinny/crates/parse-that-regex/src/number/mod.rs	248	profile_direct	/tmp/skv15-p1/profiles-interactive/p1b/direct_strict_track1__instruments.json.gz
p1b_direct_strict_track1	instruments	8	0.66	7	1053	<bbnf_bench::generated_real_typed::DirectParser>::ws	/Users/mkbabb/Programming/bbnf-lang-skv15-profile-279a60646/skinny/crates/bbnf-bench/src/generated_real_typed.rs	3763	profile_direct	/tmp/skv15-p1/profiles-interactive/p1b/direct_strict_track1__instruments.json.gz
p1b_direct_strict_track1	instruments	9	0.47	5	1053	0x2b450			libsystem_malloc.dylib	/tmp/skv15-p1/profiles-interactive/p1b/direct_strict_track1__instruments.json.gz
p1b_direct_strict_track1	instruments	10	0.38	4	1053	0x3ac98			libsystem_malloc.dylib	/tmp/skv15-p1/profiles-interactive/p1b/direct_strict_track1__instruments.json.gz
p1b_direct_strict_track1	instruments	11	0.38	4	1053	0x2b088			libsystem_malloc.dylib	/tmp/skv15-p1/profiles-interactive/p1b/direct_strict_track1__instruments.json.gz
p1b_direct_strict_track1	instruments	12	0.28	3	1053	<core::option::Option<bbnf_bench::real_typed_struct::InstrumentEnvelope>>::as_ref	/Users/mkbabb/.rustup/toolchains/nightly-2026-04-11-aarch64-apple-darwin/lib/rustlib/src/rust/library/core/src/option.rs	745	profile_direct	/tmp/skv15-p1/profiles-interactive/p1b/direct_strict_track1__instruments.json.gz
p1b_direct_strict_track1	instruments	13	0.28	3	1053	__bzero			libsystem_platform.dylib	/tmp/skv15-p1/profiles-interactive/p1b/direct_strict_track1__instruments.json.gz
p1b_direct_strict_track1	instruments	14	0.28	3	1053	0x2a0d4			libsystem_malloc.dylib	/tmp/skv15-p1/profiles-interactive/p1b/direct_strict_track1__instruments.json.gz
p1b_direct_strict_track1	instruments	15	0.28	3	1053	0x2b06c			libsystem_malloc.dylib	/tmp/skv15-p1/profiles-interactive/p1b/direct_strict_track1__instruments.json.gz
p1b_direct_strict_track1	instruments	16	0.19	2	1053	core::ptr::drop_in_place::<[bbnf_bench::real_typed_struct::Instrument]>	/Users/mkbabb/.rustup/toolchains/nightly-2026-04-11-aarch64-apple-darwin/lib/rustlib/src/rust/library/core/src/ptr/mod.rs	810	profile_direct	/tmp/skv15-p1/profiles-interactive/p1b/direct_strict_track1__instruments.json.gz
p1b_direct_strict_track1	instruments	17	0.19	2	1053	mach_absolute_time			libsystem_kernel.dylib	/tmp/skv15-p1/profiles-interactive/p1b/direct_strict_track1__instruments.json.gz
p1b_direct_strict_track1	instruments	18	0.19	2	1053	0x2b174			libsystem_malloc.dylib	/tmp/skv15-p1/profiles-interactive/p1b/direct_strict_track1__instruments.json.gz
p1b_direct_strict_track1	instruments	19	0.19	2	1053	0x3ac70			libsystem_malloc.dylib	/tmp/skv15-p1/profiles-interactive/p1b/direct_strict_track1__instruments.json.gz
p1b_direct_strict_track1	instruments	20	0.19	2	1053	0x3a044			libsystem_malloc.dylib	/tmp/skv15-p1/profiles-interactive/p1b/direct_strict_track1__instruments.json.gz
p1b_direct_strict_track1	marine_ik	1	41.55	698	1680	bbnf_bench::generated_real_typed::parse_type_marine_geometry_data	/Users/mkbabb/Programming/bbnf-lang-skv15-profile-279a60646/skinny/crates/bbnf-bench/src/generated_real_typed.rs	2078	profile_direct	/tmp/skv15-p1/profiles-interactive/p1b/direct_strict_track1__marine_ik.json.gz
p1b_direct_strict_track1	marine_ik	2	40.36	678	1680	<bbnf_bench::generated_real_typed::DirectParser>::skip_value	/Users/mkbabb/Programming/bbnf-lang-skv15-profile-279a60646/skinny/crates/bbnf-bench/src/generated_real_typed.rs	4174	profile_direct	/tmp/skv15-p1/profiles-interactive/p1b/direct_strict_track1__marine_ik.json.gz
p1b_direct_strict_track1	marine_ik	3	8.45	142	1680	bbnf_bench::real_typed_struct::mix	/Users/mkbabb/Programming/bbnf-lang-skv15-profile-279a60646/skinny/crates/bbnf-bench/src/real_typed_struct.rs	2479	profile_direct	/tmp/skv15-p1/profiles-interactive/p1b/direct_strict_track1__marine_ik.json.gz
p1b_direct_strict_track1	marine_ik	4	6.01	101	1680	<bbnf_bench::generated_real_typed::DirectParser>::skip_array	/Users/mkbabb/Programming/bbnf-lang-skv15-profile-279a60646/skinny/crates/bbnf-bench/src/generated_real_typed.rs	4212	profile_direct	/tmp/skv15-p1/profiles-interactive/p1b/direct_strict_track1__marine_ik.json.gz
p1b_direct_strict_track1	marine_ik	5	3.51	59	1680	parse_that_regex::number::materialize_f64	/Users/mkbabb/Programming/bbnf-lang-skv15-profile-279a60646/skinny/crates/parse-that-regex/src/number/mod.rs	261	profile_direct	/tmp/skv15-p1/profiles-interactive/p1b/direct_strict_track1__marine_ik.json.gz
p1b_direct_strict_track1	marine_ik	6	0.06	1	1680	read			libsystem_kernel.dylib	/tmp/skv15-p1/profiles-interactive/p1b/direct_strict_track1__marine_ik.json.gz
p1b_direct_strict_track1	marine_ik	7	0.06	1	1680	<std::sys::fd::unix::FileDesc>::read_buf	/rustc/02c7f9bec0fd583160f8bcccb830216023b07bee/library/std/src/sys/fd/unix.rs	179	profile_direct	/tmp/skv15-p1/profiles-interactive/p1b/direct_strict_track1__marine_ik.json.gz
p1b_direct_strict_track1	mesh	1	42.79	965	2255	bbnf_bench::generated_real_typed::parse_type_mesh	/Users/mkbabb/Programming/bbnf-lang-skv15-profile-279a60646/skinny/crates/bbnf-bench/src/generated_real_typed.rs	1886	profile_direct	/tmp/skv15-p1/profiles-interactive/p1b/direct_strict_track1__mesh.json.gz
p1b_direct_strict_track1	mesh	2	26.30	593	2255	<bbnf_bench::generated_real_typed::DirectParser>::ws	/Users/mkbabb/Programming/bbnf-lang-skv15-profile-279a60646/skinny/crates/bbnf-bench/src/generated_real_typed.rs	3763	profile_direct	/tmp/skv15-p1/profiles-interactive/p1b/direct_strict_track1__mesh.json.gz
p1b_direct_strict_track1	mesh	3	15.25	344	2255	bbnf_bench::real_typed_struct::fold_f64_slice	/Users/mkbabb/Programming/bbnf-lang-skv15-profile-279a60646/skinny/crates/bbnf-bench/src/real_typed_struct.rs	2403	profile_direct	/tmp/skv15-p1/profiles-interactive/p1b/direct_strict_track1__mesh.json.gz
p1b_direct_strict_track1	mesh	4	7.27	164	2255	parse_that_regex::number::materialize_f64	/Users/mkbabb/Programming/bbnf-lang-skv15-profile-279a60646/skinny/crates/parse-that-regex/src/number/mod.rs	261	profile_direct	/tmp/skv15-p1/profiles-interactive/p1b/direct_strict_track1__mesh.json.gz
p1b_direct_strict_track1	mesh	5	0.53	12	2255	0x2b088			libsystem_malloc.dylib	/tmp/skv15-p1/profiles-interactive/p1b/direct_strict_track1__mesh.json.gz
p1b_direct_strict_track1	mesh	6	0.53	12	2255	0x2b450			libsystem_malloc.dylib	/tmp/skv15-p1/profiles-interactive/p1b/direct_strict_track1__mesh.json.gz
p1b_direct_strict_track1	mesh	7	0.35	8	2255	0x2b06c			libsystem_malloc.dylib	/tmp/skv15-p1/profiles-interactive/p1b/direct_strict_track1__mesh.json.gz
p1b_direct_strict_track1	mesh	8	0.31	7	2255	0x30160			libsystem_malloc.dylib	/tmp/skv15-p1/profiles-interactive/p1b/direct_strict_track1__mesh.json.gz
p1b_direct_strict_track1	mesh	9	0.31	7	2255	__rustc::__rdl_alloc	/rustc/02c7f9bec0fd583160f8bcccb830216023b07bee/library/std/src/alloc.rs	450	profile_direct	/tmp/skv15-p1/profiles-interactive/p1b/direct_strict_track1__mesh.json.gz
p1b_direct_strict_track1	mesh	10	0.31	7	2255	0x3a044			libsystem_malloc.dylib	/tmp/skv15-p1/profiles-interactive/p1b/direct_strict_track1__mesh.json.gz
p1b_direct_strict_track1	mesh	11	0.27	6	2255	0x300a8			libsystem_malloc.dylib	/tmp/skv15-p1/profiles-interactive/p1b/direct_strict_track1__mesh.json.gz
p1b_direct_strict_track1	mesh	12	0.27	6	2255	0x30078			libsystem_malloc.dylib	/tmp/skv15-p1/profiles-interactive/p1b/direct_strict_track1__mesh.json.gz
p1b_direct_strict_track1	mesh	13	0.27	6	2255	0x2b2a0			libsystem_malloc.dylib	/tmp/skv15-p1/profiles-interactive/p1b/direct_strict_track1__mesh.json.gz
p1b_direct_strict_track1	mesh	14	0.27	6	2255	0x2a0d4			libsystem_malloc.dylib	/tmp/skv15-p1/profiles-interactive/p1b/direct_strict_track1__mesh.json.gz
p1b_direct_strict_track1	mesh	15	0.22	5	2255	0x2ffd4			libsystem_malloc.dylib	/tmp/skv15-p1/profiles-interactive/p1b/direct_strict_track1__mesh.json.gz
p1b_direct_strict_track1	mesh	16	0.22	5	2255	0x2a8c8			libsystem_malloc.dylib	/tmp/skv15-p1/profiles-interactive/p1b/direct_strict_track1__mesh.json.gz
p1b_direct_strict_track1	mesh	17	0.22	5	2255	0x2ff2c			libsystem_malloc.dylib	/tmp/skv15-p1/profiles-interactive/p1b/direct_strict_track1__mesh.json.gz
p1b_direct_strict_track1	mesh	18	0.22	5	2255	0x2a144			libsystem_malloc.dylib	/tmp/skv15-p1/profiles-interactive/p1b/direct_strict_track1__mesh.json.gz
p1b_direct_strict_track1	mesh	19	0.22	5	2255	0x3ac98			libsystem_malloc.dylib	/tmp/skv15-p1/profiles-interactive/p1b/direct_strict_track1__mesh.json.gz
p1b_direct_strict_track1	mesh	20	0.18	4	2255	0x270ec4			profile_direct	/tmp/skv15-p1/profiles-interactive/p1b/direct_strict_track1__mesh.json.gz
p1b_direct_strict_track1	numbers	1	73.56	1736	2360	alloc::alloc::alloc	/Users/mkbabb/.rustup/toolchains/nightly-2026-04-11-aarch64-apple-darwin/lib/rustlib/src/rust/library/alloc/src/alloc.rs	101	profile_direct	/tmp/skv15-p1/profiles-interactive/p1b/direct_strict_track1__numbers.json.gz
p1b_direct_strict_track1	numbers	2	13.18	311	2360	bbnf_bench::real_typed_struct::fold_f64_slice	/Users/mkbabb/Programming/bbnf-lang-skv15-profile-279a60646/skinny/crates/bbnf-bench/src/real_typed_struct.rs	2403	profile_direct	/tmp/skv15-p1/profiles-interactive/p1b/direct_strict_track1__numbers.json.gz
p1b_direct_strict_track1	numbers	3	12.84	303	2360	parse_that_regex::number::materialize_f64	/Users/mkbabb/Programming/bbnf-lang-skv15-profile-279a60646/skinny/crates/parse-that-regex/src/number/mod.rs	261	profile_direct	/tmp/skv15-p1/profiles-interactive/p1b/direct_strict_track1__numbers.json.gz
p1b_direct_strict_track1	numbers	4	0.08	2	2360	mach_absolute_time			libsystem_kernel.dylib	/tmp/skv15-p1/profiles-interactive/p1b/direct_strict_track1__numbers.json.gz
p1b_direct_strict_track1	numbers	5	0.04	1	2360	0x14130			libsystem_malloc.dylib	/tmp/skv15-p1/profiles-interactive/p1b/direct_strict_track1__numbers.json.gz
p1b_direct_strict_track1	numbers	6	0.04	1	2360	0x3ac84			libsystem_malloc.dylib	/tmp/skv15-p1/profiles-interactive/p1b/direct_strict_track1__numbers.json.gz
p1b_direct_strict_track1	numbers	7	0.04	1	2360	0x33438			libsystem_malloc.dylib	/tmp/skv15-p1/profiles-interactive/p1b/direct_strict_track1__numbers.json.gz
p1b_direct_strict_track1	numbers	8	0.04	1	2360	0x1431c			libsystem_malloc.dylib	/tmp/skv15-p1/profiles-interactive/p1b/direct_strict_track1__numbers.json.gz
p1b_direct_strict_track1	numbers	9	0.04	1	2360	0x2b06c			libsystem_malloc.dylib	/tmp/skv15-p1/profiles-interactive/p1b/direct_strict_track1__numbers.json.gz
p1b_direct_strict_track1	numbers	10	0.04	1	2360	_kernelrpc_mach_vm_map_trap			libsystem_kernel.dylib	/tmp/skv15-p1/profiles-interactive/p1b/direct_strict_track1__numbers.json.gz
p1b_direct_strict_track1	numbers	11	0.04	1	2360	0x15810			libsystem_malloc.dylib	/tmp/skv15-p1/profiles-interactive/p1b/direct_strict_track1__numbers.json.gz
p1b_direct_strict_track1	numbers	12	0.04	1	2360	write			libsystem_kernel.dylib	/tmp/skv15-p1/profiles-interactive/p1b/direct_strict_track1__numbers.json.gz
p1b_direct_strict_track1	random	1	37.09	932	2513	<bbnf_bench::generated_real_typed::DirectParser>::ws	/Users/mkbabb/Programming/bbnf-lang-skv15-profile-279a60646/skinny/crates/bbnf-bench/src/generated_real_typed.rs	3763	profile_direct	/tmp/skv15-p1/profiles-interactive/p1b/direct_strict_track1__random.json.gz
p1b_direct_strict_track1	random	2	31.32	787	2513	bbnf_bench::generated_real_typed::parse_option_scalar_string	/Users/mkbabb/Programming/bbnf-lang-skv15-profile-279a60646/skinny/crates/bbnf-bench/src/generated_real_typed.rs	2951	profile_direct	/tmp/skv15-p1/profiles-interactive/p1b/direct_strict_track1__random.json.gz
p1b_direct_strict_track1	random	3	27.06	680	2513	bbnf_bench::real_typed_struct::checksum_random	/Users/mkbabb/Programming/bbnf-lang-skv15-profile-279a60646/skinny/crates/bbnf-bench/src/real_typed_struct.rs		profile_direct	/tmp/skv15-p1/profiles-interactive/p1b/direct_strict_track1__random.json.gz
p1b_direct_strict_track1	random	4	0.56	14	2513	core::ptr::drop_in_place::<bbnf_bench::real_typed_struct::RandomUser>	/Users/mkbabb/.rustup/toolchains/nightly-2026-04-11-aarch64-apple-darwin/lib/rustlib/src/rust/library/core/src/ptr/mod.rs	810	profile_direct	/tmp/skv15-p1/profiles-interactive/p1b/direct_strict_track1__random.json.gz
p1b_direct_strict_track1	random	5	0.28	7	2513	0x2b450			libsystem_malloc.dylib	/tmp/skv15-p1/profiles-interactive/p1b/direct_strict_track1__random.json.gz
p1b_direct_strict_track1	random	6	0.24	6	2513	0x2b06c			libsystem_malloc.dylib	/tmp/skv15-p1/profiles-interactive/p1b/direct_strict_track1__random.json.gz
p1b_direct_strict_track1	random	7	0.20	5	2513	__rustc::__rdl_alloc	/rustc/02c7f9bec0fd583160f8bcccb830216023b07bee/library/std/src/alloc.rs	450	profile_direct	/tmp/skv15-p1/profiles-interactive/p1b/direct_strict_track1__random.json.gz
p1b_direct_strict_track1	random	8	0.20	5	2513	0x2a0d4			libsystem_malloc.dylib	/tmp/skv15-p1/profiles-interactive/p1b/direct_strict_track1__random.json.gz
p1b_direct_strict_track1	random	9	0.16	4	2513	0x3ac4c			libsystem_malloc.dylib	/tmp/skv15-p1/profiles-interactive/p1b/direct_strict_track1__random.json.gz
p1b_direct_strict_track1	random	10	0.16	4	2513	0x2b1ac			libsystem_malloc.dylib	/tmp/skv15-p1/profiles-interactive/p1b/direct_strict_track1__random.json.gz
p1b_direct_strict_track1	random	11	0.16	4	2513	__bzero			libsystem_platform.dylib	/tmp/skv15-p1/profiles-interactive/p1b/direct_strict_track1__random.json.gz
p1b_direct_strict_track1	random	12	0.12	3	2513	0x2b088			libsystem_malloc.dylib	/tmp/skv15-p1/profiles-interactive/p1b/direct_strict_track1__random.json.gz
p1b_direct_strict_track1	random	13	0.12	3	2513	0x30078			libsystem_malloc.dylib	/tmp/skv15-p1/profiles-interactive/p1b/direct_strict_track1__random.json.gz
p1b_direct_strict_track1	random	14	0.12	3	2513	mach_absolute_time			libsystem_kernel.dylib	/tmp/skv15-p1/profiles-interactive/p1b/direct_strict_track1__random.json.gz
p1b_direct_strict_track1	random	15	0.12	3	2513	0x270ec4			profile_direct	/tmp/skv15-p1/profiles-interactive/p1b/direct_strict_track1__random.json.gz
p1b_direct_strict_track1	random	16	0.08	2	2513	0x2aa10			libsystem_malloc.dylib	/tmp/skv15-p1/profiles-interactive/p1b/direct_strict_track1__random.json.gz
p1b_direct_strict_track1	random	17	0.08	2	2513	0x3a0b0			libsystem_malloc.dylib	/tmp/skv15-p1/profiles-interactive/p1b/direct_strict_track1__random.json.gz
p1b_direct_strict_track1	random	18	0.08	2	2513	0x2fee0			libsystem_malloc.dylib	/tmp/skv15-p1/profiles-interactive/p1b/direct_strict_track1__random.json.gz
p1b_direct_strict_track1	random	19	0.08	2	2513	0x2b2b0			libsystem_malloc.dylib	/tmp/skv15-p1/profiles-interactive/p1b/direct_strict_track1__random.json.gz
p1b_direct_strict_track1	random	20	0.08	2	2513	0x2ffe0			libsystem_malloc.dylib	/tmp/skv15-p1/profiles-interactive/p1b/direct_strict_track1__random.json.gz
p1b_direct_strict_track1	twitter	1	75.19	788	1048	<bbnf_bench::generated_real_typed::DirectParser>::skip_value	/Users/mkbabb/Programming/bbnf-lang-skv15-profile-279a60646/skinny/crates/bbnf-bench/src/generated_real_typed.rs	4174	profile_direct	/tmp/skv15-p1/profiles-interactive/p1b/direct_strict_track1__twitter.json.gz
p1b_direct_strict_track1	twitter	2	12.60	132	1048	<core::slice::iter::Iter<bbnf_bench::real_typed_struct::Tweet> as core::iter::traits::iterator::Iterator>::next	/Users/mkbabb/.rustup/toolchains/nightly-2026-04-11-aarch64-apple-darwin/lib/rustlib/src/rust/library/core/src/slice/iter/macros.rs	180	profile_direct	/tmp/skv15-p1/profiles-interactive/p1b/direct_strict_track1__twitter.json.gz
p1b_direct_strict_track1	twitter	3	8.87	93	1048	parse_that_regex::skip_ascii_whitespace	/Users/mkbabb/Programming/bbnf-lang-skv15-profile-279a60646/skinny/crates/parse-that-regex/src/lib.rs	121	profile_direct	/tmp/skv15-p1/profiles-interactive/p1b/direct_strict_track1__twitter.json.gz
p1b_direct_strict_track1	twitter	4	1.24	13	1048	<bbnf_bench::generated_real_typed::DirectParser>::tiny_plain_string_end	/Users/mkbabb/Programming/bbnf-lang-skv15-profile-279a60646/skinny/crates/bbnf-bench/src/generated_real_typed.rs	4249	profile_direct	/tmp/skv15-p1/profiles-interactive/p1b/direct_strict_track1__twitter.json.gz
p1b_direct_strict_track1	twitter	5	1.05	11	1048	<bbnf_bench::generated_real_typed::DirectParser>::skip_array	/Users/mkbabb/Programming/bbnf-lang-skv15-profile-279a60646/skinny/crates/bbnf-bench/src/generated_real_typed.rs	4212	profile_direct	/tmp/skv15-p1/profiles-interactive/p1b/direct_strict_track1__twitter.json.gz
p1b_direct_strict_track1	twitter	6	0.57	6	1048	parse_that_regex::string_escape_control_mask	/Users/mkbabb/Programming/bbnf-lang-skv15-profile-279a60646/skinny/crates/parse-that-regex/src/lib.rs	988	profile_direct	/tmp/skv15-p1/profiles-interactive/p1b/direct_strict_track1__twitter.json.gz
p1b_direct_strict_track1	twitter	7	0.19	2	1048	parse_that_regex::number::match_number_span_from_first	/Users/mkbabb/Programming/bbnf-lang-skv15-profile-279a60646/skinny/crates/parse-that-regex/src/number/mod.rs	56	profile_direct	/tmp/skv15-p1/profiles-interactive/p1b/direct_strict_track1__twitter.json.gz
p1b_direct_strict_track1	twitter	8	0.10	1	1048	read			libsystem_kernel.dylib	/tmp/skv15-p1/profiles-interactive/p1b/direct_strict_track1__twitter.json.gz
p1b_direct_strict_track1	twitter	9	0.10	1	1048	_platform_memset			libsystem_platform.dylib	/tmp/skv15-p1/profiles-interactive/p1b/direct_strict_track1__twitter.json.gz
p1b_direct_strict_track1	twitter	10	0.10	1	1048	_platform_memmove			libsystem_platform.dylib	/tmp/skv15-p1/profiles-interactive/p1b/direct_strict_track1__twitter.json.gz
p1b_direct_strict_track1	unicode_basic	1	44.13	1361	3084	bbnf_bench::real_typed_struct::checksum_unicode_basic	/Users/mkbabb/Programming/bbnf-lang-skv15-profile-279a60646/skinny/crates/bbnf-bench/src/real_typed_struct.rs		profile_direct	/tmp/skv15-p1/profiles-interactive/p1b/direct_strict_track1__unicode_basic.json.gz
p1b_direct_strict_track1	unicode_basic	2	24.84	766	3084	parse_that_regex::skip_ascii_whitespace	/Users/mkbabb/Programming/bbnf-lang-skv15-profile-279a60646/skinny/crates/parse-that-regex/src/lib.rs	121	profile_direct	/tmp/skv15-p1/profiles-interactive/p1b/direct_strict_track1__unicode_basic.json.gz
p1b_direct_strict_track1	unicode_basic	3	16.73	516	3084	bbnf_bench::generated_real_typed::parse_option_scalar_string	/Users/mkbabb/Programming/bbnf-lang-skv15-profile-279a60646/skinny/crates/bbnf-bench/src/generated_real_typed.rs	2951	profile_direct	/tmp/skv15-p1/profiles-interactive/p1b/direct_strict_track1__unicode_basic.json.gz
p1b_direct_strict_track1	unicode_basic	4	4.73	146	3084	<bbnf_bench::generated_real_typed::DirectParser>::ws	/Users/mkbabb/Programming/bbnf-lang-skv15-profile-279a60646/skinny/crates/bbnf-bench/src/generated_real_typed.rs	3763	profile_direct	/tmp/skv15-p1/profiles-interactive/p1b/direct_strict_track1__unicode_basic.json.gz
p1b_direct_strict_track1	unicode_basic	5	0.75	23	3084	0x2a0d4			libsystem_malloc.dylib	/tmp/skv15-p1/profiles-interactive/p1b/direct_strict_track1__unicode_basic.json.gz
p1b_direct_strict_track1	unicode_basic	6	0.71	22	3084	core::ptr::drop_in_place::<bbnf_bench::real_typed_struct::UnicodeBasicRecord>	/Users/mkbabb/.rustup/toolchains/nightly-2026-04-11-aarch64-apple-darwin/lib/rustlib/src/rust/library/core/src/ptr/mod.rs	810	profile_direct	/tmp/skv15-p1/profiles-interactive/p1b/direct_strict_track1__unicode_basic.json.gz
p1b_direct_strict_track1	unicode_basic	7	0.68	21	3084	0x2b06c			libsystem_malloc.dylib	/tmp/skv15-p1/profiles-interactive/p1b/direct_strict_track1__unicode_basic.json.gz
p1b_direct_strict_track1	unicode_basic	8	0.49	15	3084	__bzero			libsystem_platform.dylib	/tmp/skv15-p1/profiles-interactive/p1b/direct_strict_track1__unicode_basic.json.gz
p1b_direct_strict_track1	unicode_basic	9	0.49	15	3084	0x2b088			libsystem_malloc.dylib	/tmp/skv15-p1/profiles-interactive/p1b/direct_strict_track1__unicode_basic.json.gz
p1b_direct_strict_track1	unicode_basic	10	0.36	11	3084	0x2b450			libsystem_malloc.dylib	/tmp/skv15-p1/profiles-interactive/p1b/direct_strict_track1__unicode_basic.json.gz
p1b_direct_strict_track1	unicode_basic	11	0.29	9	3084	0x3a064			libsystem_malloc.dylib	/tmp/skv15-p1/profiles-interactive/p1b/direct_strict_track1__unicode_basic.json.gz
p1b_direct_strict_track1	unicode_basic	12	0.29	9	3084	0x3ac4c			libsystem_malloc.dylib	/tmp/skv15-p1/profiles-interactive/p1b/direct_strict_track1__unicode_basic.json.gz
p1b_direct_strict_track1	unicode_basic	13	0.26	8	3084	0x270e88			profile_direct	/tmp/skv15-p1/profiles-interactive/p1b/direct_strict_track1__unicode_basic.json.gz
p1b_direct_strict_track1	unicode_basic	14	0.23	7	3084	0x2a144			libsystem_malloc.dylib	/tmp/skv15-p1/profiles-interactive/p1b/direct_strict_track1__unicode_basic.json.gz
p1b_direct_strict_track1	unicode_basic	15	0.19	6	3084	0x3ac70			libsystem_malloc.dylib	/tmp/skv15-p1/profiles-interactive/p1b/direct_strict_track1__unicode_basic.json.gz
p1b_direct_strict_track1	unicode_basic	16	0.19	6	3084	0x2b318			libsystem_malloc.dylib	/tmp/skv15-p1/profiles-interactive/p1b/direct_strict_track1__unicode_basic.json.gz
p1b_direct_strict_track1	unicode_basic	17	0.19	6	3084	__rustc::__rdl_alloc	/rustc/02c7f9bec0fd583160f8bcccb830216023b07bee/library/std/src/alloc.rs	450	profile_direct	/tmp/skv15-p1/profiles-interactive/p1b/direct_strict_track1__unicode_basic.json.gz
p1b_direct_strict_track1	unicode_basic	18	0.19	6	3084	0x2ffe0			libsystem_malloc.dylib	/tmp/skv15-p1/profiles-interactive/p1b/direct_strict_track1__unicode_basic.json.gz
p1b_direct_strict_track1	unicode_basic	19	0.19	6	3084	0x30078			libsystem_malloc.dylib	/tmp/skv15-p1/profiles-interactive/p1b/direct_strict_track1__unicode_basic.json.gz
p1b_direct_strict_track1	unicode_basic	20	0.16	5	3084	0x2a8c8			libsystem_malloc.dylib	/tmp/skv15-p1/profiles-interactive/p1b/direct_strict_track1__unicode_basic.json.gz
p1b_direct_strict_track1	unicode_escapes	1	99.56	7424	7457	parse_that_regex::skip_ascii_whitespace	/Users/mkbabb/Programming/bbnf-lang-skv15-profile-279a60646/skinny/crates/parse-that-regex/src/lib.rs	121	profile_direct	/tmp/skv15-p1/profiles-interactive/p1b/direct_strict_track1__unicode_escapes.json.gz
p1b_direct_strict_track1	unicode_escapes	2	0.30	22	7457	<bbnf_bench::generated_real_typed::DirectParser>::ws	/Users/mkbabb/Programming/bbnf-lang-skv15-profile-279a60646/skinny/crates/bbnf-bench/src/generated_real_typed.rs	3763	profile_direct	/tmp/skv15-p1/profiles-interactive/p1b/direct_strict_track1__unicode_escapes.json.gz
p1b_direct_strict_track1	unicode_escapes	3	0.11	8	7457	bbnf_bench::real_typed_struct::typed_checksum	/Users/mkbabb/Programming/bbnf-lang-skv15-profile-279a60646/skinny/crates/bbnf-bench/src/real_typed_struct.rs	1747	profile_direct	/tmp/skv15-p1/profiles-interactive/p1b/direct_strict_track1__unicode_escapes.json.gz
p1b_direct_strict_track1	unicode_escapes	4	0.01	1	7457	read			libsystem_kernel.dylib	/tmp/skv15-p1/profiles-interactive/p1b/direct_strict_track1__unicode_escapes.json.gz
p1b_direct_strict_track1	unicode_escapes	5	0.01	1	7457	0x334fc			libsystem_malloc.dylib	/tmp/skv15-p1/profiles-interactive/p1b/direct_strict_track1__unicode_escapes.json.gz
p1b_direct_strict_track1	unicode_escapes	6	0.01	1	7457	profile_direct::run_once	/Users/mkbabb/Programming/bbnf-lang-skv15-profile-279a60646/skinny/crates/bbnf-bench/src/bin/profile_direct.rs	154	profile_direct	/tmp/skv15-p1/profiles-interactive/p1b/direct_strict_track1__unicode_escapes.json.gz
p1b_direct_strict_track1	unicode_mixed	1	95.24	4626	4857	bbnf_bench::generated_real_typed::parse_type_unicode_mixed_document	/Users/mkbabb/Programming/bbnf-lang-skv15-profile-279a60646/skinny/crates/bbnf-bench/src/generated_real_typed.rs	1362	profile_direct	/tmp/skv15-p1/profiles-interactive/p1b/direct_strict_track1__unicode_mixed.json.gz
p1b_direct_strict_track1	unicode_mixed	2	3.99	194	4857	<bbnf_bench::generated_real_typed::DirectParser>::ws	/Users/mkbabb/Programming/bbnf-lang-skv15-profile-279a60646/skinny/crates/bbnf-bench/src/generated_real_typed.rs	3763	profile_direct	/tmp/skv15-p1/profiles-interactive/p1b/direct_strict_track1__unicode_mixed.json.gz
p1b_direct_strict_track1	unicode_mixed	3	0.58	28	4857	<core::option::Option<u64>>::map_or_else::<u64, bbnf_bench::real_typed_struct::fold_opt_u64::{closure#0}, bbnf_bench::real_typed_struct::fold_opt_u64::{closure#1}>	/Users/mkbabb/.rustup/toolchains/nightly-2026-04-11-aarch64-apple-darwin/lib/rustlib/src/rust/library/core/src/option.rs	1276	profile_direct	/tmp/skv15-p1/profiles-interactive/p1b/direct_strict_track1__unicode_mixed.json.gz
p1b_direct_strict_track1	unicode_mixed	4	0.08	4	4857	alloc::alloc::dealloc_nonnull	/Users/mkbabb/.rustup/toolchains/nightly-2026-04-11-aarch64-apple-darwin/lib/rustlib/src/rust/library/alloc/src/alloc.rs	128	profile_direct	/tmp/skv15-p1/profiles-interactive/p1b/direct_strict_track1__unicode_mixed.json.gz
p1b_direct_strict_track1	unicode_mixed	5	0.04	2	4857	core::str::validations::run_utf8_validation	/rustc/02c7f9bec0fd583160f8bcccb830216023b07bee/library/core/src/str/validations.rs	217	profile_direct	/tmp/skv15-p1/profiles-interactive/p1b/direct_strict_track1__unicode_mixed.json.gz
p1b_direct_strict_track1	unicode_mixed	6	0.02	1	4857	read			libsystem_kernel.dylib	/tmp/skv15-p1/profiles-interactive/p1b/direct_strict_track1__unicode_mixed.json.gz
p1b_direct_strict_track1	unicode_mixed	7	0.02	1	4857	0x33454			libsystem_malloc.dylib	/tmp/skv15-p1/profiles-interactive/p1b/direct_strict_track1__unicode_mixed.json.gz
p1b_direct_strict_track1	unicode_mixed	8	0.02	1	4857	0x2b06c			libsystem_malloc.dylib	/tmp/skv15-p1/profiles-interactive/p1b/direct_strict_track1__unicode_mixed.json.gz
p1b_direct_strict_track1	update_center	1	33.01	685	2075	bbnf_bench::generated_real_typed::parse_type_plugin_ordered	/Users/mkbabb/Programming/bbnf-lang-skv15-profile-279a60646/skinny/crates/bbnf-bench/src/generated_real_typed.rs	837	profile_direct	/tmp/skv15-p1/profiles-interactive/p1b/direct_strict_track1__update_center.json.gz
p1b_direct_strict_track1	update_center	2	22.02	457	2075	<u64>::wrapping_add	/Users/mkbabb/.rustup/toolchains/nightly-2026-04-11-aarch64-apple-darwin/lib/rustlib/src/rust/library/core/src/num/uint_macros.rs	2511	profile_direct	/tmp/skv15-p1/profiles-interactive/p1b/direct_strict_track1__update_center.json.gz
p1b_direct_strict_track1	update_center	3	17.59	365	2075	<bbnf_bench::generated_real_typed::DirectParser>::skip_value	/Users/mkbabb/Programming/bbnf-lang-skv15-profile-279a60646/skinny/crates/bbnf-bench/src/generated_real_typed.rs	4174	profile_direct	/tmp/skv15-p1/profiles-interactive/p1b/direct_strict_track1__update_center.json.gz
p1b_direct_strict_track1	update_center	4	10.51	218	2075	<bbnf_bench::generated_real_typed::DirectParser>::ws	/Users/mkbabb/Programming/bbnf-lang-skv15-profile-279a60646/skinny/crates/bbnf-bench/src/generated_real_typed.rs	3763	profile_direct	/tmp/skv15-p1/profiles-interactive/p1b/direct_strict_track1__update_center.json.gz
p1b_direct_strict_track1	update_center	5	8.96	186	2075	parse_that_regex::skip_ascii_whitespace	/Users/mkbabb/Programming/bbnf-lang-skv15-profile-279a60646/skinny/crates/parse-that-regex/src/lib.rs	120	profile_direct	/tmp/skv15-p1/profiles-interactive/p1b/direct_strict_track1__update_center.json.gz
p1b_direct_strict_track1	update_center	6	3.61	75	2075	bbnf_bench::generated_real_typed::parse_type_update_center	/Users/mkbabb/Programming/bbnf-lang-skv15-profile-279a60646/skinny/crates/bbnf-bench/src/generated_real_typed.rs	690	profile_direct	/tmp/skv15-p1/profiles-interactive/p1b/direct_strict_track1__update_center.json.gz
p1b_direct_strict_track1	update_center	7	2.17	45	2075	<bbnf_bench::generated_real_typed::DirectParser>::take	/Users/mkbabb/Programming/bbnf-lang-skv15-profile-279a60646/skinny/crates/bbnf-bench/src/generated_real_typed.rs	3768	profile_direct	/tmp/skv15-p1/profiles-interactive/p1b/direct_strict_track1__update_center.json.gz
p1b_direct_strict_track1	update_center	8	1.78	37	2075	<memchr::arch::aarch64::neon::memchr::Two>::find_raw	/Users/mkbabb/.cargo/registry/src/index.crates.io-1949cf8c6b5b557f/memchr-2.8.0/src/arch/aarch64/neon/memchr.rs	509	profile_direct	/tmp/skv15-p1/profiles-interactive/p1b/direct_strict_track1__update_center.json.gz
p1b_direct_strict_track1	update_center	9	0.19	4	2075	core::ptr::drop_in_place::<bbnf_bench::real_typed_struct::PluginEntry>	/Users/mkbabb/.rustup/toolchains/nightly-2026-04-11-aarch64-apple-darwin/lib/rustlib/src/rust/library/core/src/ptr/mod.rs	810	profile_direct	/tmp/skv15-p1/profiles-interactive/p1b/direct_strict_track1__update_center.json.gz
p1b_direct_strict_track1	update_center	10	0.05	1	2075	read			libsystem_kernel.dylib	/tmp/skv15-p1/profiles-interactive/p1b/direct_strict_track1__update_center.json.gz
p1b_direct_strict_track1	update_center	11	0.05	1	2075	mach_absolute_time			libsystem_kernel.dylib	/tmp/skv15-p1/profiles-interactive/p1b/direct_strict_track1__update_center.json.gz
p1b_direct_strict_track1	update_center	12	0.05	1	2075	0x14940			libsystem_malloc.dylib	/tmp/skv15-p1/profiles-interactive/p1b/direct_strict_track1__update_center.json.gz
p1b_direct_strict_track1	y_string_unicode	1	88.86	7082	7970	alloc::alloc::alloc	/Users/mkbabb/.rustup/toolchains/nightly-2026-04-11-aarch64-apple-darwin/lib/rustlib/src/rust/library/alloc/src/alloc.rs	101	profile_direct	/tmp/skv15-p1/profiles-interactive/p1b/direct_strict_track1__y_string_unicode.json.gz
p1b_direct_strict_track1	y_string_unicode	2	10.80	861	7970	bbnf_bench::real_typed_struct::typed_checksum	/Users/mkbabb/Programming/bbnf-lang-skv15-profile-279a60646/skinny/crates/bbnf-bench/src/real_typed_struct.rs	1747	profile_direct	/tmp/skv15-p1/profiles-interactive/p1b/direct_strict_track1__y_string_unicode.json.gz
p1b_direct_strict_track1	y_string_unicode	3	0.13	10	7970	mach_absolute_time			libsystem_kernel.dylib	/tmp/skv15-p1/profiles-interactive/p1b/direct_strict_track1__y_string_unicode.json.gz
p1b_direct_strict_track1	y_string_unicode	4	0.06	5	7970	bbnf_bench::direct_struct::track1_strict_product	/Users/mkbabb/Programming/bbnf-lang-skv15-profile-279a60646/skinny/crates/bbnf-bench/src/direct_struct.rs	463	profile_direct	/tmp/skv15-p1/profiles-interactive/p1b/direct_strict_track1__y_string_unicode.json.gz
p1b_direct_strict_track1	y_string_unicode	5	0.05	4	7970	core::ptr::drop_in_place::<bbnf_bench::real_typed_struct::RealTypedOutput>	/Users/mkbabb/.rustup/toolchains/nightly-2026-04-11-aarch64-apple-darwin/lib/rustlib/src/rust/library/core/src/ptr/mod.rs	810	profile_direct	/tmp/skv15-p1/profiles-interactive/p1b/direct_strict_track1__y_string_unicode.json.gz
p1b_direct_strict_track1	y_string_unicode	6	0.03	2	7970	0x300d8			libsystem_malloc.dylib	/tmp/skv15-p1/profiles-interactive/p1b/direct_strict_track1__y_string_unicode.json.gz
p1b_direct_strict_track1	y_string_unicode	7	0.03	2	7970	0x3a038			libsystem_malloc.dylib	/tmp/skv15-p1/profiles-interactive/p1b/direct_strict_track1__y_string_unicode.json.gz
p1b_direct_strict_track1	y_string_unicode	8	0.01	1	7970	read			libsystem_kernel.dylib	/tmp/skv15-p1/profiles-interactive/p1b/direct_strict_track1__y_string_unicode.json.gz
p1b_direct_strict_track1	y_string_unicode	9	0.01	1	7970	0x2b2e8			libsystem_malloc.dylib	/tmp/skv15-p1/profiles-interactive/p1b/direct_strict_track1__y_string_unicode.json.gz
p1b_direct_strict_track1	y_string_unicode	10	0.01	1	7970	0x2b33c			libsystem_malloc.dylib	/tmp/skv15-p1/profiles-interactive/p1b/direct_strict_track1__y_string_unicode.json.gz
p1b_direct_strict_track1	y_string_unicode	11	0.01	1	7970	0x300ec			libsystem_malloc.dylib	/tmp/skv15-p1/profiles-interactive/p1b/direct_strict_track1__y_string_unicode.json.gz
p1b_direct_strict_track2	apache_builds	1	25.44	972	3821	<core::slice::iter::Iter<bbnf_bench::real_typed_struct::ApacheJob> as core::iter::traits::iterator::Iterator>::next	/Users/mkbabb/.rustup/toolchains/nightly-2026-04-11-aarch64-apple-darwin/lib/rustlib/src/rust/library/core/src/slice/iter/macros.rs	180	profile_direct	/tmp/skv15-p1/profiles-interactive/p1b/direct_strict_track2__apache_builds.json.gz
p1b_direct_strict_track2	apache_builds	2	15.10	577	3821	core::str::validations::run_utf8_validation	/rustc/02c7f9bec0fd583160f8bcccb830216023b07bee/library/core/src/str/validations.rs	133	profile_direct	/tmp/skv15-p1/profiles-interactive/p1b/direct_strict_track2__apache_builds.json.gz
p1b_direct_strict_track2	apache_builds	3	10.55	403	3821	<serde_json::read::SliceRead>::skip_to_escape	/Users/mkbabb/.cargo/registry/src/index.crates.io-1949cf8c6b5b557f/serde_json-1.0.149/src/read.rs	434	profile_direct	/tmp/skv15-p1/profiles-interactive/p1b/direct_strict_track2__apache_builds.json.gz
p1b_direct_strict_track2	apache_builds	4	6.57	251	3821	<serde_json::de::MapAccess<_> as serde_core::de::MapAccess>::next_key_seed::has_next_key::<serde_json::read::SliceRead>	/Users/mkbabb/.cargo/registry/src/index.crates.io-1949cf8c6b5b557f/serde_json-1.0.149/src/de.rs	1991	profile_direct	/tmp/skv15-p1/profiles-interactive/p1b/direct_strict_track2__apache_builds.json.gz
p1b_direct_strict_track2	apache_builds	5	3.72	142	3821	_platform_memmove			libsystem_platform.dylib	/tmp/skv15-p1/profiles-interactive/p1b/direct_strict_track2__apache_builds.json.gz
p1b_direct_strict_track2	apache_builds	6	3.64	139	3821	<serde_json::read::SliceRead as serde_json::read::Read>::parse_str	/Users/mkbabb/.cargo/registry/src/index.crates.io-1949cf8c6b5b557f/serde_json-1.0.149/src/read.rs	587	profile_direct	/tmp/skv15-p1/profiles-interactive/p1b/direct_strict_track2__apache_builds.json.gz
p1b_direct_strict_track2	apache_builds	7	3.04	116	3821	<alloc::borrow::Cow<str> as serde_core::de::Deserialize>::deserialize::<&mut serde_json::de::Deserializer<serde_json::read::SliceRead>>	/Users/mkbabb/.cargo/registry/src/index.crates.io-1949cf8c6b5b557f/serde_core-1.0.228/src/de/impls.rs	1986	profile_direct	/tmp/skv15-p1/profiles-interactive/p1b/direct_strict_track2__apache_builds.json.gz
p1b_direct_strict_track2	apache_builds	8	2.77	106	3821	<alloc::raw_vec::RawVecInner>::capacity	/Users/mkbabb/.rustup/toolchains/nightly-2026-04-11-aarch64-apple-darwin/lib/rustlib/src/rust/library/alloc/src/raw_vec/mod.rs	619	profile_direct	/tmp/skv15-p1/profiles-interactive/p1b/direct_strict_track2__apache_builds.json.gz
p1b_direct_strict_track2	apache_builds	9	2.72	104	3821	<core::marker::PhantomData<core::option::Option<alloc::borrow::Cow<str>>> as serde_core::de::DeserializeSeed>::deserialize::<&mut serde_json::de::Deserializer<serde_json::read::SliceRead>>	/Users/mkbabb/.cargo/registry/src/index.crates.io-1949cf8c6b5b557f/serde_core-1.0.228/src/de/mod.rs	821	profile_direct	/tmp/skv15-p1/profiles-interactive/p1b/direct_strict_track2__apache_builds.json.gz
p1b_direct_strict_track2	apache_builds	10	1.54	59	3821	<serde_json::de::SeqAccess<_> as serde_core::de::SeqAccess>::next_element_seed::has_next_element::<serde_json::read::SliceRead>	/Users/mkbabb/.cargo/registry/src/index.crates.io-1949cf8c6b5b557f/serde_json-1.0.149/src/de.rs	1940	profile_direct	/tmp/skv15-p1/profiles-interactive/p1b/direct_strict_track2__apache_builds.json.gz
p1b_direct_strict_track2	apache_builds	11	1.44	55	3821	0x2a0d4			libsystem_malloc.dylib	/tmp/skv15-p1/profiles-interactive/p1b/direct_strict_track2__apache_builds.json.gz
p1b_direct_strict_track2	apache_builds	12	1.13	43	3821	0x2b088			libsystem_malloc.dylib	/tmp/skv15-p1/profiles-interactive/p1b/direct_strict_track2__apache_builds.json.gz
p1b_direct_strict_track2	apache_builds	13	1.05	40	3821	0x2b450			libsystem_malloc.dylib	/tmp/skv15-p1/profiles-interactive/p1b/direct_strict_track2__apache_builds.json.gz
p1b_direct_strict_track2	apache_builds	14	1.02	39	3821	_platform_memset			libsystem_platform.dylib	/tmp/skv15-p1/profiles-interactive/p1b/direct_strict_track2__apache_builds.json.gz
p1b_direct_strict_track2	apache_builds	15	0.89	34	3821	__bzero			libsystem_platform.dylib	/tmp/skv15-p1/profiles-interactive/p1b/direct_strict_track2__apache_builds.json.gz
p1b_direct_strict_track2	apache_builds	16	0.71	27	3821	0x2b06c			libsystem_malloc.dylib	/tmp/skv15-p1/profiles-interactive/p1b/direct_strict_track2__apache_builds.json.gz
p1b_direct_strict_track2	apache_builds	17	0.65	25	3821	0x30078			libsystem_malloc.dylib	/tmp/skv15-p1/profiles-interactive/p1b/direct_strict_track2__apache_builds.json.gz
p1b_direct_strict_track2	apache_builds	18	0.65	25	3821	0x3ac98			libsystem_malloc.dylib	/tmp/skv15-p1/profiles-interactive/p1b/direct_strict_track2__apache_builds.json.gz
p1b_direct_strict_track2	apache_builds	19	0.60	23	3821	0x2ff2c			libsystem_malloc.dylib	/tmp/skv15-p1/profiles-interactive/p1b/direct_strict_track2__apache_builds.json.gz
p1b_direct_strict_track2	apache_builds	20	0.55	21	3821	0x3ac4c			libsystem_malloc.dylib	/tmp/skv15-p1/profiles-interactive/p1b/direct_strict_track2__apache_builds.json.gz
p1b_direct_strict_track2	canada	1	26.82	6973	26004	bbnf_bench::real_typed_struct::typed_checksum	/Users/mkbabb/Programming/bbnf-lang-skv15-profile-279a60646/skinny/crates/bbnf-bench/src/real_typed_struct.rs		profile_direct	/tmp/skv15-p1/profiles-interactive/p1b/direct_strict_track2__canada.json.gz
p1b_direct_strict_track2	canada	2	11.32	2944	26004	<serde_json::de::Deserializer<serde_json::read::SliceRead>>::ignore_integer	/Users/mkbabb/.cargo/registry/src/index.crates.io-1949cf8c6b5b557f/serde_json-1.0.149/src/de.rs	1217	profile_direct	/tmp/skv15-p1/profiles-interactive/p1b/direct_strict_track2__canada.json.gz
p1b_direct_strict_track2	canada	3	9.49	2467	26004	core::str::validations::run_utf8_validation	/rustc/02c7f9bec0fd583160f8bcccb830216023b07bee/library/core/src/str/validations.rs	133	profile_direct	/tmp/skv15-p1/profiles-interactive/p1b/direct_strict_track2__canada.json.gz
p1b_direct_strict_track2	canada	4	6.17	1604	26004	<serde_json::de::SeqAccess<_> as serde_core::de::SeqAccess>::next_element_seed::has_next_element::<serde_json::read::SliceRead>	/Users/mkbabb/.cargo/registry/src/index.crates.io-1949cf8c6b5b557f/serde_json-1.0.149/src/de.rs	1937	profile_direct	/tmp/skv15-p1/profiles-interactive/p1b/direct_strict_track2__canada.json.gz
p1b_direct_strict_track2	canada	5	3.76	977	26004	<serde_json::de::Deserializer<serde_json::read::SliceRead>>::ignore_value	/Users/mkbabb/.cargo/registry/src/index.crates.io-1949cf8c6b5b557f/serde_json-1.0.149/src/de.rs	1102	profile_direct	/tmp/skv15-p1/profiles-interactive/p1b/direct_strict_track2__canada.json.gz
p1b_direct_strict_track2	canada	6	3.37	876	26004	<<alloc::vec::Vec<_> as serde_core::de::Deserialize>::deserialize::VecVisitor<alloc::vec::Vec<alloc::vec::Vec<&serde_json::raw::RawValue>>> as serde_core::de::Visitor>::visit_seq::<serde_json::de::SeqAccess<serde_json::read::SliceRead>>	/Users/mkbabb/.cargo/registry/src/index.crates.io-1949cf8c6b5b557f/serde_core-1.0.228/src/de/impls.rs		profile_direct	/tmp/skv15-p1/profiles-interactive/p1b/direct_strict_track2__canada.json.gz
p1b_direct_strict_track2	canada	7	1.64	427	26004	<serde_json::de::MapAccess<serde_json::read::SliceRead> as serde_core::de::MapAccess>::next_key_seed::<core::marker::PhantomData<<bbnf_bench::real_typed_struct::CanadaSerdeFeatureCollection as serde_core::de::Deserialize>::deserialize::__Field>>	/Users/mkbabb/.cargo/registry/src/index.crates.io-1949cf8c6b5b557f/serde_json-1.0.149/src/de.rs	2020	profile_direct	/tmp/skv15-p1/profiles-interactive/p1b/direct_strict_track2__canada.json.gz
p1b_direct_strict_track2	canada	8	1.50	391	26004	_platform_memset			libsystem_platform.dylib	/tmp/skv15-p1/profiles-interactive/p1b/direct_strict_track2__canada.json.gz
p1b_direct_strict_track2	canada	9	1.44	374	26004	0x2b450			libsystem_malloc.dylib	/tmp/skv15-p1/profiles-interactive/p1b/direct_strict_track2__canada.json.gz
p1b_direct_strict_track2	canada	10	1.28	334	26004	<alloc::raw_vec::RawVecInner>::finish_grow	/Users/mkbabb/.rustup/toolchains/nightly-2026-04-11-aarch64-apple-darwin/lib/rustlib/src/rust/library/alloc/src/raw_vec/mod.rs	543	profile_direct	/tmp/skv15-p1/profiles-interactive/p1b/direct_strict_track2__canada.json.gz
p1b_direct_strict_track2	canada	11	1.02	265	26004	<serde_json::de::Deserializer<serde_json::read::SliceRead>>::end_seq	/Users/mkbabb/.cargo/registry/src/index.crates.io-1949cf8c6b5b557f/serde_json-1.0.149/src/de.rs	1072	profile_direct	/tmp/skv15-p1/profiles-interactive/p1b/direct_strict_track2__canada.json.gz
p1b_direct_strict_track2	canada	12	0.90	233	26004	core::ptr::drop_in_place::<alloc::vec::Vec<alloc::vec::Vec<alloc::borrow::Cow<str>>>>	/Users/mkbabb/.rustup/toolchains/nightly-2026-04-11-aarch64-apple-darwin/lib/rustlib/src/rust/library/core/src/ptr/mod.rs	810	profile_direct	/tmp/skv15-p1/profiles-interactive/p1b/direct_strict_track2__canada.json.gz
p1b_direct_strict_track2	canada	13	0.88	229	26004	0x2b320			libsystem_malloc.dylib	/tmp/skv15-p1/profiles-interactive/p1b/direct_strict_track2__canada.json.gz
p1b_direct_strict_track2	canada	14	0.87	227	26004	0x2a8c8			libsystem_malloc.dylib	/tmp/skv15-p1/profiles-interactive/p1b/direct_strict_track2__canada.json.gz
p1b_direct_strict_track2	canada	15	0.80	207	26004	mach_absolute_time			libsystem_kernel.dylib	/tmp/skv15-p1/profiles-interactive/p1b/direct_strict_track2__canada.json.gz
p1b_direct_strict_track2	canada	16	0.70	183	26004	0x2b318			libsystem_malloc.dylib	/tmp/skv15-p1/profiles-interactive/p1b/direct_strict_track2__canada.json.gz
p1b_direct_strict_track2	canada	17	0.70	183	26004	0x3a044			libsystem_malloc.dylib	/tmp/skv15-p1/profiles-interactive/p1b/direct_strict_track2__canada.json.gz
p1b_direct_strict_track2	canada	18	0.70	181	26004	0x2fff0			libsystem_malloc.dylib	/tmp/skv15-p1/profiles-interactive/p1b/direct_strict_track2__canada.json.gz
p1b_direct_strict_track2	canada	19	0.69	180	26004	<alloc::raw_vec::RawVec<&serde_json::raw::RawValue>>::grow_one	/Users/mkbabb/.rustup/toolchains/nightly-2026-04-11-aarch64-apple-darwin/lib/rustlib/src/rust/library/alloc/src/raw_vec/mod.rs	186	profile_direct	/tmp/skv15-p1/profiles-interactive/p1b/direct_strict_track2__canada.json.gz
p1b_direct_strict_track2	canada	20	0.69	179	26004	0x2ffd4			libsystem_malloc.dylib	/tmp/skv15-p1/profiles-interactive/p1b/direct_strict_track2__canada.json.gz
p1b_direct_strict_track2	citm_catalog	1	76.47	936	1224	<serde_json::de::Deserializer<serde_json::read::SliceRead>>::ignore_value	/Users/mkbabb/.cargo/registry/src/index.crates.io-1949cf8c6b5b557f/serde_json-1.0.149/src/read.rs		profile_direct	/tmp/skv15-p1/profiles-interactive/p1b/direct_strict_track2__citm_catalog.json.gz
p1b_direct_strict_track2	citm_catalog	2	6.45	79	1224	<serde_json::read::SliceRead>::skip_to_escape	/Users/mkbabb/.cargo/registry/src/index.crates.io-1949cf8c6b5b557f/serde_json-1.0.149/src/read.rs	432	profile_direct	/tmp/skv15-p1/profiles-interactive/p1b/direct_strict_track2__citm_catalog.json.gz
p1b_direct_strict_track2	citm_catalog	3	4.41	54	1224	<serde_json::read::SliceRead as serde_json::read::Read>::next	/Users/mkbabb/.cargo/registry/src/index.crates.io-1949cf8c6b5b557f/serde_json-1.0.149/src/read.rs	550	profile_direct	/tmp/skv15-p1/profiles-interactive/p1b/direct_strict_track2__citm_catalog.json.gz
p1b_direct_strict_track2	citm_catalog	4	3.02	37	1224	<serde_json::read::SliceRead as serde_json::read::Read>::ignore_str	/Users/mkbabb/.cargo/registry/src/index.crates.io-1949cf8c6b5b557f/serde_json-1.0.149/src/read.rs	598	profile_direct	/tmp/skv15-p1/profiles-interactive/p1b/direct_strict_track2__citm_catalog.json.gz
p1b_direct_strict_track2	citm_catalog	5	1.55	19	1224	core::str::validations::run_utf8_validation	/rustc/02c7f9bec0fd583160f8bcccb830216023b07bee/library/core/src/str/validations.rs	133	profile_direct	/tmp/skv15-p1/profiles-interactive/p1b/direct_strict_track2__citm_catalog.json.gz
p1b_direct_strict_track2	citm_catalog	6	1.47	18	1224	<serde_json::read::SliceRead as serde_json::read::Read>::peek	/Users/mkbabb/.cargo/registry/src/index.crates.io-1949cf8c6b5b557f/serde_json-1.0.149/src/read.rs	562	profile_direct	/tmp/skv15-p1/profiles-interactive/p1b/direct_strict_track2__citm_catalog.json.gz
p1b_direct_strict_track2	citm_catalog	7	0.98	12	1224	<serde_json::de::MapAccess<_> as serde_core::de::MapAccess>::next_key_seed::has_next_key::<serde_json::read::SliceRead>	/Users/mkbabb/.cargo/registry/src/index.crates.io-1949cf8c6b5b557f/serde_json-1.0.149/src/de.rs	1991	profile_direct	/tmp/skv15-p1/profiles-interactive/p1b/direct_strict_track2__citm_catalog.json.gz
p1b_direct_strict_track2	citm_catalog	8	0.65	8	1224	bbnf_bench::real_typed_struct::hash_str	/Users/mkbabb/Programming/bbnf-lang-skv15-profile-279a60646/skinny/crates/bbnf-bench/src/real_typed_struct.rs	2465	profile_direct	/tmp/skv15-p1/profiles-interactive/p1b/direct_strict_track2__citm_catalog.json.gz
p1b_direct_strict_track2	citm_catalog	9	0.65	8	1224	<serde_json::read::SliceRead as serde_json::read::Read>::parse_str	/Users/mkbabb/.cargo/registry/src/index.crates.io-1949cf8c6b5b557f/serde_json-1.0.149/src/read.rs	587	profile_direct	/tmp/skv15-p1/profiles-interactive/p1b/direct_strict_track2__citm_catalog.json.gz
p1b_direct_strict_track2	citm_catalog	10	0.57	7	1224	<serde_json::read::SliceRead as serde_json::read::Read>::next	/Users/mkbabb/.cargo/registry/src/index.crates.io-1949cf8c6b5b557f/serde_json-1.0.149/src/read.rs	548	profile_direct	/tmp/skv15-p1/profiles-interactive/p1b/direct_strict_track2__citm_catalog.json.gz
p1b_direct_strict_track2	citm_catalog	11	0.49	6	1224	<serde_json::de::MapAccess<serde_json::read::SliceRead> as serde_core::de::MapAccess>::next_entry_seed::<core::marker::PhantomData<alloc::borrow::Cow<str>>, core::marker::PhantomData<bbnf_bench::real_typed_struct::CitmEvent>>	/Users/mkbabb/.cargo/registry/src/index.crates.io-1949cf8c6b5b557f/serde_core-1.0.228/src/de/mod.rs	1882	profile_direct	/tmp/skv15-p1/profiles-interactive/p1b/direct_strict_track2__citm_catalog.json.gz
p1b_direct_strict_track2	citm_catalog	12	0.41	5	1224	0x2b06c			libsystem_malloc.dylib	/tmp/skv15-p1/profiles-interactive/p1b/direct_strict_track2__citm_catalog.json.gz
p1b_direct_strict_track2	citm_catalog	13	0.33	4	1224	_platform_memmove			libsystem_platform.dylib	/tmp/skv15-p1/profiles-interactive/p1b/direct_strict_track2__citm_catalog.json.gz
p1b_direct_strict_track2	citm_catalog	14	0.25	3	1224	0x3020c			libsystem_malloc.dylib	/tmp/skv15-p1/profiles-interactive/p1b/direct_strict_track2__citm_catalog.json.gz
p1b_direct_strict_track2	citm_catalog	15	0.16	2	1224	read			libsystem_kernel.dylib	/tmp/skv15-p1/profiles-interactive/p1b/direct_strict_track2__citm_catalog.json.gz
p1b_direct_strict_track2	citm_catalog	16	0.16	2	1224	0x3ac4c			libsystem_malloc.dylib	/tmp/skv15-p1/profiles-interactive/p1b/direct_strict_track2__citm_catalog.json.gz
p1b_direct_strict_track2	citm_catalog	17	0.08	1	1224	alloc::alloc::dealloc_nonnull	/Users/mkbabb/.rustup/toolchains/nightly-2026-04-11-aarch64-apple-darwin/lib/rustlib/src/rust/library/alloc/src/alloc.rs	128	profile_direct	/tmp/skv15-p1/profiles-interactive/p1b/direct_strict_track2__citm_catalog.json.gz
p1b_direct_strict_track2	citm_catalog	18	0.08	1	1224	0x30160			libsystem_malloc.dylib	/tmp/skv15-p1/profiles-interactive/p1b/direct_strict_track2__citm_catalog.json.gz
p1b_direct_strict_track2	citm_catalog	19	0.08	1	1224	0x2a144			libsystem_malloc.dylib	/tmp/skv15-p1/profiles-interactive/p1b/direct_strict_track2__citm_catalog.json.gz
p1b_direct_strict_track2	citm_catalog	20	0.08	1	1224	<u8 as core::slice::cmp::SlicePartialEq<u8>>::equal_same_length	/Users/mkbabb/.rustup/toolchains/nightly-2026-04-11-aarch64-apple-darwin/lib/rustlib/src/rust/library/core/src/slice/cmp.rs	158	profile_direct	/tmp/skv15-p1/profiles-interactive/p1b/direct_strict_track2__citm_catalog.json.gz
p1b_direct_strict_track2	distinct_values	1	13.60	1596	11739	core::str::validations::run_utf8_validation	/rustc/02c7f9bec0fd583160f8bcccb830216023b07bee/library/core/src/str/validations.rs	133	profile_direct	/tmp/skv15-p1/profiles-interactive/p1b/direct_strict_track2__distinct_values.json.gz
p1b_direct_strict_track2	distinct_values	2	13.31	1562	11739	bbnf_bench::real_typed_struct::checksum_distinct_values	/Users/mkbabb/Programming/bbnf-lang-skv15-profile-279a60646/skinny/crates/bbnf-bench/src/real_typed_struct.rs		profile_direct	/tmp/skv15-p1/profiles-interactive/p1b/direct_strict_track2__distinct_values.json.gz
p1b_direct_strict_track2	distinct_values	3	5.29	621	11739	<serde_json::read::SliceRead>::skip_to_escape	/Users/mkbabb/.cargo/registry/src/index.crates.io-1949cf8c6b5b557f/serde_json-1.0.149/src/read.rs	434	profile_direct	/tmp/skv15-p1/profiles-interactive/p1b/direct_strict_track2__distinct_values.json.gz
p1b_direct_strict_track2	distinct_values	4	4.79	562	11739	_platform_memmove			libsystem_platform.dylib	/tmp/skv15-p1/profiles-interactive/p1b/direct_strict_track2__distinct_values.json.gz
p1b_direct_strict_track2	distinct_values	5	4.50	528	11739	<serde_json::de::SeqAccess<serde_json::read::SliceRead> as serde_core::de::SeqAccess>::next_element_seed::<core::marker::PhantomData<bbnf_bench::real_typed_struct::DistinctValue>>	/Users/mkbabb/.cargo/registry/src/index.crates.io-1949cf8c6b5b557f/serde_json-1.0.149/src/de.rs	1964	profile_direct	/tmp/skv15-p1/profiles-interactive/p1b/direct_strict_track2__distinct_values.json.gz
p1b_direct_strict_track2	distinct_values	6	3.56	418	11739	<serde_json::read::SliceRead as serde_json::read::Read>::parse_str	/Users/mkbabb/.cargo/registry/src/index.crates.io-1949cf8c6b5b557f/serde_json-1.0.149/src/read.rs	587	profile_direct	/tmp/skv15-p1/profiles-interactive/p1b/direct_strict_track2__distinct_values.json.gz
p1b_direct_strict_track2	distinct_values	7	2.73	320	11739	<alloc::borrow::Cow<str> as serde_core::de::Deserialize>::deserialize::<&mut serde_json::de::Deserializer<serde_json::read::SliceRead>>	/Users/mkbabb/.cargo/registry/src/index.crates.io-1949cf8c6b5b557f/serde_core-1.0.228/src/de/impls.rs	1986	profile_direct	/tmp/skv15-p1/profiles-interactive/p1b/direct_strict_track2__distinct_values.json.gz
p1b_direct_strict_track2	distinct_values	8	2.69	316	11739	0x2b06c			libsystem_malloc.dylib	/tmp/skv15-p1/profiles-interactive/p1b/direct_strict_track2__distinct_values.json.gz
p1b_direct_strict_track2	distinct_values	9	2.43	285	11739	<serde_json::de::MapAccess<_> as serde_core::de::MapAccess>::next_key_seed::has_next_key::<serde_json::read::SliceRead>	/Users/mkbabb/.cargo/registry/src/index.crates.io-1949cf8c6b5b557f/serde_json-1.0.149/src/de.rs	1990	profile_direct	/tmp/skv15-p1/profiles-interactive/p1b/direct_strict_track2__distinct_values.json.gz
p1b_direct_strict_track2	distinct_values	10	2.43	285	11739	0x2b450			libsystem_malloc.dylib	/tmp/skv15-p1/profiles-interactive/p1b/direct_strict_track2__distinct_values.json.gz
p1b_direct_strict_track2	distinct_values	11	2.42	284	11739	0x2a0d4			libsystem_malloc.dylib	/tmp/skv15-p1/profiles-interactive/p1b/direct_strict_track2__distinct_values.json.gz
p1b_direct_strict_track2	distinct_values	12	1.57	184	11739	mach_absolute_time			libsystem_kernel.dylib	/tmp/skv15-p1/profiles-interactive/p1b/direct_strict_track2__distinct_values.json.gz
p1b_direct_strict_track2	distinct_values	13	1.42	167	11739	0x2a144			libsystem_malloc.dylib	/tmp/skv15-p1/profiles-interactive/p1b/direct_strict_track2__distinct_values.json.gz
p1b_direct_strict_track2	distinct_values	14	1.36	160	11739	0x30078			libsystem_malloc.dylib	/tmp/skv15-p1/profiles-interactive/p1b/direct_strict_track2__distinct_values.json.gz
p1b_direct_strict_track2	distinct_values	15	1.26	148	11739	0x2b68c			libsystem_malloc.dylib	/tmp/skv15-p1/profiles-interactive/p1b/direct_strict_track2__distinct_values.json.gz
p1b_direct_strict_track2	distinct_values	16	1.10	129	11739	0x2b088			libsystem_malloc.dylib	/tmp/skv15-p1/profiles-interactive/p1b/direct_strict_track2__distinct_values.json.gz
p1b_direct_strict_track2	distinct_values	17	1.06	124	11739	0x3ac4c			libsystem_malloc.dylib	/tmp/skv15-p1/profiles-interactive/p1b/direct_strict_track2__distinct_values.json.gz
p1b_direct_strict_track2	distinct_values	18	0.94	110	11739	0x2ffd4			libsystem_malloc.dylib	/tmp/skv15-p1/profiles-interactive/p1b/direct_strict_track2__distinct_values.json.gz
p1b_direct_strict_track2	distinct_values	19	0.92	108	11739	0x3a044			libsystem_malloc.dylib	/tmp/skv15-p1/profiles-interactive/p1b/direct_strict_track2__distinct_values.json.gz
p1b_direct_strict_track2	distinct_values	20	0.91	107	11739	0x2b318			libsystem_malloc.dylib	/tmp/skv15-p1/profiles-interactive/p1b/direct_strict_track2__distinct_values.json.gz
p1b_direct_strict_track2	github_events	1	17.38	314	1807	<serde_json::read::SliceRead>::skip_to_escape	/Users/mkbabb/.cargo/registry/src/index.crates.io-1949cf8c6b5b557f/serde_json-1.0.149/src/read.rs	434	profile_direct	/tmp/skv15-p1/profiles-interactive/p1b/direct_strict_track2__github_events.json.gz
p1b_direct_strict_track2	github_events	2	14.89	269	1807	<alloc::vec::Vec<u8>>::clear	/Users/mkbabb/.rustup/toolchains/nightly-2026-04-11-aarch64-apple-darwin/lib/rustlib/src/rust/library/alloc/src/vec/mod.rs		profile_direct	/tmp/skv15-p1/profiles-interactive/p1b/direct_strict_track2__github_events.json.gz
p1b_direct_strict_track2	github_events	3	12.45	225	1807	bbnf_bench::real_typed_struct::checksum_github_actor	/Users/mkbabb/Programming/bbnf-lang-skv15-profile-279a60646/skinny/crates/bbnf-bench/src/real_typed_struct.rs	1915	profile_direct	/tmp/skv15-p1/profiles-interactive/p1b/direct_strict_track2__github_events.json.gz
p1b_direct_strict_track2	github_events	4	10.13	183	1807	core::str::validations::run_utf8_validation	/rustc/02c7f9bec0fd583160f8bcccb830216023b07bee/library/core/src/str/validations.rs	133	profile_direct	/tmp/skv15-p1/profiles-interactive/p1b/direct_strict_track2__github_events.json.gz
p1b_direct_strict_track2	github_events	5	8.41	152	1807	<core::slice::iter::Iter<bbnf_bench::real_typed_struct::GithubEvent> as core::iter::traits::iterator::Iterator>::next	/Users/mkbabb/.rustup/toolchains/nightly-2026-04-11-aarch64-apple-darwin/lib/rustlib/src/rust/library/core/src/slice/iter/macros.rs	180	profile_direct	/tmp/skv15-p1/profiles-interactive/p1b/direct_strict_track2__github_events.json.gz
p1b_direct_strict_track2	github_events	6	6.42	116	1807	<serde_json::de::MapAccess<_> as serde_core::de::MapAccess>::next_key_seed::has_next_key::<serde_json::read::SliceRead>	/Users/mkbabb/.cargo/registry/src/index.crates.io-1949cf8c6b5b557f/serde_json-1.0.149/src/de.rs	1991	profile_direct	/tmp/skv15-p1/profiles-interactive/p1b/direct_strict_track2__github_events.json.gz
p1b_direct_strict_track2	github_events	7	3.15	57	1807	<serde_json::read::SliceRead as serde_json::read::Read>::ignore_str	/Users/mkbabb/.cargo/registry/src/index.crates.io-1949cf8c6b5b557f/serde_json-1.0.149/src/read.rs	598	profile_direct	/tmp/skv15-p1/profiles-interactive/p1b/direct_strict_track2__github_events.json.gz
p1b_direct_strict_track2	github_events	8	2.49	45	1807	_platform_memmove			libsystem_platform.dylib	/tmp/skv15-p1/profiles-interactive/p1b/direct_strict_track2__github_events.json.gz
p1b_direct_strict_track2	github_events	9	2.43	44	1807	<serde_json::read::SliceRead as serde_json::read::Read>::parse_str	/Users/mkbabb/.cargo/registry/src/index.crates.io-1949cf8c6b5b557f/serde_json-1.0.149/src/read.rs	587	profile_direct	/tmp/skv15-p1/profiles-interactive/p1b/direct_strict_track2__github_events.json.gz
p1b_direct_strict_track2	github_events	10	1.77	32	1807	<<bbnf_bench::real_typed_struct::GithubEvent as serde_core::de::Deserialize>::deserialize::__Visitor as serde_core::de::Visitor>::visit_map::<serde_json::de::MapAccess<serde_json::read::SliceRead>>	/Users/mkbabb/Programming/bbnf-lang-skv15-profile-279a60646/skinny/crates/bbnf-bench/src/real_typed_struct.rs	382	profile_direct	/tmp/skv15-p1/profiles-interactive/p1b/direct_strict_track2__github_events.json.gz
p1b_direct_strict_track2	github_events	11	1.44	26	1807	<alloc::borrow::Cow<str> as serde_core::de::Deserialize>::deserialize::<&mut serde_json::de::Deserializer<serde_json::read::SliceRead>>	/Users/mkbabb/.cargo/registry/src/index.crates.io-1949cf8c6b5b557f/serde_core-1.0.228/src/de/impls.rs	1986	profile_direct	/tmp/skv15-p1/profiles-interactive/p1b/direct_strict_track2__github_events.json.gz
p1b_direct_strict_track2	github_events	12	1.38	25	1807	<serde_json::read::SliceRead as serde_json::read::Read>::next	/Users/mkbabb/.cargo/registry/src/index.crates.io-1949cf8c6b5b557f/serde_json-1.0.149/src/read.rs	548	profile_direct	/tmp/skv15-p1/profiles-interactive/p1b/direct_strict_track2__github_events.json.gz
p1b_direct_strict_track2	github_events	13	1.16	21	1807	0x2a0d4			libsystem_malloc.dylib	/tmp/skv15-p1/profiles-interactive/p1b/direct_strict_track2__github_events.json.gz
p1b_direct_strict_track2	github_events	14	1.16	21	1807	<core::marker::PhantomData<core::option::Option<bbnf_bench::real_typed_struct::GithubPayload>> as serde_core::de::DeserializeSeed>::deserialize::<&mut serde_json::de::Deserializer<serde_json::read::SliceRead>>	/Users/mkbabb/.cargo/registry/src/index.crates.io-1949cf8c6b5b557f/serde_core-1.0.228/src/de/mod.rs	821	profile_direct	/tmp/skv15-p1/profiles-interactive/p1b/direct_strict_track2__github_events.json.gz
p1b_direct_strict_track2	github_events	15	1.05	19	1807	<core::marker::PhantomData<core::option::Option<alloc::borrow::Cow<str>>> as serde_core::de::DeserializeSeed>::deserialize::<&mut serde_json::de::Deserializer<serde_json::read::SliceRead>>	/Users/mkbabb/.cargo/registry/src/index.crates.io-1949cf8c6b5b557f/serde_core-1.0.228/src/de/mod.rs	821	profile_direct	/tmp/skv15-p1/profiles-interactive/p1b/direct_strict_track2__github_events.json.gz
p1b_direct_strict_track2	github_events	16	1.05	19	1807	<serde_json::read::SliceRead as serde_json::read::Read>::peek	/Users/mkbabb/.cargo/registry/src/index.crates.io-1949cf8c6b5b557f/serde_json-1.0.149/src/read.rs	562	profile_direct	/tmp/skv15-p1/profiles-interactive/p1b/direct_strict_track2__github_events.json.gz
p1b_direct_strict_track2	github_events	17	0.66	12	1807	<serde_json::read::SliceRead as serde_json::read::Read>::position	/Users/mkbabb/.cargo/registry/src/index.crates.io-1949cf8c6b5b557f/serde_json-1.0.149/src/read.rs	574	profile_direct	/tmp/skv15-p1/profiles-interactive/p1b/direct_strict_track2__github_events.json.gz
p1b_direct_strict_track2	github_events	18	0.66	12	1807	0x2b450			libsystem_malloc.dylib	/tmp/skv15-p1/profiles-interactive/p1b/direct_strict_track2__github_events.json.gz
p1b_direct_strict_track2	github_events	19	0.61	11	1807	_platform_memset			libsystem_platform.dylib	/tmp/skv15-p1/profiles-interactive/p1b/direct_strict_track2__github_events.json.gz
p1b_direct_strict_track2	github_events	20	0.55	10	1807	0x2b06c			libsystem_malloc.dylib	/tmp/skv15-p1/profiles-interactive/p1b/direct_strict_track2__github_events.json.gz
p1b_direct_strict_track2	gsoc-2018	1	71.32	2285	3204	<bbnf_bench::real_typed_struct::DecodedJsonString as serde_core::de::Deserialize>::deserialize::<&mut serde_json::de::Deserializer<serde_json::read::SliceRead>>	/Users/mkbabb/Programming/bbnf-lang-skv15-profile-279a60646/skinny/crates/bbnf-bench/src/real_typed_struct.rs	812	profile_direct	/tmp/skv15-p1/profiles-interactive/p1b/direct_strict_track2__gsoc-2018.json.gz
p1b_direct_strict_track2	gsoc-2018	2	9.21	295	3204	<serde_json::read::SliceRead>::skip_to_escape	/Users/mkbabb/.cargo/registry/src/index.crates.io-1949cf8c6b5b557f/serde_json-1.0.149/src/read.rs	432	profile_direct	/tmp/skv15-p1/profiles-interactive/p1b/direct_strict_track2__gsoc-2018.json.gz
p1b_direct_strict_track2	gsoc-2018	3	7.49	240	3204	core::str::validations::run_utf8_validation	/rustc/02c7f9bec0fd583160f8bcccb830216023b07bee/library/core/src/str/validations.rs	133	profile_direct	/tmp/skv15-p1/profiles-interactive/p1b/direct_strict_track2__gsoc-2018.json.gz
p1b_direct_strict_track2	gsoc-2018	4	3.84	123	3204	<serde_json::de::MapAccess<_> as serde_core::de::MapAccess>::next_key_seed::has_next_key::<serde_json::read::SliceRead>	/Users/mkbabb/.cargo/registry/src/index.crates.io-1949cf8c6b5b557f/serde_json-1.0.149/src/de.rs	1990	profile_direct	/tmp/skv15-p1/profiles-interactive/p1b/direct_strict_track2__gsoc-2018.json.gz
p1b_direct_strict_track2	gsoc-2018	5	1.56	50	3204	<serde_json::read::SliceRead as serde_json::read::Read>::parse_str	/Users/mkbabb/.cargo/registry/src/index.crates.io-1949cf8c6b5b557f/serde_json-1.0.149/src/read.rs	587	profile_direct	/tmp/skv15-p1/profiles-interactive/p1b/direct_strict_track2__gsoc-2018.json.gz
p1b_direct_strict_track2	gsoc-2018	6	1.44	46	3204	_platform_memmove			libsystem_platform.dylib	/tmp/skv15-p1/profiles-interactive/p1b/direct_strict_track2__gsoc-2018.json.gz
p1b_direct_strict_track2	gsoc-2018	7	0.75	24	3204	<serde_json::de::MapAccess<serde_json::read::SliceRead> as serde_core::de::MapAccess>::next_entry_seed::<core::marker::PhantomData<alloc::borrow::Cow<str>>, core::marker::PhantomData<bbnf_bench::real_typed_struct::GsocProposal>>	/Users/mkbabb/.cargo/registry/src/index.crates.io-1949cf8c6b5b557f/serde_core-1.0.228/src/de/mod.rs	1882	profile_direct	/tmp/skv15-p1/profiles-interactive/p1b/direct_strict_track2__gsoc-2018.json.gz
p1b_direct_strict_track2	gsoc-2018	8	0.59	19	3204	<core::marker::PhantomData<bbnf_bench::real_typed_struct::GsocSponsor> as serde_core::de::DeserializeSeed>::deserialize::<&mut serde_json::de::Deserializer<serde_json::read::SliceRead>>	/Users/mkbabb/.cargo/registry/src/index.crates.io-1949cf8c6b5b557f/serde_core-1.0.228/src/de/mod.rs	821	profile_direct	/tmp/skv15-p1/profiles-interactive/p1b/direct_strict_track2__gsoc-2018.json.gz
p1b_direct_strict_track2	gsoc-2018	9	0.56	18	3204	mach_absolute_time			libsystem_kernel.dylib	/tmp/skv15-p1/profiles-interactive/p1b/direct_strict_track2__gsoc-2018.json.gz
p1b_direct_strict_track2	gsoc-2018	10	0.47	15	3204	<serde_json::read::SliceRead as serde_json::read::Read>::next	/Users/mkbabb/.cargo/registry/src/index.crates.io-1949cf8c6b5b557f/serde_json-1.0.149/src/read.rs	548	profile_direct	/tmp/skv15-p1/profiles-interactive/p1b/direct_strict_track2__gsoc-2018.json.gz
p1b_direct_strict_track2	gsoc-2018	11	0.19	6	3204	<bbnf_bench::real_typed_struct::DecodedJsonString>::fingerprint	/Users/mkbabb/Programming/bbnf-lang-skv15-profile-279a60646/skinny/crates/bbnf-bench/src/real_typed_struct.rs	792	profile_direct	/tmp/skv15-p1/profiles-interactive/p1b/direct_strict_track2__gsoc-2018.json.gz
p1b_direct_strict_track2	gsoc-2018	12	0.16	5	3204	0x2b088			libsystem_malloc.dylib	/tmp/skv15-p1/profiles-interactive/p1b/direct_strict_track2__gsoc-2018.json.gz
p1b_direct_strict_track2	gsoc-2018	13	0.12	4	3204	<serde_json::de::MapAccess<serde_json::read::SliceRead> as serde_core::de::MapAccess>::next_key_seed::<core::marker::PhantomData<<bbnf_bench::real_typed_struct::GsocAuthor as serde_core::de::Deserialize>::deserialize::__Field>>	/Users/mkbabb/.cargo/registry/src/index.crates.io-1949cf8c6b5b557f/serde_json-1.0.149/src/de.rs	2020	profile_direct	/tmp/skv15-p1/profiles-interactive/p1b/direct_strict_track2__gsoc-2018.json.gz
p1b_direct_strict_track2	gsoc-2018	14	0.12	4	3204	<core::marker::PhantomData<bbnf_bench::real_typed_struct::GsocContext> as serde_core::de::DeserializeSeed>::deserialize::<&mut serde_json::de::Deserializer<serde_json::read::SliceRead>>	/Users/mkbabb/.cargo/registry/src/index.crates.io-1949cf8c6b5b557f/serde_core-1.0.228/src/de/mod.rs	821	profile_direct	/tmp/skv15-p1/profiles-interactive/p1b/direct_strict_track2__gsoc-2018.json.gz
p1b_direct_strict_track2	gsoc-2018	15	0.12	4	3204	core::ptr::drop_in_place::<bbnf_bench::real_typed_struct::GsocSponsor>	/Users/mkbabb/.rustup/toolchains/nightly-2026-04-11-aarch64-apple-darwin/lib/rustlib/src/rust/library/core/src/ptr/mod.rs	810	profile_direct	/tmp/skv15-p1/profiles-interactive/p1b/direct_strict_track2__gsoc-2018.json.gz
p1b_direct_strict_track2	gsoc-2018	16	0.09	3	3204	<serde_json::de::MapAccess<serde_json::read::SliceRead> as serde_core::de::MapAccess>::next_key_seed::<core::marker::PhantomData<alloc::borrow::Cow<str>>>	/Users/mkbabb/.cargo/registry/src/index.crates.io-1949cf8c6b5b557f/serde_json-1.0.149/src/de.rs	2020	profile_direct	/tmp/skv15-p1/profiles-interactive/p1b/direct_strict_track2__gsoc-2018.json.gz
p1b_direct_strict_track2	gsoc-2018	17	0.09	3	3204	0x2a0d4			libsystem_malloc.dylib	/tmp/skv15-p1/profiles-interactive/p1b/direct_strict_track2__gsoc-2018.json.gz
p1b_direct_strict_track2	gsoc-2018	18	0.09	3	3204	<core::marker::PhantomData<bbnf_bench::real_typed_struct::GsocSponsorType> as serde_core::de::DeserializeSeed>::deserialize::<&mut serde_json::de::Deserializer<serde_json::read::SliceRead>>	/Users/mkbabb/.cargo/registry/src/index.crates.io-1949cf8c6b5b557f/serde_core-1.0.228/src/de/mod.rs	821	profile_direct	/tmp/skv15-p1/profiles-interactive/p1b/direct_strict_track2__gsoc-2018.json.gz
p1b_direct_strict_track2	gsoc-2018	19	0.09	3	3204	0x2ff48			libsystem_malloc.dylib	/tmp/skv15-p1/profiles-interactive/p1b/direct_strict_track2__gsoc-2018.json.gz
p1b_direct_strict_track2	gsoc-2018	20	0.06	2	3204	0x2b450			libsystem_malloc.dylib	/tmp/skv15-p1/profiles-interactive/p1b/direct_strict_track2__gsoc-2018.json.gz
p1b_direct_strict_track2	instruments	1	28.69	630	2196	<serde_json::de::MapAccess<_> as serde_core::de::MapAccess>::next_key_seed::has_next_key::<serde_json::read::SliceRead>	/Users/mkbabb/.cargo/registry/src/index.crates.io-1949cf8c6b5b557f/serde_json-1.0.149/src/de.rs	1990	profile_direct	/tmp/skv15-p1/profiles-interactive/p1b/direct_strict_track2__instruments.json.gz
p1b_direct_strict_track2	instruments	2	20.13	442	2196	core::str::validations::run_utf8_validation	/rustc/02c7f9bec0fd583160f8bcccb830216023b07bee/library/core/src/str/validations.rs	133	profile_direct	/tmp/skv15-p1/profiles-interactive/p1b/direct_strict_track2__instruments.json.gz
p1b_direct_strict_track2	instruments	3	8.83	194	2196	<serde_json::read::SliceRead>::skip_to_escape	/Users/mkbabb/.cargo/registry/src/index.crates.io-1949cf8c6b5b557f/serde_json-1.0.149/src/read.rs	432	profile_direct	/tmp/skv15-p1/profiles-interactive/p1b/direct_strict_track2__instruments.json.gz
p1b_direct_strict_track2	instruments	4	6.42	141	2196	<serde_json::read::SliceRead as serde_json::read::Read>::parse_str	/Users/mkbabb/.cargo/registry/src/index.crates.io-1949cf8c6b5b557f/serde_json-1.0.149/src/read.rs	587	profile_direct	/tmp/skv15-p1/profiles-interactive/p1b/direct_strict_track2__instruments.json.gz
p1b_direct_strict_track2	instruments	5	6.28	138	2196	<serde_json::de::Deserializer<serde_json::read::SliceRead>>::parse_integer	/Users/mkbabb/.cargo/registry/src/index.crates.io-1949cf8c6b5b557f/serde_json-1.0.149/src/de.rs	462	profile_direct	/tmp/skv15-p1/profiles-interactive/p1b/direct_strict_track2__instruments.json.gz
p1b_direct_strict_track2	instruments	6	4.74	104	2196	<u32 as serde_core::de::Deserialize>::deserialize::<&mut serde_json::de::Deserializer<serde_json::read::SliceRead>>	/Users/mkbabb/.cargo/registry/src/index.crates.io-1949cf8c6b5b557f/serde_core-1.0.228/src/de/impls.rs	132	profile_direct	/tmp/skv15-p1/profiles-interactive/p1b/direct_strict_track2__instruments.json.gz
p1b_direct_strict_track2	instruments	7	4.10	90	2196	<&mut serde_json::de::Deserializer<serde_json::read::SliceRead> as serde_core::de::Deserializer>::deserialize_struct::<<bbnf_bench::real_typed_struct::Instrument as serde_core::de::Deserialize>::deserialize::__Visitor>	/Users/mkbabb/.cargo/registry/src/index.crates.io-1949cf8c6b5b557f/serde_json-1.0.149/src/de.rs	1820	profile_direct	/tmp/skv15-p1/profiles-interactive/p1b/direct_strict_track2__instruments.json.gz
p1b_direct_strict_track2	instruments	8	3.87	85	2196	<serde_json::de::SeqAccess<_> as serde_core::de::SeqAccess>::next_element_seed::has_next_element::<serde_json::read::SliceRead>	/Users/mkbabb/.cargo/registry/src/index.crates.io-1949cf8c6b5b557f/serde_json-1.0.149/src/de.rs	1940	profile_direct	/tmp/skv15-p1/profiles-interactive/p1b/direct_strict_track2__instruments.json.gz
p1b_direct_strict_track2	instruments	9	2.19	48	2196	<core::marker::PhantomData<core::option::Option<bbnf_bench::real_typed_struct::InstrumentEnvelope>> as serde_core::de::DeserializeSeed>::deserialize::<&mut serde_json::de::Deserializer<serde_json::read::SliceRead>>	/Users/mkbabb/.cargo/registry/src/index.crates.io-1949cf8c6b5b557f/serde_core-1.0.228/src/de/mod.rs	821	profile_direct	/tmp/skv15-p1/profiles-interactive/p1b/direct_strict_track2__instruments.json.gz
p1b_direct_strict_track2	instruments	10	2.05	45	2196	<core::marker::PhantomData<alloc::vec::Vec<bbnf_bench::real_typed_struct::InstrumentPattern>> as serde_core::de::DeserializeSeed>::deserialize::<&mut serde_json::de::Deserializer<serde_json::read::SliceRead>>	/Users/mkbabb/.cargo/registry/src/index.crates.io-1949cf8c6b5b557f/serde_core-1.0.228/src/de/mod.rs	821	profile_direct	/tmp/skv15-p1/profiles-interactive/p1b/direct_strict_track2__instruments.json.gz
p1b_direct_strict_track2	instruments	11	2.00	44	2196	<core::marker::PhantomData<alloc::vec::Vec<bbnf_bench::real_typed_struct::InstrumentEnvelopeNode>> as serde_core::de::DeserializeSeed>::deserialize::<&mut serde_json::de::Deserializer<serde_json::read::SliceRead>>	/Users/mkbabb/.cargo/registry/src/index.crates.io-1949cf8c6b5b557f/serde_core-1.0.228/src/de/mod.rs	821	profile_direct	/tmp/skv15-p1/profiles-interactive/p1b/direct_strict_track2__instruments.json.gz
p1b_direct_strict_track2	instruments	12	1.59	35	2196	core::ptr::write::<bbnf_bench::real_typed_struct::InstrumentSample>	/Users/mkbabb/.rustup/toolchains/nightly-2026-04-11-aarch64-apple-darwin/lib/rustlib/src/rust/library/core/src/ptr/mod.rs	1921	profile_direct	/tmp/skv15-p1/profiles-interactive/p1b/direct_strict_track2__instruments.json.gz
p1b_direct_strict_track2	instruments	13	1.00	22	2196	_platform_memmove			libsystem_platform.dylib	/tmp/skv15-p1/profiles-interactive/p1b/direct_strict_track2__instruments.json.gz
p1b_direct_strict_track2	instruments	14	0.68	15	2196	bbnf_bench::real_typed_struct::checksum_instrument	/Users/mkbabb/Programming/bbnf-lang-skv15-profile-279a60646/skinny/crates/bbnf-bench/src/real_typed_struct.rs	2189	profile_direct	/tmp/skv15-p1/profiles-interactive/p1b/direct_strict_track2__instruments.json.gz
p1b_direct_strict_track2	instruments	15	0.50	11	2196	0x2a0d4			libsystem_malloc.dylib	/tmp/skv15-p1/profiles-interactive/p1b/direct_strict_track2__instruments.json.gz
p1b_direct_strict_track2	instruments	16	0.50	11	2196	<core::marker::PhantomData<core::option::Option<alloc::borrow::Cow<str>>> as serde_core::de::DeserializeSeed>::deserialize::<&mut serde_json::de::Deserializer<serde_json::read::SliceRead>>	/Users/mkbabb/.cargo/registry/src/index.crates.io-1949cf8c6b5b557f/serde_core-1.0.228/src/de/mod.rs	821	profile_direct	/tmp/skv15-p1/profiles-interactive/p1b/direct_strict_track2__instruments.json.gz
p1b_direct_strict_track2	instruments	17	0.46	10	2196	<serde_json::de::Deserializer<serde_json::read::SliceRead>>::ignore_value	/Users/mkbabb/.cargo/registry/src/index.crates.io-1949cf8c6b5b557f/serde_json-1.0.149/src/de.rs	1102	profile_direct	/tmp/skv15-p1/profiles-interactive/p1b/direct_strict_track2__instruments.json.gz
p1b_direct_strict_track2	instruments	18	0.46	10	2196	mach_absolute_time			libsystem_kernel.dylib	/tmp/skv15-p1/profiles-interactive/p1b/direct_strict_track2__instruments.json.gz
p1b_direct_strict_track2	instruments	19	0.36	8	2196	<core::marker::PhantomData<core::option::Option<alloc::vec::Vec<bbnf_bench::real_typed_struct::InstrumentPatternEvent>>> as serde_core::de::DeserializeSeed>::deserialize::<&mut serde_json::de::Deserializer<serde_json::read::SliceRead>>	/Users/mkbabb/.cargo/registry/src/index.crates.io-1949cf8c6b5b557f/serde_core-1.0.228/src/de/mod.rs	821	profile_direct	/tmp/skv15-p1/profiles-interactive/p1b/direct_strict_track2__instruments.json.gz
p1b_direct_strict_track2	instruments	20	0.36	8	2196	<core::option::Option<bbnf_bench::real_typed_struct::InstrumentEnvelope>>::as_ref	/Users/mkbabb/.rustup/toolchains/nightly-2026-04-11-aarch64-apple-darwin/lib/rustlib/src/rust/library/core/src/option.rs	745	profile_direct	/tmp/skv15-p1/profiles-interactive/p1b/direct_strict_track2__instruments.json.gz
p1b_direct_strict_track2	marine_ik	1	34.35	722	2102	<serde_json::de::Deserializer<serde_json::read::SliceRead>>::ignore_value	/Users/mkbabb/.cargo/registry/src/index.crates.io-1949cf8c6b5b557f/serde_json-1.0.149/src/read.rs		profile_direct	/tmp/skv15-p1/profiles-interactive/p1b/direct_strict_track2__marine_ik.json.gz
p1b_direct_strict_track2	marine_ik	2	13.80	290	2102	<serde_json::de::Deserializer<serde_json::read::SliceRead>>::ignore_integer	/Users/mkbabb/.cargo/registry/src/index.crates.io-1949cf8c6b5b557f/serde_json-1.0.149/src/de.rs	1217	profile_direct	/tmp/skv15-p1/profiles-interactive/p1b/direct_strict_track2__marine_ik.json.gz
p1b_direct_strict_track2	marine_ik	3	12.42	261	2102	<serde_json::read::SliceRead as serde_json::read::Read>::next	/Users/mkbabb/.cargo/registry/src/index.crates.io-1949cf8c6b5b557f/serde_json-1.0.149/src/read.rs	548	profile_direct	/tmp/skv15-p1/profiles-interactive/p1b/direct_strict_track2__marine_ik.json.gz
p1b_direct_strict_track2	marine_ik	4	9.23	194	2102	<serde_json::de::SeqAccess<_> as serde_core::de::SeqAccess>::next_element_seed::has_next_element::<serde_json::read::SliceRead>	/Users/mkbabb/.cargo/registry/src/index.crates.io-1949cf8c6b5b557f/serde_json-1.0.149/src/de.rs	1937	profile_direct	/tmp/skv15-p1/profiles-interactive/p1b/direct_strict_track2__marine_ik.json.gz
p1b_direct_strict_track2	marine_ik	5	8.33	175	2102	<serde_json::read::SliceRead as serde_json::read::Read>::peek_position	/Users/mkbabb/.cargo/registry/src/index.crates.io-1949cf8c6b5b557f/serde_json-1.0.149/src/read.rs	580	profile_direct	/tmp/skv15-p1/profiles-interactive/p1b/direct_strict_track2__marine_ik.json.gz
p1b_direct_strict_track2	marine_ik	6	7.04	148	2102	bbnf_bench::real_typed_struct::mix	/Users/mkbabb/Programming/bbnf-lang-skv15-profile-279a60646/skinny/crates/bbnf-bench/src/real_typed_struct.rs	2479	profile_direct	/tmp/skv15-p1/profiles-interactive/p1b/direct_strict_track2__marine_ik.json.gz
p1b_direct_strict_track2	marine_ik	7	3.38	71	2102	<u32 as serde_core::de::Deserialize>::deserialize::<&mut serde_json::de::Deserializer<serde_json::read::SliceRead>>	/Users/mkbabb/.cargo/registry/src/index.crates.io-1949cf8c6b5b557f/serde_core-1.0.228/src/de/impls.rs	132	profile_direct	/tmp/skv15-p1/profiles-interactive/p1b/direct_strict_track2__marine_ik.json.gz
p1b_direct_strict_track2	marine_ik	8	3.09	65	2102	<serde_json::de::SeqAccess<serde_json::read::SliceRead> as serde_core::de::SeqAccess>::next_element_seed::<core::marker::PhantomData<f64>>	/Users/mkbabb/.cargo/registry/src/index.crates.io-1949cf8c6b5b557f/serde_json-1.0.149/src/de.rs	1964	profile_direct	/tmp/skv15-p1/profiles-interactive/p1b/direct_strict_track2__marine_ik.json.gz
p1b_direct_strict_track2	marine_ik	9	2.33	49	2102	<serde_json::read::SliceRead>::skip_to_escape	/Users/mkbabb/.cargo/registry/src/index.crates.io-1949cf8c6b5b557f/serde_json-1.0.149/src/read.rs	432	profile_direct	/tmp/skv15-p1/profiles-interactive/p1b/direct_strict_track2__marine_ik.json.gz
p1b_direct_strict_track2	marine_ik	10	2.05	43	2102	<serde_json::de::Deserializer<serde_json::read::SliceRead>>::f64_from_parts	/Users/mkbabb/.cargo/registry/src/index.crates.io-1949cf8c6b5b557f/serde_json-1.0.149/src/de.rs	645	profile_direct	/tmp/skv15-p1/profiles-interactive/p1b/direct_strict_track2__marine_ik.json.gz
p1b_direct_strict_track2	marine_ik	11	2.00	42	2102	core::ptr::write::<u32>	/Users/mkbabb/.rustup/toolchains/nightly-2026-04-11-aarch64-apple-darwin/lib/rustlib/src/rust/library/core/src/ptr/mod.rs	1921	profile_direct	/tmp/skv15-p1/profiles-interactive/p1b/direct_strict_track2__marine_ik.json.gz
p1b_direct_strict_track2	marine_ik	12	1.28	27	2102	<serde_json::read::SliceRead as serde_json::read::Read>::ignore_str	/Users/mkbabb/.cargo/registry/src/index.crates.io-1949cf8c6b5b557f/serde_json-1.0.149/src/read.rs	598	profile_direct	/tmp/skv15-p1/profiles-interactive/p1b/direct_strict_track2__marine_ik.json.gz
p1b_direct_strict_track2	marine_ik	13	0.24	5	2102	_platform_memmove			libsystem_platform.dylib	/tmp/skv15-p1/profiles-interactive/p1b/direct_strict_track2__marine_ik.json.gz
p1b_direct_strict_track2	marine_ik	14	0.19	4	2102	mach_absolute_time			libsystem_kernel.dylib	/tmp/skv15-p1/profiles-interactive/p1b/direct_strict_track2__marine_ik.json.gz
p1b_direct_strict_track2	marine_ik	15	0.05	1	2102	read			libsystem_kernel.dylib	/tmp/skv15-p1/profiles-interactive/p1b/direct_strict_track2__marine_ik.json.gz
p1b_direct_strict_track2	marine_ik	16	0.05	1	2102	close			libsystem_kernel.dylib	/tmp/skv15-p1/profiles-interactive/p1b/direct_strict_track2__marine_ik.json.gz
p1b_direct_strict_track2	marine_ik	17	0.05	1	2102	0x42b18			libsystem_malloc.dylib	/tmp/skv15-p1/profiles-interactive/p1b/direct_strict_track2__marine_ik.json.gz
p1b_direct_strict_track2	marine_ik	18	0.05	1	2102	<[u8] as core::cmp::PartialEq>::eq	/Users/mkbabb/.rustup/toolchains/nightly-2026-04-11-aarch64-apple-darwin/lib/rustlib/src/rust/library/core/src/slice/cmp.rs	22	profile_direct	/tmp/skv15-p1/profiles-interactive/p1b/direct_strict_track2__marine_ik.json.gz
p1b_direct_strict_track2	marine_ik	19	0.05	1	2102	0x2b67c			libsystem_malloc.dylib	/tmp/skv15-p1/profiles-interactive/p1b/direct_strict_track2__marine_ik.json.gz
p1b_direct_strict_track2	marine_ik	20	0.05	1	2102	mach_vm_reclaim_try_enter			libsystem_kernel.dylib	/tmp/skv15-p1/profiles-interactive/p1b/direct_strict_track2__marine_ik.json.gz
p1b_direct_strict_track2	mesh	1	28.03	809	2886	<serde_json::de::Deserializer<serde_json::read::SliceRead>>::parse_decimal	/Users/mkbabb/.cargo/registry/src/index.crates.io-1949cf8c6b5b557f/serde_json-1.0.149/src/de.rs	530	profile_direct	/tmp/skv15-p1/profiles-interactive/p1b/direct_strict_track2__mesh.json.gz
p1b_direct_strict_track2	mesh	2	18.43	532	2886	<serde_json::de::SeqAccess<_> as serde_core::de::SeqAccess>::next_element_seed::has_next_element::<serde_json::read::SliceRead>	/Users/mkbabb/.cargo/registry/src/index.crates.io-1949cf8c6b5b557f/serde_json-1.0.149/src/de.rs	1937	profile_direct	/tmp/skv15-p1/profiles-interactive/p1b/direct_strict_track2__mesh.json.gz
p1b_direct_strict_track2	mesh	3	16.70	482	2886	<serde_json::de::Deserializer<serde_json::read::SliceRead>>::parse_integer	/Users/mkbabb/.cargo/registry/src/index.crates.io-1949cf8c6b5b557f/serde_json-1.0.149/src/de.rs	462	profile_direct	/tmp/skv15-p1/profiles-interactive/p1b/direct_strict_track2__mesh.json.gz
p1b_direct_strict_track2	mesh	4	11.75	339	2886	<u64>::wrapping_add	/Users/mkbabb/.rustup/toolchains/nightly-2026-04-11-aarch64-apple-darwin/lib/rustlib/src/rust/library/core/src/num/uint_macros.rs	2511	profile_direct	/tmp/skv15-p1/profiles-interactive/p1b/direct_strict_track2__mesh.json.gz
p1b_direct_strict_track2	mesh	5	5.54	160	2886	<alloc::vec::Vec<f64> as serde_core::de::Deserialize>::deserialize::<&mut serde_json::de::Deserializer<serde_json::read::SliceRead>>	/Users/mkbabb/.cargo/registry/src/index.crates.io-1949cf8c6b5b557f/serde_core-1.0.228/src/de/impls.rs	1139	profile_direct	/tmp/skv15-p1/profiles-interactive/p1b/direct_strict_track2__mesh.json.gz
p1b_direct_strict_track2	mesh	6	4.30	124	2886	<u32 as serde_core::de::Deserialize>::deserialize::<&mut serde_json::de::Deserializer<serde_json::read::SliceRead>>	/Users/mkbabb/.cargo/registry/src/index.crates.io-1949cf8c6b5b557f/serde_core-1.0.228/src/de/impls.rs	132	profile_direct	/tmp/skv15-p1/profiles-interactive/p1b/direct_strict_track2__mesh.json.gz
p1b_direct_strict_track2	mesh	7	3.71	107	2886	<serde_json::de::Deserializer<serde_json::read::SliceRead>>::f64_from_parts	/Users/mkbabb/.cargo/registry/src/index.crates.io-1949cf8c6b5b557f/serde_json-1.0.149/src/de.rs	645	profile_direct	/tmp/skv15-p1/profiles-interactive/p1b/direct_strict_track2__mesh.json.gz
p1b_direct_strict_track2	mesh	8	1.25	36	2886	<serde_json::de::SeqAccess<serde_json::read::SliceRead> as serde_core::de::SeqAccess>::next_element_seed::<core::marker::PhantomData<u32>>	/Users/mkbabb/.cargo/registry/src/index.crates.io-1949cf8c6b5b557f/serde_json-1.0.149/src/de.rs	1964	profile_direct	/tmp/skv15-p1/profiles-interactive/p1b/direct_strict_track2__mesh.json.gz
p1b_direct_strict_track2	mesh	9	0.80	23	2886	<alloc::raw_vec::RawVecInner>::finish_grow	/Users/mkbabb/.rustup/toolchains/nightly-2026-04-11-aarch64-apple-darwin/lib/rustlib/src/rust/library/alloc/src/raw_vec/mod.rs	543	profile_direct	/tmp/skv15-p1/profiles-interactive/p1b/direct_strict_track2__mesh.json.gz
p1b_direct_strict_track2	mesh	10	0.73	21	2886	_platform_memmove			libsystem_platform.dylib	/tmp/skv15-p1/profiles-interactive/p1b/direct_strict_track2__mesh.json.gz
p1b_direct_strict_track2	mesh	11	0.52	15	2886	_platform_memset			libsystem_platform.dylib	/tmp/skv15-p1/profiles-interactive/p1b/direct_strict_track2__mesh.json.gz
p1b_direct_strict_track2	mesh	12	0.49	14	2886	<serde_json::de::Deserializer<serde_json::read::SliceRead>>::end_seq	/Users/mkbabb/.cargo/registry/src/index.crates.io-1949cf8c6b5b557f/serde_json-1.0.149/src/de.rs	1072	profile_direct	/tmp/skv15-p1/profiles-interactive/p1b/direct_strict_track2__mesh.json.gz
p1b_direct_strict_track2	mesh	13	0.45	13	2886	0x2b450			libsystem_malloc.dylib	/tmp/skv15-p1/profiles-interactive/p1b/direct_strict_track2__mesh.json.gz
p1b_direct_strict_track2	mesh	14	0.42	12	2886	0x2b088			libsystem_malloc.dylib	/tmp/skv15-p1/profiles-interactive/p1b/direct_strict_track2__mesh.json.gz
p1b_direct_strict_track2	mesh	15	0.38	11	2886	0x2a0d4			libsystem_malloc.dylib	/tmp/skv15-p1/profiles-interactive/p1b/direct_strict_track2__mesh.json.gz
p1b_direct_strict_track2	mesh	16	0.31	9	2886	__bzero			libsystem_platform.dylib	/tmp/skv15-p1/profiles-interactive/p1b/direct_strict_track2__mesh.json.gz
p1b_direct_strict_track2	mesh	17	0.31	9	2886	mach_absolute_time			libsystem_kernel.dylib	/tmp/skv15-p1/profiles-interactive/p1b/direct_strict_track2__mesh.json.gz
p1b_direct_strict_track2	mesh	18	0.28	8	2886	0x2b06c			libsystem_malloc.dylib	/tmp/skv15-p1/profiles-interactive/p1b/direct_strict_track2__mesh.json.gz
p1b_direct_strict_track2	mesh	19	0.28	8	2886	0x3ac4c			libsystem_malloc.dylib	/tmp/skv15-p1/profiles-interactive/p1b/direct_strict_track2__mesh.json.gz
p1b_direct_strict_track2	mesh	20	0.28	8	2886	0x2ff2c			libsystem_malloc.dylib	/tmp/skv15-p1/profiles-interactive/p1b/direct_strict_track2__mesh.json.gz
p1b_direct_strict_track2	numbers	1	58.20	1849	3177	<serde_json::de::Deserializer<serde_json::read::SliceRead>>::parse_decimal	/Users/mkbabb/.cargo/registry/src/index.crates.io-1949cf8c6b5b557f/serde_json-1.0.149/src/de.rs	530	profile_direct	/tmp/skv15-p1/profiles-interactive/p1b/direct_strict_track2__numbers.json.gz
p1b_direct_strict_track2	numbers	2	11.68	371	3177	<serde_json::de::SeqAccess<_> as serde_core::de::SeqAccess>::next_element_seed::has_next_element::<serde_json::read::SliceRead>	/Users/mkbabb/.cargo/registry/src/index.crates.io-1949cf8c6b5b557f/serde_json-1.0.149/src/de.rs	1940	profile_direct	/tmp/skv15-p1/profiles-interactive/p1b/direct_strict_track2__numbers.json.gz
p1b_direct_strict_track2	numbers	3	9.79	311	3177	bbnf_bench::real_typed_struct::fold_f64_slice	/Users/mkbabb/Programming/bbnf-lang-skv15-profile-279a60646/skinny/crates/bbnf-bench/src/real_typed_struct.rs	2403	profile_direct	/tmp/skv15-p1/profiles-interactive/p1b/direct_strict_track2__numbers.json.gz
p1b_direct_strict_track2	numbers	4	7.37	234	3177	<serde_json::de::SeqAccess<serde_json::read::SliceRead> as serde_core::de::SeqAccess>::next_element_seed::<core::marker::PhantomData<f64>>	/Users/mkbabb/.cargo/registry/src/index.crates.io-1949cf8c6b5b557f/serde_json-1.0.149/src/de.rs	1964	profile_direct	/tmp/skv15-p1/profiles-interactive/p1b/direct_strict_track2__numbers.json.gz
p1b_direct_strict_track2	numbers	5	6.61	210	3177	<serde_json::read::SliceRead as serde_json::read::Read>::next	/Users/mkbabb/.cargo/registry/src/index.crates.io-1949cf8c6b5b557f/serde_json-1.0.149/src/read.rs	548	profile_direct	/tmp/skv15-p1/profiles-interactive/p1b/direct_strict_track2__numbers.json.gz
p1b_direct_strict_track2	numbers	6	4.97	158	3177	<serde_json::de::Deserializer<serde_json::read::SliceRead>>::f64_from_parts	/Users/mkbabb/.cargo/registry/src/index.crates.io-1949cf8c6b5b557f/serde_json-1.0.149/src/de.rs	645	profile_direct	/tmp/skv15-p1/profiles-interactive/p1b/direct_strict_track2__numbers.json.gz
p1b_direct_strict_track2	numbers	7	0.60	19	3177	_platform_memmove			libsystem_platform.dylib	/tmp/skv15-p1/profiles-interactive/p1b/direct_strict_track2__numbers.json.gz
p1b_direct_strict_track2	numbers	8	0.28	9	3177	mach_absolute_time			libsystem_kernel.dylib	/tmp/skv15-p1/profiles-interactive/p1b/direct_strict_track2__numbers.json.gz
p1b_direct_strict_track2	numbers	9	0.06	2	3177	0x356ac			libsystem_malloc.dylib	/tmp/skv15-p1/profiles-interactive/p1b/direct_strict_track2__numbers.json.gz
p1b_direct_strict_track2	numbers	10	0.03	1	3177	0x3192c			libsystem_malloc.dylib	/tmp/skv15-p1/profiles-interactive/p1b/direct_strict_track2__numbers.json.gz
p1b_direct_strict_track2	numbers	11	0.03	1	3177	0x15a38			libsystem_malloc.dylib	/tmp/skv15-p1/profiles-interactive/p1b/direct_strict_track2__numbers.json.gz
p1b_direct_strict_track2	numbers	12	0.03	1	3177	0x2af48			libsystem_malloc.dylib	/tmp/skv15-p1/profiles-interactive/p1b/direct_strict_track2__numbers.json.gz
p1b_direct_strict_track2	numbers	13	0.03	1	3177	0x335b8			libsystem_malloc.dylib	/tmp/skv15-p1/profiles-interactive/p1b/direct_strict_track2__numbers.json.gz
p1b_direct_strict_track2	numbers	14	0.03	1	3177	<alloc::raw_vec::RawVec<f64>>::grow_one	/Users/mkbabb/.rustup/toolchains/nightly-2026-04-11-aarch64-apple-darwin/lib/rustlib/src/rust/library/alloc/src/raw_vec/mod.rs	186	profile_direct	/tmp/skv15-p1/profiles-interactive/p1b/direct_strict_track2__numbers.json.gz
p1b_direct_strict_track2	numbers	15	0.03	1	3177	0x14ad8			libsystem_malloc.dylib	/tmp/skv15-p1/profiles-interactive/p1b/direct_strict_track2__numbers.json.gz
p1b_direct_strict_track2	numbers	16	0.03	1	3177	0x2b09c			libsystem_malloc.dylib	/tmp/skv15-p1/profiles-interactive/p1b/direct_strict_track2__numbers.json.gz
p1b_direct_strict_track2	numbers	17	0.03	1	3177	0x2b698			libsystem_malloc.dylib	/tmp/skv15-p1/profiles-interactive/p1b/direct_strict_track2__numbers.json.gz
p1b_direct_strict_track2	numbers	18	0.03	1	3177	0x33d9c			libsystem_malloc.dylib	/tmp/skv15-p1/profiles-interactive/p1b/direct_strict_track2__numbers.json.gz
p1b_direct_strict_track2	numbers	19	0.03	1	3177	0x142f8			libsystem_malloc.dylib	/tmp/skv15-p1/profiles-interactive/p1b/direct_strict_track2__numbers.json.gz
p1b_direct_strict_track2	numbers	20	0.03	1	3177	0x301d0			libsystem_malloc.dylib	/tmp/skv15-p1/profiles-interactive/p1b/direct_strict_track2__numbers.json.gz
p1b_direct_strict_track2	random	1	21.10	1028	4871	core::str::validations::run_utf8_validation	/rustc/02c7f9bec0fd583160f8bcccb830216023b07bee/library/core/src/str/validations.rs	133	profile_direct	/tmp/skv15-p1/profiles-interactive/p1b/direct_strict_track2__random.json.gz
p1b_direct_strict_track2	random	2	15.71	765	4871	<core::slice::iter::Iter<bbnf_bench::real_typed_struct::RandomUser> as core::iter::traits::iterator::Iterator>::next	/Users/mkbabb/.rustup/toolchains/nightly-2026-04-11-aarch64-apple-darwin/lib/rustlib/src/rust/library/core/src/slice/iter/macros.rs	180	profile_direct	/tmp/skv15-p1/profiles-interactive/p1b/direct_strict_track2__random.json.gz
p1b_direct_strict_track2	random	3	9.36	456	4871	<serde_json::read::SliceRead>::skip_to_escape	/Users/mkbabb/.cargo/registry/src/index.crates.io-1949cf8c6b5b557f/serde_json-1.0.149/src/read.rs	434	profile_direct	/tmp/skv15-p1/profiles-interactive/p1b/direct_strict_track2__random.json.gz
p1b_direct_strict_track2	random	4	5.21	254	4871	<serde_json::read::SliceRead as serde_json::read::Read>::parse_str	/Users/mkbabb/.cargo/registry/src/index.crates.io-1949cf8c6b5b557f/serde_json-1.0.149/src/read.rs	587	profile_direct	/tmp/skv15-p1/profiles-interactive/p1b/direct_strict_track2__random.json.gz
p1b_direct_strict_track2	random	5	5.07	247	4871	<serde_json::de::MapAccess<_> as serde_core::de::MapAccess>::next_key_seed::has_next_key::<serde_json::read::SliceRead>	/Users/mkbabb/.cargo/registry/src/index.crates.io-1949cf8c6b5b557f/serde_json-1.0.149/src/de.rs	1990	profile_direct	/tmp/skv15-p1/profiles-interactive/p1b/direct_strict_track2__random.json.gz
p1b_direct_strict_track2	random	6	3.59	175	4871	<serde_json::read::SliceRead as serde_json::read::Read>::peek	/Users/mkbabb/.cargo/registry/src/index.crates.io-1949cf8c6b5b557f/serde_json-1.0.149/src/read.rs	562	profile_direct	/tmp/skv15-p1/profiles-interactive/p1b/direct_strict_track2__random.json.gz
p1b_direct_strict_track2	random	7	2.94	143	4871	<alloc::borrow::Cow<str> as serde_core::de::Deserialize>::deserialize::<&mut serde_json::de::Deserializer<serde_json::read::SliceRead>>	/Users/mkbabb/.cargo/registry/src/index.crates.io-1949cf8c6b5b557f/serde_core-1.0.228/src/de/impls.rs	1986	profile_direct	/tmp/skv15-p1/profiles-interactive/p1b/direct_strict_track2__random.json.gz
p1b_direct_strict_track2	random	8	2.81	137	4871	_platform_memmove			libsystem_platform.dylib	/tmp/skv15-p1/profiles-interactive/p1b/direct_strict_track2__random.json.gz
p1b_direct_strict_track2	random	9	2.59	126	4871	<core::marker::PhantomData<core::option::Option<alloc::borrow::Cow<str>>> as serde_core::de::DeserializeSeed>::deserialize::<&mut serde_json::de::Deserializer<serde_json::read::SliceRead>>	/Users/mkbabb/.cargo/registry/src/index.crates.io-1949cf8c6b5b557f/serde_core-1.0.228/src/de/mod.rs	821	profile_direct	/tmp/skv15-p1/profiles-interactive/p1b/direct_strict_track2__random.json.gz
p1b_direct_strict_track2	random	10	2.55	124	4871	<core::marker::PhantomData<alloc::vec::Vec<bbnf_bench::real_typed_struct::RandomFriend>> as serde_core::de::DeserializeSeed>::deserialize::<&mut serde_json::de::Deserializer<serde_json::read::SliceRead>>	/Users/mkbabb/.cargo/registry/src/index.crates.io-1949cf8c6b5b557f/serde_core-1.0.228/src/de/mod.rs	821	profile_direct	/tmp/skv15-p1/profiles-interactive/p1b/direct_strict_track2__random.json.gz
p1b_direct_strict_track2	random	11	1.83	89	4871	<serde_json::de::SeqAccess<_> as serde_core::de::SeqAccess>::next_element_seed::has_next_element::<serde_json::read::SliceRead>	/Users/mkbabb/.cargo/registry/src/index.crates.io-1949cf8c6b5b557f/serde_json-1.0.149/src/de.rs	1937	profile_direct	/tmp/skv15-p1/profiles-interactive/p1b/direct_strict_track2__random.json.gz
p1b_direct_strict_track2	random	12	1.42	69	4871	0x2a0d4			libsystem_malloc.dylib	/tmp/skv15-p1/profiles-interactive/p1b/direct_strict_track2__random.json.gz
p1b_direct_strict_track2	random	13	1.35	66	4871	0x2b06c			libsystem_malloc.dylib	/tmp/skv15-p1/profiles-interactive/p1b/direct_strict_track2__random.json.gz
p1b_direct_strict_track2	random	14	1.27	62	4871	__bzero			libsystem_platform.dylib	/tmp/skv15-p1/profiles-interactive/p1b/direct_strict_track2__random.json.gz
p1b_direct_strict_track2	random	15	1.25	61	4871	0x2b450			libsystem_malloc.dylib	/tmp/skv15-p1/profiles-interactive/p1b/direct_strict_track2__random.json.gz
p1b_direct_strict_track2	random	16	1.19	58	4871	<serde_json::read::SliceRead as serde_json::read::Read>::next	/Users/mkbabb/.cargo/registry/src/index.crates.io-1949cf8c6b5b557f/serde_json-1.0.149/src/read.rs	548	profile_direct	/tmp/skv15-p1/profiles-interactive/p1b/direct_strict_track2__random.json.gz
p1b_direct_strict_track2	random	17	1.05	51	4871	0x2b088			libsystem_malloc.dylib	/tmp/skv15-p1/profiles-interactive/p1b/direct_strict_track2__random.json.gz
p1b_direct_strict_track2	random	18	1.03	50	4871	_platform_memset			libsystem_platform.dylib	/tmp/skv15-p1/profiles-interactive/p1b/direct_strict_track2__random.json.gz
p1b_direct_strict_track2	random	19	0.90	44	4871	<bool as serde_core::de::Deserialize>::deserialize::<&mut serde_json::de::Deserializer<serde_json::read::SliceRead>>	/Users/mkbabb/.cargo/registry/src/index.crates.io-1949cf8c6b5b557f/serde_core-1.0.228/src/de/impls.rs	71	profile_direct	/tmp/skv15-p1/profiles-interactive/p1b/direct_strict_track2__random.json.gz
p1b_direct_strict_track2	random	20	0.80	39	4871	0x2a144			libsystem_malloc.dylib	/tmp/skv15-p1/profiles-interactive/p1b/direct_strict_track2__random.json.gz
p1b_direct_strict_track2	twitter	1	38.50	502	1304	<serde_json::de::Deserializer<serde_json::read::SliceRead>>::ignore_value	/Users/mkbabb/.cargo/registry/src/index.crates.io-1949cf8c6b5b557f/serde_json-1.0.149/src/de.rs	1102	profile_direct	/tmp/skv15-p1/profiles-interactive/p1b/direct_strict_track2__twitter.json.gz
p1b_direct_strict_track2	twitter	2	25.61	334	1304	<serde_json::read::SliceRead>::skip_to_escape	/Users/mkbabb/.cargo/registry/src/index.crates.io-1949cf8c6b5b557f/serde_json-1.0.149/src/read.rs	432	profile_direct	/tmp/skv15-p1/profiles-interactive/p1b/direct_strict_track2__twitter.json.gz
p1b_direct_strict_track2	twitter	3	10.28	134	1304	<core::slice::iter::Iter<bbnf_bench::real_typed_struct::Tweet> as core::iter::traits::iterator::Iterator>::next	/Users/mkbabb/.rustup/toolchains/nightly-2026-04-11-aarch64-apple-darwin/lib/rustlib/src/rust/library/core/src/slice/iter/macros.rs	180	profile_direct	/tmp/skv15-p1/profiles-interactive/p1b/direct_strict_track2__twitter.json.gz
p1b_direct_strict_track2	twitter	4	9.59	125	1304	core::str::validations::run_utf8_validation	/rustc/02c7f9bec0fd583160f8bcccb830216023b07bee/library/core/src/str/validations.rs	133	profile_direct	/tmp/skv15-p1/profiles-interactive/p1b/direct_strict_track2__twitter.json.gz
p1b_direct_strict_track2	twitter	5	7.06	92	1304	<serde_json::read::SliceRead as serde_json::read::Read>::ignore_str	/Users/mkbabb/.cargo/registry/src/index.crates.io-1949cf8c6b5b557f/serde_json-1.0.149/src/read.rs	598	profile_direct	/tmp/skv15-p1/profiles-interactive/p1b/direct_strict_track2__twitter.json.gz
p1b_direct_strict_track2	twitter	6	2.61	34	1304	<serde_json::read::SliceRead as serde_json::read::Read>::position	/Users/mkbabb/.cargo/registry/src/index.crates.io-1949cf8c6b5b557f/serde_json-1.0.149/src/read.rs	574	profile_direct	/tmp/skv15-p1/profiles-interactive/p1b/direct_strict_track2__twitter.json.gz
p1b_direct_strict_track2	twitter	7	2.45	32	1304	<serde_json::de::MapAccess<_> as serde_core::de::MapAccess>::next_key_seed::has_next_key::<serde_json::read::SliceRead>	/Users/mkbabb/.cargo/registry/src/index.crates.io-1949cf8c6b5b557f/serde_json-1.0.149/src/de.rs	1991	profile_direct	/tmp/skv15-p1/profiles-interactive/p1b/direct_strict_track2__twitter.json.gz
p1b_direct_strict_track2	twitter	8	1.15	15	1304	<serde_json::read::SliceRead as serde_json::read::Read>::parse_str	/Users/mkbabb/.cargo/registry/src/index.crates.io-1949cf8c6b5b557f/serde_json-1.0.149/src/read.rs	587	profile_direct	/tmp/skv15-p1/profiles-interactive/p1b/direct_strict_track2__twitter.json.gz
p1b_direct_strict_track2	twitter	9	0.61	8	1304	<serde_json::de::SeqAccess<serde_json::read::SliceRead> as serde_core::de::SeqAccess>::next_element_seed::<core::marker::PhantomData<bbnf_bench::real_typed_struct::Tweet>>	/Users/mkbabb/.cargo/registry/src/index.crates.io-1949cf8c6b5b557f/serde_json-1.0.149/src/de.rs	1964	profile_direct	/tmp/skv15-p1/profiles-interactive/p1b/direct_strict_track2__twitter.json.gz
p1b_direct_strict_track2	twitter	10	0.46	6	1304	_platform_memmove			libsystem_platform.dylib	/tmp/skv15-p1/profiles-interactive/p1b/direct_strict_track2__twitter.json.gz
p1b_direct_strict_track2	twitter	11	0.23	3	1304	<serde_json::read::SliceRead as serde_json::read::Read>::peek	/Users/mkbabb/.cargo/registry/src/index.crates.io-1949cf8c6b5b557f/serde_json-1.0.149/src/read.rs	561	profile_direct	/tmp/skv15-p1/profiles-interactive/p1b/direct_strict_track2__twitter.json.gz
p1b_direct_strict_track2	twitter	12	0.15	2	1304	_platform_memset			libsystem_platform.dylib	/tmp/skv15-p1/profiles-interactive/p1b/direct_strict_track2__twitter.json.gz
p1b_direct_strict_track2	twitter	13	0.08	1	1304	read			libsystem_kernel.dylib	/tmp/skv15-p1/profiles-interactive/p1b/direct_strict_track2__twitter.json.gz
p1b_direct_strict_track2	twitter	14	0.08	1	1304	<core::marker::PhantomData<core::option::Option<u64>> as serde_core::de::DeserializeSeed>::deserialize::<&mut serde_json::de::Deserializer<serde_json::read::SliceRead>>	/Users/mkbabb/.cargo/registry/src/index.crates.io-1949cf8c6b5b557f/serde_core-1.0.228/src/de/mod.rs	821	profile_direct	/tmp/skv15-p1/profiles-interactive/p1b/direct_strict_track2__twitter.json.gz
p1b_direct_strict_track2	twitter	15	0.08	1	1304	0x3192c			libsystem_malloc.dylib	/tmp/skv15-p1/profiles-interactive/p1b/direct_strict_track2__twitter.json.gz
p1b_direct_strict_track2	twitter	16	0.08	1	1304	0x2b450			libsystem_malloc.dylib	/tmp/skv15-p1/profiles-interactive/p1b/direct_strict_track2__twitter.json.gz
p1b_direct_strict_track2	twitter	17	0.08	1	1304	0x2b140			libsystem_malloc.dylib	/tmp/skv15-p1/profiles-interactive/p1b/direct_strict_track2__twitter.json.gz
p1b_direct_strict_track2	twitter	18	0.08	1	1304	<serde_json::read::SliceRead as serde_json::read::Read>::peek	/Users/mkbabb/.cargo/registry/src/index.crates.io-1949cf8c6b5b557f/serde_json-1.0.149/src/read.rs	562	profile_direct	/tmp/skv15-p1/profiles-interactive/p1b/direct_strict_track2__twitter.json.gz
p1b_direct_strict_track2	twitter	19	0.08	1	1304	<serde_json::de::Deserializer<serde_json::read::SliceRead>>::deserialize_number::<<u64 as serde_core::de::Deserialize>::deserialize::PrimitiveVisitor>	/Users/mkbabb/.cargo/registry/src/index.crates.io-1949cf8c6b5b557f/serde_json-1.0.149/src/de.rs	335	profile_direct	/tmp/skv15-p1/profiles-interactive/p1b/direct_strict_track2__twitter.json.gz
p1b_direct_strict_track2	twitter	20	0.08	1	1304	0x3020c			libsystem_malloc.dylib	/tmp/skv15-p1/profiles-interactive/p1b/direct_strict_track2__twitter.json.gz
p1b_direct_strict_track2	unicode_basic	1	24.96	2056	8238	core::str::validations::run_utf8_validation	/rustc/02c7f9bec0fd583160f8bcccb830216023b07bee/library/core/src/str/validations.rs	133	profile_direct	/tmp/skv15-p1/profiles-interactive/p1b/direct_strict_track2__unicode_basic.json.gz
p1b_direct_strict_track2	unicode_basic	2	23.25	1915	8238	bbnf_bench::real_typed_struct::checksum_unicode_basic	/Users/mkbabb/Programming/bbnf-lang-skv15-profile-279a60646/skinny/crates/bbnf-bench/src/real_typed_struct.rs		profile_direct	/tmp/skv15-p1/profiles-interactive/p1b/direct_strict_track2__unicode_basic.json.gz
p1b_direct_strict_track2	unicode_basic	3	7.47	615	8238	<serde_json::read::SliceRead>::skip_to_escape	/Users/mkbabb/.cargo/registry/src/index.crates.io-1949cf8c6b5b557f/serde_json-1.0.149/src/read.rs	434	profile_direct	/tmp/skv15-p1/profiles-interactive/p1b/direct_strict_track2__unicode_basic.json.gz
p1b_direct_strict_track2	unicode_basic	4	3.35	276	8238	<serde_json::read::SliceRead as serde_json::read::Read>::parse_str	/Users/mkbabb/.cargo/registry/src/index.crates.io-1949cf8c6b5b557f/serde_json-1.0.149/src/read.rs	587	profile_direct	/tmp/skv15-p1/profiles-interactive/p1b/direct_strict_track2__unicode_basic.json.gz
p1b_direct_strict_track2	unicode_basic	5	3.11	256	8238	<serde_json::de::MapAccess<_> as serde_core::de::MapAccess>::next_key_seed::has_next_key::<serde_json::read::SliceRead>	/Users/mkbabb/.cargo/registry/src/index.crates.io-1949cf8c6b5b557f/serde_json-1.0.149/src/de.rs	1990	profile_direct	/tmp/skv15-p1/profiles-interactive/p1b/direct_strict_track2__unicode_basic.json.gz
p1b_direct_strict_track2	unicode_basic	6	3.08	254	8238	_platform_memmove			libsystem_platform.dylib	/tmp/skv15-p1/profiles-interactive/p1b/direct_strict_track2__unicode_basic.json.gz
p1b_direct_strict_track2	unicode_basic	7	2.35	194	8238	<alloc::borrow::Cow<str> as serde_core::de::Deserialize>::deserialize::<&mut serde_json::de::Deserializer<serde_json::read::SliceRead>>	/Users/mkbabb/.cargo/registry/src/index.crates.io-1949cf8c6b5b557f/serde_core-1.0.228/src/de/impls.rs	1986	profile_direct	/tmp/skv15-p1/profiles-interactive/p1b/direct_strict_track2__unicode_basic.json.gz
p1b_direct_strict_track2	unicode_basic	8	2.32	191	8238	<alloc::raw_vec::RawVecInner>::capacity	/Users/mkbabb/.rustup/toolchains/nightly-2026-04-11-aarch64-apple-darwin/lib/rustlib/src/rust/library/alloc/src/raw_vec/mod.rs	619	profile_direct	/tmp/skv15-p1/profiles-interactive/p1b/direct_strict_track2__unicode_basic.json.gz
p1b_direct_strict_track2	unicode_basic	9	2.14	176	8238	<serde_json::de::SeqAccess<_> as serde_core::de::SeqAccess>::next_element_seed::has_next_element::<serde_json::read::SliceRead>	/Users/mkbabb/.cargo/registry/src/index.crates.io-1949cf8c6b5b557f/serde_json-1.0.149/src/de.rs	1937	profile_direct	/tmp/skv15-p1/profiles-interactive/p1b/direct_strict_track2__unicode_basic.json.gz
p1b_direct_strict_track2	unicode_basic	10	1.70	140	8238	0x2b06c			libsystem_malloc.dylib	/tmp/skv15-p1/profiles-interactive/p1b/direct_strict_track2__unicode_basic.json.gz
p1b_direct_strict_track2	unicode_basic	11	1.58	130	8238	0x2a0d4			libsystem_malloc.dylib	/tmp/skv15-p1/profiles-interactive/p1b/direct_strict_track2__unicode_basic.json.gz
p1b_direct_strict_track2	unicode_basic	12	1.29	106	8238	<serde_json::read::SliceRead as serde_json::read::Read>::next	/Users/mkbabb/.cargo/registry/src/index.crates.io-1949cf8c6b5b557f/serde_json-1.0.149/src/read.rs	548	profile_direct	/tmp/skv15-p1/profiles-interactive/p1b/direct_strict_track2__unicode_basic.json.gz
p1b_direct_strict_track2	unicode_basic	13	1.12	92	8238	0x2b450			libsystem_malloc.dylib	/tmp/skv15-p1/profiles-interactive/p1b/direct_strict_track2__unicode_basic.json.gz
p1b_direct_strict_track2	unicode_basic	14	0.89	73	8238	<core::marker::PhantomData<core::option::Option<alloc::borrow::Cow<str>>> as serde_core::de::DeserializeSeed>::deserialize::<&mut serde_json::de::Deserializer<serde_json::read::SliceRead>>	/Users/mkbabb/.cargo/registry/src/index.crates.io-1949cf8c6b5b557f/serde_core-1.0.228/src/de/mod.rs	821	profile_direct	/tmp/skv15-p1/profiles-interactive/p1b/direct_strict_track2__unicode_basic.json.gz
p1b_direct_strict_track2	unicode_basic	15	0.87	72	8238	<core::marker::PhantomData<alloc::vec::Vec<alloc::borrow::Cow<str>>> as serde_core::de::DeserializeSeed>::deserialize::<&mut serde_json::de::Deserializer<serde_json::read::SliceRead>>	/Users/mkbabb/.cargo/registry/src/index.crates.io-1949cf8c6b5b557f/serde_core-1.0.228/src/de/mod.rs	821	profile_direct	/tmp/skv15-p1/profiles-interactive/p1b/direct_strict_track2__unicode_basic.json.gz
p1b_direct_strict_track2	unicode_basic	16	0.79	65	8238	0x2b088			libsystem_malloc.dylib	/tmp/skv15-p1/profiles-interactive/p1b/direct_strict_track2__unicode_basic.json.gz
p1b_direct_strict_track2	unicode_basic	17	0.64	53	8238	_platform_memset			libsystem_platform.dylib	/tmp/skv15-p1/profiles-interactive/p1b/direct_strict_track2__unicode_basic.json.gz
p1b_direct_strict_track2	unicode_basic	18	0.63	52	8238	__bzero			libsystem_platform.dylib	/tmp/skv15-p1/profiles-interactive/p1b/direct_strict_track2__unicode_basic.json.gz
p1b_direct_strict_track2	unicode_basic	19	0.62	51	8238	<core::marker::PhantomData<core::option::Option<u64>> as serde_core::de::DeserializeSeed>::deserialize::<&mut serde_json::de::Deserializer<serde_json::read::SliceRead>>	/Users/mkbabb/.cargo/registry/src/index.crates.io-1949cf8c6b5b557f/serde_core-1.0.228/src/de/mod.rs	821	profile_direct	/tmp/skv15-p1/profiles-interactive/p1b/direct_strict_track2__unicode_basic.json.gz
p1b_direct_strict_track2	unicode_basic	20	0.50	41	8238	0x2a144			libsystem_malloc.dylib	/tmp/skv15-p1/profiles-interactive/p1b/direct_strict_track2__unicode_basic.json.gz
p1b_direct_strict_track2	unicode_escapes	1	61.93	2987	4823	<serde_json::de::MapAccess<serde_json::read::SliceRead> as serde_core::de::MapAccess>::next_value_seed::<core::marker::PhantomData<core::option::Option<bbnf_bench::real_typed_struct::UnicodeEscapesMeta>>>	/Users/mkbabb/.cargo/registry/src/index.crates.io-1949cf8c6b5b557f/serde_json-1.0.149/src/de.rs	2033	profile_direct	/tmp/skv15-p1/profiles-interactive/p1b/direct_strict_track2__unicode_escapes.json.gz
p1b_direct_strict_track2	unicode_escapes	2	18.74	904	4823	<serde_json::read::SliceRead as serde_json::read::Read>::ignore_str	/Users/mkbabb/.cargo/registry/src/index.crates.io-1949cf8c6b5b557f/serde_json-1.0.149/src/read.rs	598	profile_direct	/tmp/skv15-p1/profiles-interactive/p1b/direct_strict_track2__unicode_escapes.json.gz
p1b_direct_strict_track2	unicode_escapes	3	14.76	712	4823	<serde_json::read::SliceRead>::skip_to_escape	/Users/mkbabb/.cargo/registry/src/index.crates.io-1949cf8c6b5b557f/serde_json-1.0.149/src/read.rs	434	profile_direct	/tmp/skv15-p1/profiles-interactive/p1b/direct_strict_track2__unicode_escapes.json.gz
p1b_direct_strict_track2	unicode_escapes	4	2.16	104	4823	core::str::validations::run_utf8_validation	/rustc/02c7f9bec0fd583160f8bcccb830216023b07bee/library/core/src/str/validations.rs	133	profile_direct	/tmp/skv15-p1/profiles-interactive/p1b/direct_strict_track2__unicode_escapes.json.gz
p1b_direct_strict_track2	unicode_escapes	5	0.37	18	4823	<alloc::raw_vec::RawVecInner>::capacity	/Users/mkbabb/.rustup/toolchains/nightly-2026-04-11-aarch64-apple-darwin/lib/rustlib/src/rust/library/alloc/src/raw_vec/mod.rs	619	profile_direct	/tmp/skv15-p1/profiles-interactive/p1b/direct_strict_track2__unicode_escapes.json.gz
p1b_direct_strict_track2	unicode_escapes	6	0.35	17	4823	<serde_json::read::SliceRead as serde_json::read::Read>::next	/Users/mkbabb/.cargo/registry/src/index.crates.io-1949cf8c6b5b557f/serde_json-1.0.149/src/read.rs	548	profile_direct	/tmp/skv15-p1/profiles-interactive/p1b/direct_strict_track2__unicode_escapes.json.gz
p1b_direct_strict_track2	unicode_escapes	7	0.33	16	4823	<serde_json::de::MapAccess<_> as serde_core::de::MapAccess>::next_key_seed::has_next_key::<serde_json::read::SliceRead>	/Users/mkbabb/.cargo/registry/src/index.crates.io-1949cf8c6b5b557f/serde_json-1.0.149/src/de.rs	1991	profile_direct	/tmp/skv15-p1/profiles-interactive/p1b/direct_strict_track2__unicode_escapes.json.gz
p1b_direct_strict_track2	unicode_escapes	8	0.25	12	4823	<core::marker::PhantomData<core::option::Option<&serde_json::raw::RawValue>> as serde_core::de::DeserializeSeed>::deserialize::<&mut serde_json::de::Deserializer<serde_json::read::SliceRead>>	/Users/mkbabb/.cargo/registry/src/index.crates.io-1949cf8c6b5b557f/serde_core-1.0.228/src/de/mod.rs	821	profile_direct	/tmp/skv15-p1/profiles-interactive/p1b/direct_strict_track2__unicode_escapes.json.gz
p1b_direct_strict_track2	unicode_escapes	9	0.21	10	4823	<serde_json::read::SliceRead>::parse_str_bytes::<str, serde_json::read::as_str<serde_json::read::SliceRead>>	/Users/mkbabb/.cargo/registry/src/index.crates.io-1949cf8c6b5b557f/serde_json-1.0.149/src/read.rs	508	profile_direct	/tmp/skv15-p1/profiles-interactive/p1b/direct_strict_track2__unicode_escapes.json.gz
p1b_direct_strict_track2	unicode_escapes	10	0.15	7	4823	<serde_json::de::SeqAccess<_> as serde_core::de::SeqAccess>::next_element_seed::has_next_element::<serde_json::read::SliceRead>	/Users/mkbabb/.cargo/registry/src/index.crates.io-1949cf8c6b5b557f/serde_json-1.0.149/src/de.rs	1940	profile_direct	/tmp/skv15-p1/profiles-interactive/p1b/direct_strict_track2__unicode_escapes.json.gz
p1b_direct_strict_track2	unicode_escapes	11	0.15	7	4823	<u64 as serde_core::de::Deserialize>::deserialize::<&mut serde_json::de::Deserializer<serde_json::read::SliceRead>>	/Users/mkbabb/.cargo/registry/src/index.crates.io-1949cf8c6b5b557f/serde_core-1.0.228/src/de/impls.rs	132	profile_direct	/tmp/skv15-p1/profiles-interactive/p1b/direct_strict_track2__unicode_escapes.json.gz
p1b_direct_strict_track2	unicode_escapes	12	0.15	7	4823	<alloc::vec::Vec<u8>>::clear	/Users/mkbabb/.rustup/toolchains/nightly-2026-04-11-aarch64-apple-darwin/lib/rustlib/src/rust/library/alloc/src/vec/mod.rs		profile_direct	/tmp/skv15-p1/profiles-interactive/p1b/direct_strict_track2__unicode_escapes.json.gz
p1b_direct_strict_track2	unicode_escapes	13	0.15	7	4823	<serde_json::read::SliceRead as serde_json::read::Read>::peek	/Users/mkbabb/.cargo/registry/src/index.crates.io-1949cf8c6b5b557f/serde_json-1.0.149/src/read.rs	562	profile_direct	/tmp/skv15-p1/profiles-interactive/p1b/direct_strict_track2__unicode_escapes.json.gz
p1b_direct_strict_track2	unicode_escapes	14	0.12	6	4823	<core::ptr::non_null::NonNull<bbnf_bench::real_typed_struct::UnicodeEscapesRecord> as core::cmp::PartialEq>::eq	/Users/mkbabb/.rustup/toolchains/nightly-2026-04-11-aarch64-apple-darwin/lib/rustlib/src/rust/library/core/src/ptr/non_null.rs	1717	profile_direct	/tmp/skv15-p1/profiles-interactive/p1b/direct_strict_track2__unicode_escapes.json.gz
p1b_direct_strict_track2	unicode_escapes	15	0.06	3	4823	<serde_json::de::Deserializer<serde_json::read::SliceRead>>::end_map	/Users/mkbabb/.cargo/registry/src/index.crates.io-1949cf8c6b5b557f/serde_json-1.0.149/src/de.rs	1090	profile_direct	/tmp/skv15-p1/profiles-interactive/p1b/direct_strict_track2__unicode_escapes.json.gz
p1b_direct_strict_track2	unicode_escapes	16	0.02	1	4823	read			libsystem_kernel.dylib	/tmp/skv15-p1/profiles-interactive/p1b/direct_strict_track2__unicode_escapes.json.gz
p1b_direct_strict_track2	unicode_escapes	17	0.02	1	4823	mach_absolute_time			libsystem_kernel.dylib	/tmp/skv15-p1/profiles-interactive/p1b/direct_strict_track2__unicode_escapes.json.gz
p1b_direct_strict_track2	unicode_escapes	18	0.02	1	4823	0x32880			libsystem_malloc.dylib	/tmp/skv15-p1/profiles-interactive/p1b/direct_strict_track2__unicode_escapes.json.gz
p1b_direct_strict_track2	unicode_escapes	19	0.02	1	4823	_platform_memmove			libsystem_platform.dylib	/tmp/skv15-p1/profiles-interactive/p1b/direct_strict_track2__unicode_escapes.json.gz
p1b_direct_strict_track2	unicode_escapes	20	0.02	1	4823	<std::alloc::System as core::alloc::global::GlobalAlloc>::realloc	/rustc/02c7f9bec0fd583160f8bcccb830216023b07bee/library/std/src/sys/alloc/unix.rs	53	profile_direct	/tmp/skv15-p1/profiles-interactive/p1b/direct_strict_track2__unicode_escapes.json.gz
p1b_direct_strict_track2	unicode_mixed	1	31.23	2944	9428	<bbnf_bench::real_typed_struct::DecodedJsonString as serde_core::de::Deserialize>::deserialize::<&mut serde_json::de::Deserializer<serde_json::read::SliceRead>>	/Users/mkbabb/Programming/bbnf-lang-skv15-profile-279a60646/skinny/crates/bbnf-bench/src/real_typed_struct.rs	812	profile_direct	/tmp/skv15-p1/profiles-interactive/p1b/direct_strict_track2__unicode_mixed.json.gz
p1b_direct_strict_track2	unicode_mixed	2	18.63	1756	9428	core::str::validations::run_utf8_validation	/rustc/02c7f9bec0fd583160f8bcccb830216023b07bee/library/core/src/str/validations.rs	133	profile_direct	/tmp/skv15-p1/profiles-interactive/p1b/direct_strict_track2__unicode_mixed.json.gz
p1b_direct_strict_track2	unicode_mixed	3	13.06	1231	9428	<serde_json::read::SliceRead>::skip_to_escape	/Users/mkbabb/.cargo/registry/src/index.crates.io-1949cf8c6b5b557f/serde_json-1.0.149/src/read.rs	434	profile_direct	/tmp/skv15-p1/profiles-interactive/p1b/direct_strict_track2__unicode_mixed.json.gz
p1b_direct_strict_track2	unicode_mixed	4	12.89	1215	9428	serde_json::read::parse_escape::<serde_json::read::SliceRead>	/Users/mkbabb/.cargo/registry/src/index.crates.io-1949cf8c6b5b557f/serde_json-1.0.149/src/read.rs	874	profile_direct	/tmp/skv15-p1/profiles-interactive/p1b/direct_strict_track2__unicode_mixed.json.gz
p1b_direct_strict_track2	unicode_mixed	5	8.36	788	9428	_platform_memmove			libsystem_platform.dylib	/tmp/skv15-p1/profiles-interactive/p1b/direct_strict_track2__unicode_mixed.json.gz
p1b_direct_strict_track2	unicode_mixed	6	3.67	346	9428	<serde_json::read::SliceRead as serde_json::read::Read>::parse_str	/Users/mkbabb/.cargo/registry/src/index.crates.io-1949cf8c6b5b557f/serde_json-1.0.149/src/read.rs	587	profile_direct	/tmp/skv15-p1/profiles-interactive/p1b/direct_strict_track2__unicode_mixed.json.gz
p1b_direct_strict_track2	unicode_mixed	7	2.26	213	9428	<serde_json::de::Deserializer<serde_json::read::SliceRead>>::parse_integer	/Users/mkbabb/.cargo/registry/src/index.crates.io-1949cf8c6b5b557f/serde_json-1.0.149/src/de.rs	462	profile_direct	/tmp/skv15-p1/profiles-interactive/p1b/direct_strict_track2__unicode_mixed.json.gz
p1b_direct_strict_track2	unicode_mixed	8	1.63	154	9428	<serde_json::de::MapAccess<_> as serde_core::de::MapAccess>::next_key_seed::has_next_key::<serde_json::read::SliceRead>	/Users/mkbabb/.cargo/registry/src/index.crates.io-1949cf8c6b5b557f/serde_json-1.0.149/src/de.rs	1990	profile_direct	/tmp/skv15-p1/profiles-interactive/p1b/direct_strict_track2__unicode_mixed.json.gz
p1b_direct_strict_track2	unicode_mixed	9	1.34	126	9428	<core::marker::PhantomData<alloc::vec::Vec<bbnf_bench::real_typed_struct::UnicodeMixedRecord>> as serde_core::de::DeserializeSeed>::deserialize::<&mut serde_json::de::Deserializer<serde_json::read::SliceRead>>	/Users/mkbabb/.cargo/registry/src/index.crates.io-1949cf8c6b5b557f/serde_core-1.0.228/src/de/mod.rs	821	profile_direct	/tmp/skv15-p1/profiles-interactive/p1b/direct_strict_track2__unicode_mixed.json.gz
p1b_direct_strict_track2	unicode_mixed	10	1.27	120	9428	<core::marker::PhantomData<core::option::Option<u64>> as serde_core::de::DeserializeSeed>::deserialize::<&mut serde_json::de::Deserializer<serde_json::read::SliceRead>>	/Users/mkbabb/.cargo/registry/src/index.crates.io-1949cf8c6b5b557f/serde_core-1.0.228/src/de/mod.rs	821	profile_direct	/tmp/skv15-p1/profiles-interactive/p1b/direct_strict_track2__unicode_mixed.json.gz
p1b_direct_strict_track2	unicode_mixed	11	0.90	85	9428	<[u8] as core::cmp::PartialEq>::eq	/Users/mkbabb/.rustup/toolchains/nightly-2026-04-11-aarch64-apple-darwin/lib/rustlib/src/rust/library/core/src/slice/cmp.rs	22	profile_direct	/tmp/skv15-p1/profiles-interactive/p1b/direct_strict_track2__unicode_mixed.json.gz
p1b_direct_strict_track2	unicode_mixed	12	0.65	61	9428	<u64 as serde_core::de::Deserialize>::deserialize::<&mut serde_json::de::Deserializer<serde_json::read::SliceRead>>	/Users/mkbabb/.cargo/registry/src/index.crates.io-1949cf8c6b5b557f/serde_core-1.0.228/src/de/impls.rs	132	profile_direct	/tmp/skv15-p1/profiles-interactive/p1b/direct_strict_track2__unicode_mixed.json.gz
p1b_direct_strict_track2	unicode_mixed	13	0.43	41	9428	<core::marker::PhantomData<core::option::Option<bbnf_bench::real_typed_struct::UnicodeMixedRecordType>> as serde_core::de::DeserializeSeed>::deserialize::<&mut serde_json::de::Deserializer<serde_json::read::SliceRead>>	/Users/mkbabb/.cargo/registry/src/index.crates.io-1949cf8c6b5b557f/serde_core-1.0.228/src/de/mod.rs	821	profile_direct	/tmp/skv15-p1/profiles-interactive/p1b/direct_strict_track2__unicode_mixed.json.gz
p1b_direct_strict_track2	unicode_mixed	14	0.37	35	9428	<core::option::Option<u64>>::map_or_else::<u64, bbnf_bench::real_typed_struct::fold_opt_u64::{closure#0}, bbnf_bench::real_typed_struct::fold_opt_u64::{closure#1}>	/Users/mkbabb/.rustup/toolchains/nightly-2026-04-11-aarch64-apple-darwin/lib/rustlib/src/rust/library/core/src/option.rs	1276	profile_direct	/tmp/skv15-p1/profiles-interactive/p1b/direct_strict_track2__unicode_mixed.json.gz
p1b_direct_strict_track2	unicode_mixed	15	0.30	28	9428	<serde_json::de::SeqAccess<_> as serde_core::de::SeqAccess>::next_element_seed::has_next_element::<serde_json::read::SliceRead>	/Users/mkbabb/.cargo/registry/src/index.crates.io-1949cf8c6b5b557f/serde_json-1.0.149/src/de.rs	1940	profile_direct	/tmp/skv15-p1/profiles-interactive/p1b/direct_strict_track2__unicode_mixed.json.gz
p1b_direct_strict_track2	unicode_mixed	16	0.29	27	9428	<core::marker::PhantomData<core::option::Option<bbnf_bench::real_typed_struct::DecodedJsonString>> as serde_core::de::DeserializeSeed>::deserialize::<&mut serde_json::de::Deserializer<serde_json::read::SliceRead>>	/Users/mkbabb/.cargo/registry/src/index.crates.io-1949cf8c6b5b557f/serde_core-1.0.228/src/de/mod.rs	821	profile_direct	/tmp/skv15-p1/profiles-interactive/p1b/direct_strict_track2__unicode_mixed.json.gz
p1b_direct_strict_track2	unicode_mixed	17	0.28	26	9428	0x270edc			profile_direct	/tmp/skv15-p1/profiles-interactive/p1b/direct_strict_track2__unicode_mixed.json.gz
p1b_direct_strict_track2	unicode_mixed	18	0.25	24	9428	_platform_memset			libsystem_platform.dylib	/tmp/skv15-p1/profiles-interactive/p1b/direct_strict_track2__unicode_mixed.json.gz
p1b_direct_strict_track2	unicode_mixed	19	0.18	17	9428	alloc::alloc::dealloc_nonnull	/Users/mkbabb/.rustup/toolchains/nightly-2026-04-11-aarch64-apple-darwin/lib/rustlib/src/rust/library/alloc/src/alloc.rs	128	profile_direct	/tmp/skv15-p1/profiles-interactive/p1b/direct_strict_track2__unicode_mixed.json.gz
p1b_direct_strict_track2	unicode_mixed	20	0.14	13	9428	0x2b06c			libsystem_malloc.dylib	/tmp/skv15-p1/profiles-interactive/p1b/direct_strict_track2__unicode_mixed.json.gz
p1b_direct_strict_track2	update_center	1	24.04	824	3427	<serde_json::read::SliceRead>::skip_to_escape	/Users/mkbabb/.cargo/registry/src/index.crates.io-1949cf8c6b5b557f/serde_json-1.0.149/src/read.rs	432	profile_direct	/tmp/skv15-p1/profiles-interactive/p1b/direct_strict_track2__update_center.json.gz
p1b_direct_strict_track2	update_center	2	18.94	649	3427	core::str::validations::run_utf8_validation	/rustc/02c7f9bec0fd583160f8bcccb830216023b07bee/library/core/src/str/validations.rs	133	profile_direct	/tmp/skv15-p1/profiles-interactive/p1b/direct_strict_track2__update_center.json.gz
p1b_direct_strict_track2	update_center	3	16.81	576	3427	<u64>::wrapping_add	/Users/mkbabb/.rustup/toolchains/nightly-2026-04-11-aarch64-apple-darwin/lib/rustlib/src/rust/library/core/src/num/uint_macros.rs	2511	profile_direct	/tmp/skv15-p1/profiles-interactive/p1b/direct_strict_track2__update_center.json.gz
p1b_direct_strict_track2	update_center	4	9.66	331	3427	<serde_json::de::Deserializer<serde_json::read::SliceRead>>::ignore_value	/Users/mkbabb/.cargo/registry/src/index.crates.io-1949cf8c6b5b557f/serde_json-1.0.149/src/de.rs	1102	profile_direct	/tmp/skv15-p1/profiles-interactive/p1b/direct_strict_track2__update_center.json.gz
p1b_direct_strict_track2	update_center	5	4.26	146	3427	<serde_json::read::SliceRead as serde_json::read::Read>::parse_str	/Users/mkbabb/.cargo/registry/src/index.crates.io-1949cf8c6b5b557f/serde_json-1.0.149/src/read.rs	587	profile_direct	/tmp/skv15-p1/profiles-interactive/p1b/direct_strict_track2__update_center.json.gz
p1b_direct_strict_track2	update_center	6	4.17	143	3427	<serde_json::de::MapAccess<_> as serde_core::de::MapAccess>::next_key_seed::has_next_key::<serde_json::read::SliceRead>	/Users/mkbabb/.cargo/registry/src/index.crates.io-1949cf8c6b5b557f/serde_json-1.0.149/src/de.rs	1991	profile_direct	/tmp/skv15-p1/profiles-interactive/p1b/direct_strict_track2__update_center.json.gz
p1b_direct_strict_track2	update_center	7	3.82	131	3427	<alloc::vec::Vec<bbnf_bench::real_typed_struct::PluginEntry>>::push_mut	/Users/mkbabb/.rustup/toolchains/nightly-2026-04-11-aarch64-apple-darwin/lib/rustlib/src/rust/library/alloc/src/vec/mod.rs	1041	profile_direct	/tmp/skv15-p1/profiles-interactive/p1b/direct_strict_track2__update_center.json.gz
p1b_direct_strict_track2	update_center	8	3.50	120	3427	<serde_json::read::SliceRead as serde_json::read::Read>::ignore_str	/Users/mkbabb/.cargo/registry/src/index.crates.io-1949cf8c6b5b557f/serde_json-1.0.149/src/read.rs	598	profile_direct	/tmp/skv15-p1/profiles-interactive/p1b/direct_strict_track2__update_center.json.gz
p1b_direct_strict_track2	update_center	9	2.22	76	3427	_platform_memmove			libsystem_platform.dylib	/tmp/skv15-p1/profiles-interactive/p1b/direct_strict_track2__update_center.json.gz
p1b_direct_strict_track2	update_center	10	1.11	38	3427	<alloc::borrow::Cow<str> as serde_core::de::Deserialize>::deserialize::<&mut serde_json::de::Deserializer<serde_json::read::SliceRead>>	/Users/mkbabb/.cargo/registry/src/index.crates.io-1949cf8c6b5b557f/serde_core-1.0.228/src/de/impls.rs	1986	profile_direct	/tmp/skv15-p1/profiles-interactive/p1b/direct_strict_track2__update_center.json.gz
p1b_direct_strict_track2	update_center	11	0.73	25	3427	<core::marker::PhantomData<core::option::Option<alloc::borrow::Cow<str>>> as serde_core::de::DeserializeSeed>::deserialize::<&mut serde_json::de::Deserializer<serde_json::read::SliceRead>>	/Users/mkbabb/.cargo/registry/src/index.crates.io-1949cf8c6b5b557f/serde_core-1.0.228/src/de/mod.rs	821	profile_direct	/tmp/skv15-p1/profiles-interactive/p1b/direct_strict_track2__update_center.json.gz
p1b_direct_strict_track2	update_center	12	0.53	18	3427	0x2b450			libsystem_malloc.dylib	/tmp/skv15-p1/profiles-interactive/p1b/direct_strict_track2__update_center.json.gz
p1b_direct_strict_track2	update_center	13	0.35	12	3427	0x30078			libsystem_malloc.dylib	/tmp/skv15-p1/profiles-interactive/p1b/direct_strict_track2__update_center.json.gz
p1b_direct_strict_track2	update_center	14	0.35	12	3427	0x2b06c			libsystem_malloc.dylib	/tmp/skv15-p1/profiles-interactive/p1b/direct_strict_track2__update_center.json.gz
p1b_direct_strict_track2	update_center	15	0.32	11	3427	0x2a0d4			libsystem_malloc.dylib	/tmp/skv15-p1/profiles-interactive/p1b/direct_strict_track2__update_center.json.gz
p1b_direct_strict_track2	update_center	16	0.29	10	3427	0x2a144			libsystem_malloc.dylib	/tmp/skv15-p1/profiles-interactive/p1b/direct_strict_track2__update_center.json.gz
p1b_direct_strict_track2	update_center	17	0.29	10	3427	0x2b1bc			libsystem_malloc.dylib	/tmp/skv15-p1/profiles-interactive/p1b/direct_strict_track2__update_center.json.gz
p1b_direct_strict_track2	update_center	18	0.29	10	3427	0x2b68c			libsystem_malloc.dylib	/tmp/skv15-p1/profiles-interactive/p1b/direct_strict_track2__update_center.json.gz
p1b_direct_strict_track2	update_center	19	0.29	10	3427	__bzero			libsystem_platform.dylib	/tmp/skv15-p1/profiles-interactive/p1b/direct_strict_track2__update_center.json.gz
p1b_direct_strict_track2	update_center	20	0.26	9	3427	0x2b088			libsystem_malloc.dylib	/tmp/skv15-p1/profiles-interactive/p1b/direct_strict_track2__update_center.json.gz
p1b_direct_strict_track2	y_string_unicode	1	26.17	2923	11168	serde_json::read::parse_unicode_escape::<serde_json::read::SliceRead>	/Users/mkbabb/.cargo/registry/src/index.crates.io-1949cf8c6b5b557f/serde_json-1.0.149/src/read.rs	900	profile_direct	/tmp/skv15-p1/profiles-interactive/p1b/direct_strict_track2__y_string_unicode.json.gz
p1b_direct_strict_track2	y_string_unicode	2	14.05	1569	11168	core::str::validations::run_utf8_validation	/rustc/02c7f9bec0fd583160f8bcccb830216023b07bee/library/core/src/str/validations.rs	133	profile_direct	/tmp/skv15-p1/profiles-interactive/p1b/direct_strict_track2__y_string_unicode.json.gz
p1b_direct_strict_track2	y_string_unicode	3	12.83	1433	11168	<serde_json::read::SliceRead>::skip_to_escape	/Users/mkbabb/.cargo/registry/src/index.crates.io-1949cf8c6b5b557f/serde_json-1.0.149/src/read.rs	432	profile_direct	/tmp/skv15-p1/profiles-interactive/p1b/direct_strict_track2__y_string_unicode.json.gz
p1b_direct_strict_track2	y_string_unicode	4	12.54	1400	11168	<serde_json::read::SliceRead as serde_json::read::Read>::parse_str	/Users/mkbabb/.cargo/registry/src/index.crates.io-1949cf8c6b5b557f/serde_json-1.0.149/src/read.rs	587	profile_direct	/tmp/skv15-p1/profiles-interactive/p1b/direct_strict_track2__y_string_unicode.json.gz
p1b_direct_strict_track2	y_string_unicode	5	8.76	978	11168	<serde_json::de::SeqAccess<_> as serde_core::de::SeqAccess>::next_element_seed::has_next_element::<serde_json::read::SliceRead>	/Users/mkbabb/.cargo/registry/src/index.crates.io-1949cf8c6b5b557f/serde_json-1.0.149/src/de.rs	1937	profile_direct	/tmp/skv15-p1/profiles-interactive/p1b/direct_strict_track2__y_string_unicode.json.gz
p1b_direct_strict_track2	y_string_unicode	6	7.66	855	11168	bbnf_bench::real_typed_struct::checksum_y_string_unicode	/Users/mkbabb/Programming/bbnf-lang-skv15-profile-279a60646/skinny/crates/bbnf-bench/src/real_typed_struct.rs	2082	profile_direct	/tmp/skv15-p1/profiles-interactive/p1b/direct_strict_track2__y_string_unicode.json.gz
p1b_direct_strict_track2	y_string_unicode	7	5.84	652	11168	<<alloc::vec::Vec<_> as serde_core::de::Deserialize>::deserialize::VecVisitor<bbnf_bench::real_typed_struct::YStringUnicodeToken> as serde_core::de::Visitor>::visit_seq::<serde_json::de::SeqAccess<serde_json::read::SliceRead>>	/Users/mkbabb/.cargo/registry/src/index.crates.io-1949cf8c6b5b557f/serde_core-1.0.228/src/de/impls.rs		profile_direct	/tmp/skv15-p1/profiles-interactive/p1b/direct_strict_track2__y_string_unicode.json.gz
p1b_direct_strict_track2	y_string_unicode	8	5.78	646	11168	serde_json::read::parse_escape::<serde_json::read::SliceRead>	/Users/mkbabb/.cargo/registry/src/index.crates.io-1949cf8c6b5b557f/serde_json-1.0.149/src/read.rs	874	profile_direct	/tmp/skv15-p1/profiles-interactive/p1b/direct_strict_track2__y_string_unicode.json.gz
p1b_direct_strict_track2	y_string_unicode	9	4.70	525	11168	<bbnf_bench::real_typed_struct::YStringUnicodeToken>::from_decoded	/Users/mkbabb/Programming/bbnf-lang-skv15-profile-279a60646/skinny/crates/bbnf-bench/src/real_typed_struct.rs	942	profile_direct	/tmp/skv15-p1/profiles-interactive/p1b/direct_strict_track2__y_string_unicode.json.gz
p1b_direct_strict_track2	y_string_unicode	10	0.46	51	11168	mach_absolute_time			libsystem_kernel.dylib	/tmp/skv15-p1/profiles-interactive/p1b/direct_strict_track2__y_string_unicode.json.gz
p1b_direct_strict_track2	y_string_unicode	11	0.17	19	11168	_platform_memmove			libsystem_platform.dylib	/tmp/skv15-p1/profiles-interactive/p1b/direct_strict_track2__y_string_unicode.json.gz
p1b_direct_strict_track2	y_string_unicode	12	0.04	5	11168	<alloc::raw_vec::RawVecInner>::grow_amortized	/Users/mkbabb/.rustup/toolchains/nightly-2026-04-11-aarch64-apple-darwin/lib/rustlib/src/rust/library/alloc/src/raw_vec/mod.rs	528	profile_direct	/tmp/skv15-p1/profiles-interactive/p1b/direct_strict_track2__y_string_unicode.json.gz
p1b_direct_strict_track2	y_string_unicode	13	0.04	4	11168	0x2ae48			libsystem_malloc.dylib	/tmp/skv15-p1/profiles-interactive/p1b/direct_strict_track2__y_string_unicode.json.gz
p1b_direct_strict_track2	y_string_unicode	14	0.03	3	11168	0x35780			libsystem_malloc.dylib	/tmp/skv15-p1/profiles-interactive/p1b/direct_strict_track2__y_string_unicode.json.gz
p1b_direct_strict_track2	y_string_unicode	15	0.03	3	11168	0x2a144			libsystem_malloc.dylib	/tmp/skv15-p1/profiles-interactive/p1b/direct_strict_track2__y_string_unicode.json.gz
p1b_direct_strict_track2	y_string_unicode	16	0.03	3	11168	_platform_memset			libsystem_platform.dylib	/tmp/skv15-p1/profiles-interactive/p1b/direct_strict_track2__y_string_unicode.json.gz
p1b_direct_strict_track2	y_string_unicode	17	0.03	3	11168	0x2a138			libsystem_malloc.dylib	/tmp/skv15-p1/profiles-interactive/p1b/direct_strict_track2__y_string_unicode.json.gz
p1b_direct_strict_track2	y_string_unicode	18	0.02	2	11168	0x35774			libsystem_malloc.dylib	/tmp/skv15-p1/profiles-interactive/p1b/direct_strict_track2__y_string_unicode.json.gz
p1b_direct_strict_track2	y_string_unicode	19	0.02	2	11168	0x30174			libsystem_malloc.dylib	/tmp/skv15-p1/profiles-interactive/p1b/direct_strict_track2__y_string_unicode.json.gz
p1b_direct_strict_track2	y_string_unicode	20	0.02	2	11168	0x2ac30			libsystem_malloc.dylib	/tmp/skv15-p1/profiles-interactive/p1b/direct_strict_track2__y_string_unicode.json.gz
p1b_real_typed_track1	apache_builds	1	44.96	937	2084	<u64>::wrapping_add	/Users/mkbabb/.rustup/toolchains/nightly-2026-04-11-aarch64-apple-darwin/lib/rustlib/src/rust/library/core/src/num/uint_macros.rs	2511	profile_direct	/tmp/skv15-p1/profiles-interactive/p1b/real_typed_track1__apache_builds.json.gz
p1b_real_typed_track1	apache_builds	2	35.70	744	2084	bbnf_bench::generated_real_typed::parse_option_scalar_string	/Users/mkbabb/Programming/bbnf-lang-skv15-profile-279a60646/skinny/crates/bbnf-bench/src/generated_real_typed.rs	2951	profile_direct	/tmp/skv15-p1/profiles-interactive/p1b/real_typed_track1__apache_builds.json.gz
p1b_real_typed_track1	apache_builds	3	18.23	380	2084	alloc::alloc::alloc	/Users/mkbabb/.rustup/toolchains/nightly-2026-04-11-aarch64-apple-darwin/lib/rustlib/src/rust/library/alloc/src/alloc.rs	101	profile_direct	/tmp/skv15-p1/profiles-interactive/p1b/real_typed_track1__apache_builds.json.gz
p1b_real_typed_track1	apache_builds	4	0.38	8	2084	<bbnf_bench::generated_real_typed::DirectParser>::ws	/Users/mkbabb/Programming/bbnf-lang-skv15-profile-279a60646/skinny/crates/bbnf-bench/src/generated_real_typed.rs	3763	profile_direct	/tmp/skv15-p1/profiles-interactive/p1b/real_typed_track1__apache_builds.json.gz
p1b_real_typed_track1	apache_builds	5	0.34	7	2084	profile_direct::real_typed_checksum	/Users/mkbabb/Programming/bbnf-lang-skv15-profile-279a60646/skinny/crates/bbnf-bench/src/bin/profile_direct.rs	191	profile_direct	/tmp/skv15-p1/profiles-interactive/p1b/real_typed_track1__apache_builds.json.gz
p1b_real_typed_track1	apache_builds	6	0.19	4	2084	mach_absolute_time			libsystem_kernel.dylib	/tmp/skv15-p1/profiles-interactive/p1b/real_typed_track1__apache_builds.json.gz
p1b_real_typed_track1	apache_builds	7	0.05	1	2084	0x150d8			libsystem_malloc.dylib	/tmp/skv15-p1/profiles-interactive/p1b/real_typed_track1__apache_builds.json.gz
p1b_real_typed_track1	apache_builds	8	0.05	1	2084	<bbnf_bench::generated_real_typed::DirectParser>::skip_array	/Users/mkbabb/Programming/bbnf-lang-skv15-profile-279a60646/skinny/crates/bbnf-bench/src/generated_real_typed.rs	4219	profile_direct	/tmp/skv15-p1/profiles-interactive/p1b/real_typed_track1__apache_builds.json.gz
p1b_real_typed_track1	apache_builds	9	0.05	1	2084	0x13a14			libsystem_malloc.dylib	/tmp/skv15-p1/profiles-interactive/p1b/real_typed_track1__apache_builds.json.gz
p1b_real_typed_track1	apache_builds	10	0.05	1	2084	mach_vm_reclaim_try_enter			libsystem_kernel.dylib	/tmp/skv15-p1/profiles-interactive/p1b/real_typed_track1__apache_builds.json.gz
p1b_real_typed_track1	canada	1	34.17	6918	20243	bbnf_bench::real_typed_struct::checksum_canada	/Users/mkbabb/.rustup/toolchains/nightly-2026-04-11-aarch64-apple-darwin/lib/rustlib/src/rust/library/core/src/slice/iter/macros.rs		profile_direct	/tmp/skv15-p1/profiles-interactive/p1b/real_typed_track1__canada.json.gz
p1b_real_typed_track1	canada	2	32.61	6601	20243	<bbnf_bench::generated_real_typed::DirectParser>::tiny_plain_string_end	/Users/mkbabb/Programming/bbnf-lang-skv15-profile-279a60646/skinny/crates/bbnf-bench/src/generated_real_typed.rs	4249	profile_direct	/tmp/skv15-p1/profiles-interactive/p1b/real_typed_track1__canada.json.gz
p1b_real_typed_track1	canada	3	10.01	2026	20243	core::str::validations::run_utf8_validation	/rustc/02c7f9bec0fd583160f8bcccb830216023b07bee/library/core/src/str/validations.rs	133	profile_direct	/tmp/skv15-p1/profiles-interactive/p1b/real_typed_track1__canada.json.gz
p1b_real_typed_track1	canada	4	1.43	290	20243	_platform_memset			libsystem_platform.dylib	/tmp/skv15-p1/profiles-interactive/p1b/real_typed_track1__canada.json.gz
p1b_real_typed_track1	canada	5	1.21	244	20243	profile_direct::run_once	/Users/mkbabb/Programming/bbnf-lang-skv15-profile-279a60646/skinny/crates/bbnf-bench/src/bin/profile_direct.rs		profile_direct	/tmp/skv15-p1/profiles-interactive/p1b/real_typed_track1__canada.json.gz
p1b_real_typed_track1	canada	6	0.87	176	20243	0x2b450			libsystem_malloc.dylib	/tmp/skv15-p1/profiles-interactive/p1b/real_typed_track1__canada.json.gz
p1b_real_typed_track1	canada	7	0.71	143	20243	0x2a8c8			libsystem_malloc.dylib	/tmp/skv15-p1/profiles-interactive/p1b/real_typed_track1__canada.json.gz
p1b_real_typed_track1	canada	8	0.69	139	20243	0x2ffd4			libsystem_malloc.dylib	/tmp/skv15-p1/profiles-interactive/p1b/real_typed_track1__canada.json.gz
p1b_real_typed_track1	canada	9	0.62	126	20243	0x2b320			libsystem_malloc.dylib	/tmp/skv15-p1/profiles-interactive/p1b/real_typed_track1__canada.json.gz
p1b_real_typed_track1	canada	10	0.51	104	20243	0x3a044			libsystem_malloc.dylib	/tmp/skv15-p1/profiles-interactive/p1b/real_typed_track1__canada.json.gz
p1b_real_typed_track1	canada	11	0.47	95	20243	0x427f8			libsystem_malloc.dylib	/tmp/skv15-p1/profiles-interactive/p1b/real_typed_track1__canada.json.gz
p1b_real_typed_track1	canada	12	0.46	93	20243	0x270e88			profile_direct	/tmp/skv15-p1/profiles-interactive/p1b/real_typed_track1__canada.json.gz
p1b_real_typed_track1	canada	13	0.43	88	20243	0x2b318			libsystem_malloc.dylib	/tmp/skv15-p1/profiles-interactive/p1b/real_typed_track1__canada.json.gz
p1b_real_typed_track1	canada	14	0.42	86	20243	0x2a138			libsystem_malloc.dylib	/tmp/skv15-p1/profiles-interactive/p1b/real_typed_track1__canada.json.gz
p1b_real_typed_track1	canada	15	0.41	84	20243	0x3ac4c			libsystem_malloc.dylib	/tmp/skv15-p1/profiles-interactive/p1b/real_typed_track1__canada.json.gz
p1b_real_typed_track1	canada	16	0.41	83	20243	0x2fff0			libsystem_malloc.dylib	/tmp/skv15-p1/profiles-interactive/p1b/real_typed_track1__canada.json.gz
p1b_real_typed_track1	canada	17	0.41	82	20243	0x270ec4			profile_direct	/tmp/skv15-p1/profiles-interactive/p1b/real_typed_track1__canada.json.gz
p1b_real_typed_track1	canada	18	0.41	82	20243	0x2b16c			libsystem_malloc.dylib	/tmp/skv15-p1/profiles-interactive/p1b/real_typed_track1__canada.json.gz
p1b_real_typed_track1	canada	19	0.36	72	20243	0x2a1a8			libsystem_malloc.dylib	/tmp/skv15-p1/profiles-interactive/p1b/real_typed_track1__canada.json.gz
p1b_real_typed_track1	canada	20	0.33	66	20243	0x2b68c			libsystem_malloc.dylib	/tmp/skv15-p1/profiles-interactive/p1b/real_typed_track1__canada.json.gz
p1b_real_typed_track1	citm_catalog	1	70.78	591	835	<bbnf_bench::generated_real_typed::DirectParser>::skip_value	/Users/mkbabb/Programming/bbnf-lang-skv15-profile-279a60646/skinny/crates/bbnf-bench/src/generated_real_typed.rs	4174	profile_direct	/tmp/skv15-p1/profiles-interactive/p1b/real_typed_track1__citm_catalog.json.gz
p1b_real_typed_track1	citm_catalog	2	18.20	152	835	<bbnf_bench::generated_real_typed::DirectParser>::skip_array	/Users/mkbabb/Programming/bbnf-lang-skv15-profile-279a60646/skinny/crates/bbnf-bench/src/generated_real_typed.rs	4212	profile_direct	/tmp/skv15-p1/profiles-interactive/p1b/real_typed_track1__citm_catalog.json.gz
p1b_real_typed_track1	citm_catalog	3	2.99	25	835	bbnf_bench::generated_real_typed::parse_type_citm_catalog	/Users/mkbabb/Programming/bbnf-lang-skv15-profile-279a60646/skinny/crates/bbnf-bench/src/generated_real_typed.rs	421	profile_direct	/tmp/skv15-p1/profiles-interactive/p1b/real_typed_track1__citm_catalog.json.gz
p1b_real_typed_track1	citm_catalog	4	2.51	21	835	<alloc::vec::Vec<u64>>::with_capacity_in	/Users/mkbabb/.rustup/toolchains/nightly-2026-04-11-aarch64-apple-darwin/lib/rustlib/src/rust/library/alloc/src/vec/mod.rs	977	profile_direct	/tmp/skv15-p1/profiles-interactive/p1b/real_typed_track1__citm_catalog.json.gz
p1b_real_typed_track1	citm_catalog	5	1.32	11	835	bbnf_bench::real_typed_struct::checksum_citm_catalog	/Users/mkbabb/Programming/bbnf-lang-skv15-profile-279a60646/skinny/crates/bbnf-bench/src/real_typed_struct.rs		profile_direct	/tmp/skv15-p1/profiles-interactive/p1b/real_typed_track1__citm_catalog.json.gz
p1b_real_typed_track1	citm_catalog	6	0.72	6	835	bbnf_bench::generated_real_typed::parse_option_scalar_string	/Users/mkbabb/Programming/bbnf-lang-skv15-profile-279a60646/skinny/crates/bbnf-bench/src/generated_real_typed.rs	2951	profile_direct	/tmp/skv15-p1/profiles-interactive/p1b/real_typed_track1__citm_catalog.json.gz
p1b_real_typed_track1	citm_catalog	7	0.48	4	835	core::ptr::copy_nonoverlapping::<u8>	/Users/mkbabb/.rustup/toolchains/nightly-2026-04-11-aarch64-apple-darwin/lib/rustlib/src/rust/library/core/src/ptr/mod.rs	552	profile_direct	/tmp/skv15-p1/profiles-interactive/p1b/real_typed_track1__citm_catalog.json.gz
p1b_real_typed_track1	citm_catalog	8	0.24	2	835	<usize>::overflowing_mul	/Users/mkbabb/.rustup/toolchains/nightly-2026-04-11-aarch64-apple-darwin/lib/rustlib/src/rust/library/core/src/num/uint_macros.rs	3105	profile_direct	/tmp/skv15-p1/profiles-interactive/p1b/real_typed_track1__citm_catalog.json.gz
p1b_real_typed_track1	citm_catalog	9	0.24	2	835	__bzero			libsystem_platform.dylib	/tmp/skv15-p1/profiles-interactive/p1b/real_typed_track1__citm_catalog.json.gz
p1b_real_typed_track1	citm_catalog	10	0.24	2	835	0x2b450			libsystem_malloc.dylib	/tmp/skv15-p1/profiles-interactive/p1b/real_typed_track1__citm_catalog.json.gz
p1b_real_typed_track1	citm_catalog	11	0.24	2	835	0x2ff2c			libsystem_malloc.dylib	/tmp/skv15-p1/profiles-interactive/p1b/real_typed_track1__citm_catalog.json.gz
p1b_real_typed_track1	citm_catalog	12	0.24	2	835	0x2b06c			libsystem_malloc.dylib	/tmp/skv15-p1/profiles-interactive/p1b/real_typed_track1__citm_catalog.json.gz
p1b_real_typed_track1	citm_catalog	13	0.12	1	835	read			libsystem_kernel.dylib	/tmp/skv15-p1/profiles-interactive/p1b/real_typed_track1__citm_catalog.json.gz
p1b_real_typed_track1	citm_catalog	14	0.12	1	835	core::str::validations::utf8_char_width	/rustc/02c7f9bec0fd583160f8bcccb830216023b07bee/library/core/src/str/validations.rs	279	profile_direct	/tmp/skv15-p1/profiles-interactive/p1b/real_typed_track1__citm_catalog.json.gz
p1b_real_typed_track1	citm_catalog	15	0.12	1	835	0x3ac4c			libsystem_malloc.dylib	/tmp/skv15-p1/profiles-interactive/p1b/real_typed_track1__citm_catalog.json.gz
p1b_real_typed_track1	citm_catalog	16	0.12	1	835	0x2aa10			libsystem_malloc.dylib	/tmp/skv15-p1/profiles-interactive/p1b/real_typed_track1__citm_catalog.json.gz
p1b_real_typed_track1	citm_catalog	17	0.12	1	835	0x2b088			libsystem_malloc.dylib	/tmp/skv15-p1/profiles-interactive/p1b/real_typed_track1__citm_catalog.json.gz
p1b_real_typed_track1	citm_catalog	18	0.12	1	835	0x3a044			libsystem_malloc.dylib	/tmp/skv15-p1/profiles-interactive/p1b/real_typed_track1__citm_catalog.json.gz
p1b_real_typed_track1	citm_catalog	19	0.12	1	835	0x2a8c8			libsystem_malloc.dylib	/tmp/skv15-p1/profiles-interactive/p1b/real_typed_track1__citm_catalog.json.gz
p1b_real_typed_track1	citm_catalog	20	0.12	1	835	0x427f8			libsystem_malloc.dylib	/tmp/skv15-p1/profiles-interactive/p1b/real_typed_track1__citm_catalog.json.gz
p1b_real_typed_track1	distinct_values	1	44.59	1594	3575	alloc::alloc::alloc	/Users/mkbabb/.rustup/toolchains/nightly-2026-04-11-aarch64-apple-darwin/lib/rustlib/src/rust/library/alloc/src/alloc.rs	101	profile_direct	/tmp/skv15-p1/profiles-interactive/p1b/real_typed_track1__distinct_values.json.gz
p1b_real_typed_track1	distinct_values	2	37.85	1353	3575	bbnf_bench::real_typed_struct::checksum_distinct_values	/Users/mkbabb/Programming/bbnf-lang-skv15-profile-279a60646/skinny/crates/bbnf-bench/src/real_typed_struct.rs		profile_direct	/tmp/skv15-p1/profiles-interactive/p1b/real_typed_track1__distinct_values.json.gz
p1b_real_typed_track1	distinct_values	3	4.48	160	3575	bbnf_bench::generated_real_typed::parse_option_scalar_string	/Users/mkbabb/Programming/bbnf-lang-skv15-profile-279a60646/skinny/crates/bbnf-bench/src/generated_real_typed.rs	2951	profile_direct	/tmp/skv15-p1/profiles-interactive/p1b/real_typed_track1__distinct_values.json.gz
p1b_real_typed_track1	distinct_values	4	2.35	84	3575	profile_direct::real_typed_checksum	/Users/mkbabb/Programming/bbnf-lang-skv15-profile-279a60646/skinny/crates/bbnf-bench/src/bin/profile_direct.rs	191	profile_direct	/tmp/skv15-p1/profiles-interactive/p1b/real_typed_track1__distinct_values.json.gz
p1b_real_typed_track1	distinct_values	5	1.48	53	3575	<bbnf_bench::generated_real_typed::DirectParser>::ws	/Users/mkbabb/Programming/bbnf-lang-skv15-profile-279a60646/skinny/crates/bbnf-bench/src/generated_real_typed.rs	3763	profile_direct	/tmp/skv15-p1/profiles-interactive/p1b/real_typed_track1__distinct_values.json.gz
p1b_real_typed_track1	distinct_values	6	0.64	23	3575	_platform_memset			libsystem_platform.dylib	/tmp/skv15-p1/profiles-interactive/p1b/real_typed_track1__distinct_values.json.gz
p1b_real_typed_track1	distinct_values	7	0.56	20	3575	0x3000c			libsystem_malloc.dylib	/tmp/skv15-p1/profiles-interactive/p1b/real_typed_track1__distinct_values.json.gz
p1b_real_typed_track1	distinct_values	8	0.36	13	3575	mach_absolute_time			libsystem_kernel.dylib	/tmp/skv15-p1/profiles-interactive/p1b/real_typed_track1__distinct_values.json.gz
p1b_real_typed_track1	distinct_values	9	0.34	12	3575	0x2b450			libsystem_malloc.dylib	/tmp/skv15-p1/profiles-interactive/p1b/real_typed_track1__distinct_values.json.gz
p1b_real_typed_track1	distinct_values	10	0.31	11	3575	0x2a0d4			libsystem_malloc.dylib	/tmp/skv15-p1/profiles-interactive/p1b/real_typed_track1__distinct_values.json.gz
p1b_real_typed_track1	distinct_values	11	0.28	10	3575	0x2b088			libsystem_malloc.dylib	/tmp/skv15-p1/profiles-interactive/p1b/real_typed_track1__distinct_values.json.gz
p1b_real_typed_track1	distinct_values	12	0.22	8	3575	0x2b06c			libsystem_malloc.dylib	/tmp/skv15-p1/profiles-interactive/p1b/real_typed_track1__distinct_values.json.gz
p1b_real_typed_track1	distinct_values	13	0.20	7	3575	0x3ac4c			libsystem_malloc.dylib	/tmp/skv15-p1/profiles-interactive/p1b/real_typed_track1__distinct_values.json.gz
p1b_real_typed_track1	distinct_values	14	0.20	7	3575	0x2a144			libsystem_malloc.dylib	/tmp/skv15-p1/profiles-interactive/p1b/real_typed_track1__distinct_values.json.gz
p1b_real_typed_track1	distinct_values	15	0.20	7	3575	_platform_memmove			libsystem_platform.dylib	/tmp/skv15-p1/profiles-interactive/p1b/real_typed_track1__distinct_values.json.gz
p1b_real_typed_track1	distinct_values	16	0.20	7	3575	__bzero			libsystem_platform.dylib	/tmp/skv15-p1/profiles-interactive/p1b/real_typed_track1__distinct_values.json.gz
p1b_real_typed_track1	distinct_values	17	0.17	6	3575	0x3a0b0			libsystem_malloc.dylib	/tmp/skv15-p1/profiles-interactive/p1b/real_typed_track1__distinct_values.json.gz
p1b_real_typed_track1	distinct_values	18	0.17	6	3575	0x270e88			profile_direct	/tmp/skv15-p1/profiles-interactive/p1b/real_typed_track1__distinct_values.json.gz
p1b_real_typed_track1	distinct_values	19	0.17	6	3575	0x3a044			libsystem_malloc.dylib	/tmp/skv15-p1/profiles-interactive/p1b/real_typed_track1__distinct_values.json.gz
p1b_real_typed_track1	distinct_values	20	0.17	6	3575	0x2b130			libsystem_malloc.dylib	/tmp/skv15-p1/profiles-interactive/p1b/real_typed_track1__distinct_values.json.gz
p1b_real_typed_track1	github_events	1	42.13	642	1524	<bbnf_bench::generated_real_typed::DirectParser>::skip_value	/Users/mkbabb/Programming/bbnf-lang-skv15-profile-279a60646/skinny/crates/bbnf-bench/src/generated_real_typed.rs	4174	profile_direct	/tmp/skv15-p1/profiles-interactive/p1b/real_typed_track1__github_events.json.gz
p1b_real_typed_track1	github_events	2	16.14	246	1524	<core::option::Option<u64>>::map_or_else::<u64, bbnf_bench::real_typed_struct::fold_opt_u64::{closure#0}, bbnf_bench::real_typed_struct::fold_opt_u64::{closure#1}>	/Users/mkbabb/.rustup/toolchains/nightly-2026-04-11-aarch64-apple-darwin/lib/rustlib/src/rust/library/core/src/option.rs	1276	profile_direct	/tmp/skv15-p1/profiles-interactive/p1b/real_typed_track1__github_events.json.gz
p1b_real_typed_track1	github_events	3	11.48	175	1524	bbnf_bench::generated_real_typed::parse_option_scalar_string	/Users/mkbabb/Programming/bbnf-lang-skv15-profile-279a60646/skinny/crates/bbnf-bench/src/generated_real_typed.rs	2951	profile_direct	/tmp/skv15-p1/profiles-interactive/p1b/real_typed_track1__github_events.json.gz
p1b_real_typed_track1	github_events	4	11.22	171	1524	bbnf_bench::generated_real_typed::parse_type_github_event	/Users/mkbabb/Programming/bbnf-lang-skv15-profile-279a60646/skinny/crates/bbnf-bench/src/generated_real_typed.rs	890	profile_direct	/tmp/skv15-p1/profiles-interactive/p1b/real_typed_track1__github_events.json.gz
p1b_real_typed_track1	github_events	5	10.04	153	1524	<core::ptr::non_null::NonNull<u8> as core::cmp::PartialEq>::eq	/Users/mkbabb/.rustup/toolchains/nightly-2026-04-11-aarch64-apple-darwin/lib/rustlib/src/rust/library/core/src/ptr/non_null.rs	1717	profile_direct	/tmp/skv15-p1/profiles-interactive/p1b/real_typed_track1__github_events.json.gz
p1b_real_typed_track1	github_events	6	5.31	81	1524	bbnf_bench::generated_real_typed::parse_option_type_github_actor	/Users/mkbabb/Programming/bbnf-lang-skv15-profile-279a60646/skinny/crates/bbnf-bench/src/generated_real_typed.rs	3051	profile_direct	/tmp/skv15-p1/profiles-interactive/p1b/real_typed_track1__github_events.json.gz
p1b_real_typed_track1	github_events	7	1.64	25	1524	<bbnf_bench::generated_real_typed::DirectParser>::ws	/Users/mkbabb/Programming/bbnf-lang-skv15-profile-279a60646/skinny/crates/bbnf-bench/src/generated_real_typed.rs	3763	profile_direct	/tmp/skv15-p1/profiles-interactive/p1b/real_typed_track1__github_events.json.gz
p1b_real_typed_track1	github_events	8	0.66	10	1524	parse_that_regex::skip_ascii_whitespace	/Users/mkbabb/Programming/bbnf-lang-skv15-profile-279a60646/skinny/crates/parse-that-regex/src/lib.rs	120	profile_direct	/tmp/skv15-p1/profiles-interactive/p1b/real_typed_track1__github_events.json.gz
p1b_real_typed_track1	github_events	9	0.52	8	1524	_platform_memmove			libsystem_platform.dylib	/tmp/skv15-p1/profiles-interactive/p1b/real_typed_track1__github_events.json.gz
p1b_real_typed_track1	github_events	10	0.33	5	1524	profile_direct::real_typed_checksum	/Users/mkbabb/Programming/bbnf-lang-skv15-profile-279a60646/skinny/crates/bbnf-bench/src/bin/profile_direct.rs	191	profile_direct	/tmp/skv15-p1/profiles-interactive/p1b/real_typed_track1__github_events.json.gz
p1b_real_typed_track1	github_events	11	0.26	4	1524	<alloc::raw_vec::RawVecInner>::try_allocate_in	/Users/mkbabb/.rustup/toolchains/nightly-2026-04-11-aarch64-apple-darwin/lib/rustlib/src/rust/library/alloc/src/raw_vec/mod.rs	469	profile_direct	/tmp/skv15-p1/profiles-interactive/p1b/real_typed_track1__github_events.json.gz
p1b_real_typed_track1	github_events	12	0.07	1	1524	0x270edc			profile_direct	/tmp/skv15-p1/profiles-interactive/p1b/real_typed_track1__github_events.json.gz
p1b_real_typed_track1	github_events	13	0.07	1	1524	parse_that_regex::skip_ascii_whitespace	/Users/mkbabb/Programming/bbnf-lang-skv15-profile-279a60646/skinny/crates/parse-that-regex/src/lib.rs	121	profile_direct	/tmp/skv15-p1/profiles-interactive/p1b/real_typed_track1__github_events.json.gz
p1b_real_typed_track1	github_events	14	0.07	1	1524	mach_absolute_time			libsystem_kernel.dylib	/tmp/skv15-p1/profiles-interactive/p1b/real_typed_track1__github_events.json.gz
p1b_real_typed_track1	github_events	15	0.07	1	1524	0x128d8			libsystem_malloc.dylib	/tmp/skv15-p1/profiles-interactive/p1b/real_typed_track1__github_events.json.gz
p1b_real_typed_track1	gsoc-2018	1	98.72	2856	2893	<bbnf_bench::generated_real_typed::DirectParser>::ws	/Users/mkbabb/Programming/bbnf-lang-skv15-profile-279a60646/skinny/crates/bbnf-bench/src/generated_real_typed.rs	3763	profile_direct	/tmp/skv15-p1/profiles-interactive/p1b/real_typed_track1__gsoc-2018.json.gz
p1b_real_typed_track1	gsoc-2018	2	0.41	12	2893	<bbnf_bench::generated_real_typed::DirectParser>::parse_u32_key	/Users/mkbabb/Programming/bbnf-lang-skv15-profile-279a60646/skinny/crates/bbnf-bench/src/generated_real_typed.rs	3903	profile_direct	/tmp/skv15-p1/profiles-interactive/p1b/real_typed_track1__gsoc-2018.json.gz
p1b_real_typed_track1	gsoc-2018	3	0.31	9	2893	_platform_memmove			libsystem_platform.dylib	/tmp/skv15-p1/profiles-interactive/p1b/real_typed_track1__gsoc-2018.json.gz
p1b_real_typed_track1	gsoc-2018	4	0.24	7	2893	<u64>::wrapping_add	/Users/mkbabb/.rustup/toolchains/nightly-2026-04-11-aarch64-apple-darwin/lib/rustlib/src/rust/library/core/src/num/uint_macros.rs	2511	profile_direct	/tmp/skv15-p1/profiles-interactive/p1b/real_typed_track1__gsoc-2018.json.gz
p1b_real_typed_track1	gsoc-2018	5	0.21	6	2893	profile_direct::real_typed_checksum	/Users/mkbabb/Programming/bbnf-lang-skv15-profile-279a60646/skinny/crates/bbnf-bench/src/bin/profile_direct.rs	191	profile_direct	/tmp/skv15-p1/profiles-interactive/p1b/real_typed_track1__gsoc-2018.json.gz
p1b_real_typed_track1	gsoc-2018	6	0.03	1	2893	read			libsystem_kernel.dylib	/tmp/skv15-p1/profiles-interactive/p1b/real_typed_track1__gsoc-2018.json.gz
p1b_real_typed_track1	gsoc-2018	7	0.03	1	2893	core::str::validations::run_utf8_validation	/rustc/02c7f9bec0fd583160f8bcccb830216023b07bee/library/core/src/str/validations.rs	238	profile_direct	/tmp/skv15-p1/profiles-interactive/p1b/real_typed_track1__gsoc-2018.json.gz
p1b_real_typed_track1	gsoc-2018	8	0.03	1	2893	0x2b06c			libsystem_malloc.dylib	/tmp/skv15-p1/profiles-interactive/p1b/real_typed_track1__gsoc-2018.json.gz
p1b_real_typed_track1	instruments	1	30.28	450	1486	bbnf_bench::generated_real_typed::parse_type_instrument	/Users/mkbabb/Programming/bbnf-lang-skv15-profile-279a60646/skinny/crates/bbnf-bench/src/generated_real_typed.rs	2154	profile_direct	/tmp/skv15-p1/profiles-interactive/p1b/real_typed_track1__instruments.json.gz
p1b_real_typed_track1	instruments	2	29.41	437	1486	<bbnf_bench::generated_real_typed::DirectParser>::ws	/Users/mkbabb/Programming/bbnf-lang-skv15-profile-279a60646/skinny/crates/bbnf-bench/src/generated_real_typed.rs	3763	profile_direct	/tmp/skv15-p1/profiles-interactive/p1b/real_typed_track1__instruments.json.gz
p1b_real_typed_track1	instruments	3	16.55	246	1486	bbnf_bench::generated_real_typed::parse_type_instruments_document	/Users/mkbabb/Programming/bbnf-lang-skv15-profile-279a60646/skinny/crates/bbnf-bench/src/generated_real_typed.rs	2097	profile_direct	/tmp/skv15-p1/profiles-interactive/p1b/real_typed_track1__instruments.json.gz
p1b_real_typed_track1	instruments	4	14.80	220	1486	parse_that_regex::skip_ascii_whitespace	/Users/mkbabb/Programming/bbnf-lang-skv15-profile-279a60646/skinny/crates/parse-that-regex/src/lib.rs	121	profile_direct	/tmp/skv15-p1/profiles-interactive/p1b/real_typed_track1__instruments.json.gz
p1b_real_typed_track1	instruments	5	1.88	28	1486	bbnf_bench::generated_real_typed::parse_option_scalar_string	/Users/mkbabb/Programming/bbnf-lang-skv15-profile-279a60646/skinny/crates/bbnf-bench/src/generated_real_typed.rs	2951	profile_direct	/tmp/skv15-p1/profiles-interactive/p1b/real_typed_track1__instruments.json.gz
p1b_real_typed_track1	instruments	6	1.41	21	1486	bbnf_bench::real_typed_struct::fold_opt_envelope	/Users/mkbabb/Programming/bbnf-lang-skv15-profile-279a60646/skinny/crates/bbnf-bench/src/real_typed_struct.rs	2194	profile_direct	/tmp/skv15-p1/profiles-interactive/p1b/real_typed_track1__instruments.json.gz
p1b_real_typed_track1	instruments	7	1.08	16	1486	bbnf_bench::real_typed_struct::checksum_instrument	/Users/mkbabb/Programming/bbnf-lang-skv15-profile-279a60646/skinny/crates/bbnf-bench/src/real_typed_struct.rs	2189	profile_direct	/tmp/skv15-p1/profiles-interactive/p1b/real_typed_track1__instruments.json.gz
p1b_real_typed_track1	instruments	8	1.01	15	1486	parse_that_regex::number::materialize_u64	/Users/mkbabb/Programming/bbnf-lang-skv15-profile-279a60646/skinny/crates/parse-that-regex/src/number/mod.rs	248	profile_direct	/tmp/skv15-p1/profiles-interactive/p1b/real_typed_track1__instruments.json.gz
p1b_real_typed_track1	instruments	9	0.40	6	1486	0x2a144			libsystem_malloc.dylib	/tmp/skv15-p1/profiles-interactive/p1b/real_typed_track1__instruments.json.gz
p1b_real_typed_track1	instruments	10	0.20	3	1486	<u8 as core::slice::cmp::SlicePartialEq<u8>>::equal_same_length	/Users/mkbabb/.rustup/toolchains/nightly-2026-04-11-aarch64-apple-darwin/lib/rustlib/src/rust/library/core/src/slice/cmp.rs	158	profile_direct	/tmp/skv15-p1/profiles-interactive/p1b/real_typed_track1__instruments.json.gz
p1b_real_typed_track1	instruments	11	0.13	2	1486	0x2b088			libsystem_malloc.dylib	/tmp/skv15-p1/profiles-interactive/p1b/real_typed_track1__instruments.json.gz
p1b_real_typed_track1	instruments	12	0.13	2	1486	0x3a0b0			libsystem_malloc.dylib	/tmp/skv15-p1/profiles-interactive/p1b/real_typed_track1__instruments.json.gz
p1b_real_typed_track1	instruments	13	0.13	2	1486	0x2a0d4			libsystem_malloc.dylib	/tmp/skv15-p1/profiles-interactive/p1b/real_typed_track1__instruments.json.gz
p1b_real_typed_track1	instruments	14	0.13	2	1486	__bzero			libsystem_platform.dylib	/tmp/skv15-p1/profiles-interactive/p1b/real_typed_track1__instruments.json.gz
p1b_real_typed_track1	instruments	15	0.13	2	1486	0x30078			libsystem_malloc.dylib	/tmp/skv15-p1/profiles-interactive/p1b/real_typed_track1__instruments.json.gz
p1b_real_typed_track1	instruments	16	0.13	2	1486	_platform_memset			libsystem_platform.dylib	/tmp/skv15-p1/profiles-interactive/p1b/real_typed_track1__instruments.json.gz
p1b_real_typed_track1	instruments	17	0.13	2	1486	profile_direct::real_typed_checksum	/Users/mkbabb/Programming/bbnf-lang-skv15-profile-279a60646/skinny/crates/bbnf-bench/src/bin/profile_direct.rs	191	profile_direct	/tmp/skv15-p1/profiles-interactive/p1b/real_typed_track1__instruments.json.gz
p1b_real_typed_track1	instruments	18	0.13	2	1486	0x2ffd0			libsystem_malloc.dylib	/tmp/skv15-p1/profiles-interactive/p1b/real_typed_track1__instruments.json.gz
p1b_real_typed_track1	instruments	19	0.13	2	1486	0x3ac70			libsystem_malloc.dylib	/tmp/skv15-p1/profiles-interactive/p1b/real_typed_track1__instruments.json.gz
p1b_real_typed_track1	instruments	20	0.07	1	1486	0x300f0			libsystem_malloc.dylib	/tmp/skv15-p1/profiles-interactive/p1b/real_typed_track1__instruments.json.gz
p1b_real_typed_track1	marine_ik	1	40.83	695	1702	<bbnf_bench::generated_real_typed::DirectParser>::skip_value	/Users/mkbabb/Programming/bbnf-lang-skv15-profile-279a60646/skinny/crates/bbnf-bench/src/generated_real_typed.rs	4174	profile_direct	/tmp/skv15-p1/profiles-interactive/p1b/real_typed_track1__marine_ik.json.gz
p1b_real_typed_track1	marine_ik	2	39.72	676	1702	bbnf_bench::generated_real_typed::parse_type_marine_geometry_data	/Users/mkbabb/Programming/bbnf-lang-skv15-profile-279a60646/skinny/crates/bbnf-bench/src/generated_real_typed.rs	2078	profile_direct	/tmp/skv15-p1/profiles-interactive/p1b/real_typed_track1__marine_ik.json.gz
p1b_real_typed_track1	marine_ik	3	9.28	158	1702	bbnf_bench::real_typed_struct::fold_f64_slice	/Users/mkbabb/Programming/bbnf-lang-skv15-profile-279a60646/skinny/crates/bbnf-bench/src/real_typed_struct.rs	2403	profile_direct	/tmp/skv15-p1/profiles-interactive/p1b/real_typed_track1__marine_ik.json.gz
p1b_real_typed_track1	marine_ik	4	6.29	107	1702	<bbnf_bench::generated_real_typed::DirectParser>::skip_array	/Users/mkbabb/Programming/bbnf-lang-skv15-profile-279a60646/skinny/crates/bbnf-bench/src/generated_real_typed.rs	4212	profile_direct	/tmp/skv15-p1/profiles-interactive/p1b/real_typed_track1__marine_ik.json.gz
p1b_real_typed_track1	marine_ik	5	3.70	63	1702	parse_that_regex::number::materialize_f64	/Users/mkbabb/Programming/bbnf-lang-skv15-profile-279a60646/skinny/crates/parse-that-regex/src/number/mod.rs	261	profile_direct	/tmp/skv15-p1/profiles-interactive/p1b/real_typed_track1__marine_ik.json.gz
p1b_real_typed_track1	marine_ik	6	0.06	1	1702	read			libsystem_kernel.dylib	/tmp/skv15-p1/profiles-interactive/p1b/real_typed_track1__marine_ik.json.gz
p1b_real_typed_track1	marine_ik	7	0.06	1	1702	core::str::validations::run_utf8_validation	/rustc/02c7f9bec0fd583160f8bcccb830216023b07bee/library/core/src/str/validations.rs	232	profile_direct	/tmp/skv15-p1/profiles-interactive/p1b/real_typed_track1__marine_ik.json.gz
p1b_real_typed_track1	marine_ik	8	0.06	1	1702	bbnf_bench::generated_real_typed::parse_type_marine_ik	/Users/mkbabb/Programming/bbnf-lang-skv15-profile-279a60646/skinny/crates/bbnf-bench/src/generated_real_typed.rs	1987	profile_direct	/tmp/skv15-p1/profiles-interactive/p1b/real_typed_track1__marine_ik.json.gz
p1b_real_typed_track1	mesh	1	43.39	1015	2339	bbnf_bench::generated_real_typed::parse_type_mesh	/Users/mkbabb/Programming/bbnf-lang-skv15-profile-279a60646/skinny/crates/bbnf-bench/src/generated_real_typed.rs	1886	profile_direct	/tmp/skv15-p1/profiles-interactive/p1b/real_typed_track1__mesh.json.gz
p1b_real_typed_track1	mesh	2	27.40	641	2339	<bbnf_bench::generated_real_typed::DirectParser>::ws	/Users/mkbabb/Programming/bbnf-lang-skv15-profile-279a60646/skinny/crates/bbnf-bench/src/generated_real_typed.rs	3763	profile_direct	/tmp/skv15-p1/profiles-interactive/p1b/real_typed_track1__mesh.json.gz
p1b_real_typed_track1	mesh	3	13.77	322	2339	bbnf_bench::real_typed_struct::typed_checksum	/Users/mkbabb/Programming/bbnf-lang-skv15-profile-279a60646/skinny/crates/bbnf-bench/src/real_typed_struct.rs		profile_direct	/tmp/skv15-p1/profiles-interactive/p1b/real_typed_track1__mesh.json.gz
p1b_real_typed_track1	mesh	4	6.71	157	2339	parse_that_regex::number::materialize_f64	/Users/mkbabb/Programming/bbnf-lang-skv15-profile-279a60646/skinny/crates/parse-that-regex/src/number/mod.rs	261	profile_direct	/tmp/skv15-p1/profiles-interactive/p1b/real_typed_track1__mesh.json.gz
p1b_real_typed_track1	mesh	5	0.68	16	2339	0x2a0d4			libsystem_malloc.dylib	/tmp/skv15-p1/profiles-interactive/p1b/real_typed_track1__mesh.json.gz
p1b_real_typed_track1	mesh	6	0.43	10	2339	0x2b06c			libsystem_malloc.dylib	/tmp/skv15-p1/profiles-interactive/p1b/real_typed_track1__mesh.json.gz
p1b_real_typed_track1	mesh	7	0.34	8	2339	0x2b450			libsystem_malloc.dylib	/tmp/skv15-p1/profiles-interactive/p1b/real_typed_track1__mesh.json.gz
p1b_real_typed_track1	mesh	8	0.30	7	2339	0x300a8			libsystem_malloc.dylib	/tmp/skv15-p1/profiles-interactive/p1b/real_typed_track1__mesh.json.gz
p1b_real_typed_track1	mesh	9	0.30	7	2339	0x3ac4c			libsystem_malloc.dylib	/tmp/skv15-p1/profiles-interactive/p1b/real_typed_track1__mesh.json.gz
p1b_real_typed_track1	mesh	10	0.30	7	2339	0x30078			libsystem_malloc.dylib	/tmp/skv15-p1/profiles-interactive/p1b/real_typed_track1__mesh.json.gz
p1b_real_typed_track1	mesh	11	0.26	6	2339	0x2b130			libsystem_malloc.dylib	/tmp/skv15-p1/profiles-interactive/p1b/real_typed_track1__mesh.json.gz
p1b_real_typed_track1	mesh	12	0.26	6	2339	0x30174			libsystem_malloc.dylib	/tmp/skv15-p1/profiles-interactive/p1b/real_typed_track1__mesh.json.gz
p1b_real_typed_track1	mesh	13	0.26	6	2339	0x2b088			libsystem_malloc.dylib	/tmp/skv15-p1/profiles-interactive/p1b/real_typed_track1__mesh.json.gz
p1b_real_typed_track1	mesh	14	0.26	6	2339	0x2a144			libsystem_malloc.dylib	/tmp/skv15-p1/profiles-interactive/p1b/real_typed_track1__mesh.json.gz
p1b_real_typed_track1	mesh	15	0.26	6	2339	0x3a038			libsystem_malloc.dylib	/tmp/skv15-p1/profiles-interactive/p1b/real_typed_track1__mesh.json.gz
p1b_real_typed_track1	mesh	16	0.26	6	2339	0x2b374			libsystem_malloc.dylib	/tmp/skv15-p1/profiles-interactive/p1b/real_typed_track1__mesh.json.gz
p1b_real_typed_track1	mesh	17	0.21	5	2339	0x2a978			libsystem_malloc.dylib	/tmp/skv15-p1/profiles-interactive/p1b/real_typed_track1__mesh.json.gz
p1b_real_typed_track1	mesh	18	0.21	5	2339	0x2fff0			libsystem_malloc.dylib	/tmp/skv15-p1/profiles-interactive/p1b/real_typed_track1__mesh.json.gz
p1b_real_typed_track1	mesh	19	0.17	4	2339	0x3a044			libsystem_malloc.dylib	/tmp/skv15-p1/profiles-interactive/p1b/real_typed_track1__mesh.json.gz
p1b_real_typed_track1	mesh	20	0.17	4	2339	__rustc::__rdl_alloc	/rustc/02c7f9bec0fd583160f8bcccb830216023b07bee/library/std/src/alloc.rs	450	profile_direct	/tmp/skv15-p1/profiles-interactive/p1b/real_typed_track1__mesh.json.gz
p1b_real_typed_track1	numbers	1	72.89	1745	2394	<core::option::Option<&u8>>::copied	/Users/mkbabb/.rustup/toolchains/nightly-2026-04-11-aarch64-apple-darwin/lib/rustlib/src/rust/library/core/src/option.rs	2141	profile_direct	/tmp/skv15-p1/profiles-interactive/p1b/real_typed_track1__numbers.json.gz
p1b_real_typed_track1	numbers	2	13.70	328	2394	bbnf_bench::real_typed_struct::fold_f64_slice	/Users/mkbabb/.rustup/toolchains/nightly-2026-04-11-aarch64-apple-darwin/lib/rustlib/src/rust/library/core/src/slice/iter/macros.rs		profile_direct	/tmp/skv15-p1/profiles-interactive/p1b/real_typed_track1__numbers.json.gz
p1b_real_typed_track1	numbers	3	13.32	319	2394	parse_that_regex::number::materialize_f64	/Users/mkbabb/Programming/bbnf-lang-skv15-profile-279a60646/skinny/crates/parse-that-regex/src/number/mod.rs	261	profile_direct	/tmp/skv15-p1/profiles-interactive/p1b/real_typed_track1__numbers.json.gz
p1b_real_typed_track1	numbers	4	0.08	2	2394	0x162d0			libsystem_malloc.dylib	/tmp/skv15-p1/profiles-interactive/p1b/real_typed_track1__numbers.json.gz
p1b_real_typed_track1	random	1	30.39	997	3281	alloc::alloc::alloc	/Users/mkbabb/.rustup/toolchains/nightly-2026-04-11-aarch64-apple-darwin/lib/rustlib/src/rust/library/alloc/src/alloc.rs	101	profile_direct	/tmp/skv15-p1/profiles-interactive/p1b/real_typed_track1__random.json.gz
p1b_real_typed_track1	random	2	29.84	979	3281	bbnf_bench::generated_real_typed::parse_option_scalar_string	/Users/mkbabb/Programming/bbnf-lang-skv15-profile-279a60646/skinny/crates/bbnf-bench/src/generated_real_typed.rs	2951	profile_direct	/tmp/skv15-p1/profiles-interactive/p1b/real_typed_track1__random.json.gz
p1b_real_typed_track1	random	3	29.59	971	3281	bbnf_bench::real_typed_struct::checksum_random	/Users/mkbabb/Programming/bbnf-lang-skv15-profile-279a60646/skinny/crates/bbnf-bench/src/real_typed_struct.rs		profile_direct	/tmp/skv15-p1/profiles-interactive/p1b/real_typed_track1__random.json.gz
p1b_real_typed_track1	random	4	5.27	173	3281	<bbnf_bench::generated_real_typed::DirectParser>::ws	/Users/mkbabb/Programming/bbnf-lang-skv15-profile-279a60646/skinny/crates/bbnf-bench/src/generated_real_typed.rs	3763	profile_direct	/tmp/skv15-p1/profiles-interactive/p1b/real_typed_track1__random.json.gz
p1b_real_typed_track1	random	5	0.52	17	3281	profile_direct::real_typed_checksum	/Users/mkbabb/Programming/bbnf-lang-skv15-profile-279a60646/skinny/crates/bbnf-bench/src/bin/profile_direct.rs	191	profile_direct	/tmp/skv15-p1/profiles-interactive/p1b/real_typed_track1__random.json.gz
p1b_real_typed_track1	random	6	0.37	12	3281	0x2a0d4			libsystem_malloc.dylib	/tmp/skv15-p1/profiles-interactive/p1b/real_typed_track1__random.json.gz
p1b_real_typed_track1	random	7	0.27	9	3281	0x2b06c			libsystem_malloc.dylib	/tmp/skv15-p1/profiles-interactive/p1b/real_typed_track1__random.json.gz
p1b_real_typed_track1	random	8	0.21	7	3281	0x2b130			libsystem_malloc.dylib	/tmp/skv15-p1/profiles-interactive/p1b/real_typed_track1__random.json.gz
p1b_real_typed_track1	random	9	0.18	6	3281	__bzero			libsystem_platform.dylib	/tmp/skv15-p1/profiles-interactive/p1b/real_typed_track1__random.json.gz
p1b_real_typed_track1	random	10	0.18	6	3281	0x3020c			libsystem_malloc.dylib	/tmp/skv15-p1/profiles-interactive/p1b/real_typed_track1__random.json.gz
p1b_real_typed_track1	random	11	0.15	5	3281	0x3ac98			libsystem_malloc.dylib	/tmp/skv15-p1/profiles-interactive/p1b/real_typed_track1__random.json.gz
p1b_real_typed_track1	random	12	0.15	5	3281	0x2b544			libsystem_malloc.dylib	/tmp/skv15-p1/profiles-interactive/p1b/real_typed_track1__random.json.gz
p1b_real_typed_track1	random	13	0.15	5	3281	0x3ac4c			libsystem_malloc.dylib	/tmp/skv15-p1/profiles-interactive/p1b/real_typed_track1__random.json.gz
p1b_real_typed_track1	random	14	0.15	5	3281	0x2a144			libsystem_malloc.dylib	/tmp/skv15-p1/profiles-interactive/p1b/real_typed_track1__random.json.gz
p1b_real_typed_track1	random	15	0.12	4	3281	0x2a8c8			libsystem_malloc.dylib	/tmp/skv15-p1/profiles-interactive/p1b/real_typed_track1__random.json.gz
p1b_real_typed_track1	random	16	0.12	4	3281	0x30078			libsystem_malloc.dylib	/tmp/skv15-p1/profiles-interactive/p1b/real_typed_track1__random.json.gz
p1b_real_typed_track1	random	17	0.12	4	3281	0x3a044			libsystem_malloc.dylib	/tmp/skv15-p1/profiles-interactive/p1b/real_typed_track1__random.json.gz
p1b_real_typed_track1	random	18	0.12	4	3281	0x2b450			libsystem_malloc.dylib	/tmp/skv15-p1/profiles-interactive/p1b/real_typed_track1__random.json.gz
p1b_real_typed_track1	random	19	0.09	3	3281	_platform_memset			libsystem_platform.dylib	/tmp/skv15-p1/profiles-interactive/p1b/real_typed_track1__random.json.gz
p1b_real_typed_track1	random	20	0.09	3	3281	0x2b68c			libsystem_malloc.dylib	/tmp/skv15-p1/profiles-interactive/p1b/real_typed_track1__random.json.gz
p1b_real_typed_track1	twitter	1	74.41	762	1024	<bbnf_bench::generated_real_typed::DirectParser>::skip_value	/Users/mkbabb/Programming/bbnf-lang-skv15-profile-279a60646/skinny/crates/bbnf-bench/src/generated_real_typed.rs	4174	profile_direct	/tmp/skv15-p1/profiles-interactive/p1b/real_typed_track1__twitter.json.gz
p1b_real_typed_track1	twitter	2	11.43	117	1024	bbnf_bench::real_typed_struct::hash_str	/Users/mkbabb/Programming/bbnf-lang-skv15-profile-279a60646/skinny/crates/bbnf-bench/src/real_typed_struct.rs	2465	profile_direct	/tmp/skv15-p1/profiles-interactive/p1b/real_typed_track1__twitter.json.gz
p1b_real_typed_track1	twitter	3	8.89	91	1024	bbnf_bench::generated_real_typed::parse_type_twitter_search	/Users/mkbabb/Programming/bbnf-lang-skv15-profile-279a60646/skinny/crates/bbnf-bench/src/generated_real_typed.rs	259	profile_direct	/tmp/skv15-p1/profiles-interactive/p1b/real_typed_track1__twitter.json.gz
p1b_real_typed_track1	twitter	4	2.25	23	1024	<bbnf_bench::generated_real_typed::DirectParser>::skip_array	/Users/mkbabb/Programming/bbnf-lang-skv15-profile-279a60646/skinny/crates/bbnf-bench/src/generated_real_typed.rs	4212	profile_direct	/tmp/skv15-p1/profiles-interactive/p1b/real_typed_track1__twitter.json.gz
p1b_real_typed_track1	twitter	5	1.76	18	1024	bbnf_bench::generated_real_typed::parse_option_scalar_string	/Users/mkbabb/Programming/bbnf-lang-skv15-profile-279a60646/skinny/crates/bbnf-bench/src/generated_real_typed.rs	2951	profile_direct	/tmp/skv15-p1/profiles-interactive/p1b/real_typed_track1__twitter.json.gz
p1b_real_typed_track1	twitter	6	0.29	3	1024	<usize as core::slice::index::SliceIndex<[u8]>>::get	/Users/mkbabb/.rustup/toolchains/nightly-2026-04-11-aarch64-apple-darwin/lib/rustlib/src/rust/library/core/src/slice/index.rs	219	profile_direct	/tmp/skv15-p1/profiles-interactive/p1b/real_typed_track1__twitter.json.gz
p1b_real_typed_track1	twitter	7	0.20	2	1024	_platform_memmove			libsystem_platform.dylib	/tmp/skv15-p1/profiles-interactive/p1b/real_typed_track1__twitter.json.gz
p1b_real_typed_track1	twitter	8	0.10	1	1024	read			libsystem_kernel.dylib	/tmp/skv15-p1/profiles-interactive/p1b/real_typed_track1__twitter.json.gz
p1b_real_typed_track1	twitter	9	0.10	1	1024	core::str::validations::run_utf8_validation	/rustc/02c7f9bec0fd583160f8bcccb830216023b07bee/library/core/src/str/validations.rs	241	profile_direct	/tmp/skv15-p1/profiles-interactive/p1b/real_typed_track1__twitter.json.gz
p1b_real_typed_track1	twitter	10	0.10	1	1024	0x33554			libsystem_malloc.dylib	/tmp/skv15-p1/profiles-interactive/p1b/real_typed_track1__twitter.json.gz
p1b_real_typed_track1	twitter	11	0.10	1	1024	profile_direct::real_typed_checksum	/Users/mkbabb/Programming/bbnf-lang-skv15-profile-279a60646/skinny/crates/bbnf-bench/src/bin/profile_direct.rs	191	profile_direct	/tmp/skv15-p1/profiles-interactive/p1b/real_typed_track1__twitter.json.gz
p1b_real_typed_track1	twitter	12	0.10	1	1024	core::slice::memchr::memchr_naive	/rustc/02c7f9bec0fd583160f8bcccb830216023b07bee/library/core/src/slice/memchr.rs	40	profile_direct	/tmp/skv15-p1/profiles-interactive/p1b/real_typed_track1__twitter.json.gz
p1b_real_typed_track1	twitter	13	0.10	1	1024	0x3a044			libsystem_malloc.dylib	/tmp/skv15-p1/profiles-interactive/p1b/real_typed_track1__twitter.json.gz
p1b_real_typed_track1	twitter	14	0.10	1	1024	0x2a988			libsystem_malloc.dylib	/tmp/skv15-p1/profiles-interactive/p1b/real_typed_track1__twitter.json.gz
p1b_real_typed_track1	twitter	15	0.10	1	1024	core::slice::memchr::memchr	/Users/mkbabb/.rustup/toolchains/nightly-2026-04-11-aarch64-apple-darwin/lib/rustlib/src/rust/library/core/src/slice/memchr.rs	31	profile_direct	/tmp/skv15-p1/profiles-interactive/p1b/real_typed_track1__twitter.json.gz
p1b_real_typed_track1	unicode_basic	1	42.62	2046	4801	bbnf_bench::real_typed_struct::checksum_unicode_basic	/Users/mkbabb/Programming/bbnf-lang-skv15-profile-279a60646/skinny/crates/bbnf-bench/src/real_typed_struct.rs		profile_direct	/tmp/skv15-p1/profiles-interactive/p1b/real_typed_track1__unicode_basic.json.gz
p1b_real_typed_track1	unicode_basic	2	25.91	1244	4801	alloc::alloc::alloc	/Users/mkbabb/.rustup/toolchains/nightly-2026-04-11-aarch64-apple-darwin/lib/rustlib/src/rust/library/alloc/src/alloc.rs	101	profile_direct	/tmp/skv15-p1/profiles-interactive/p1b/real_typed_track1__unicode_basic.json.gz
p1b_real_typed_track1	unicode_basic	3	18.25	876	4801	bbnf_bench::generated_real_typed::parse_option_scalar_string	/Users/mkbabb/Programming/bbnf-lang-skv15-profile-279a60646/skinny/crates/bbnf-bench/src/generated_real_typed.rs	2951	profile_direct	/tmp/skv15-p1/profiles-interactive/p1b/real_typed_track1__unicode_basic.json.gz
p1b_real_typed_track1	unicode_basic	4	4.23	203	4801	bbnf_bench::generated_real_typed::parse_option_scalar_u64	/Users/mkbabb/Programming/bbnf-lang-skv15-profile-279a60646/skinny/crates/bbnf-bench/src/generated_real_typed.rs	2941	profile_direct	/tmp/skv15-p1/profiles-interactive/p1b/real_typed_track1__unicode_basic.json.gz
p1b_real_typed_track1	unicode_basic	5	0.77	37	4801	0x2b06c			libsystem_malloc.dylib	/tmp/skv15-p1/profiles-interactive/p1b/real_typed_track1__unicode_basic.json.gz
p1b_real_typed_track1	unicode_basic	6	0.62	30	4801	__bzero			libsystem_platform.dylib	/tmp/skv15-p1/profiles-interactive/p1b/real_typed_track1__unicode_basic.json.gz
p1b_real_typed_track1	unicode_basic	7	0.50	24	4801	profile_direct::real_typed_checksum	/Users/mkbabb/Programming/bbnf-lang-skv15-profile-279a60646/skinny/crates/bbnf-bench/src/bin/profile_direct.rs	191	profile_direct	/tmp/skv15-p1/profiles-interactive/p1b/real_typed_track1__unicode_basic.json.gz
p1b_real_typed_track1	unicode_basic	8	0.40	19	4801	0x2a0d4			libsystem_malloc.dylib	/tmp/skv15-p1/profiles-interactive/p1b/real_typed_track1__unicode_basic.json.gz
p1b_real_typed_track1	unicode_basic	9	0.33	16	4801	0x2b450			libsystem_malloc.dylib	/tmp/skv15-p1/profiles-interactive/p1b/real_typed_track1__unicode_basic.json.gz
p1b_real_typed_track1	unicode_basic	10	0.25	12	4801	0x3ac4c			libsystem_malloc.dylib	/tmp/skv15-p1/profiles-interactive/p1b/real_typed_track1__unicode_basic.json.gz
p1b_real_typed_track1	unicode_basic	11	0.23	11	4801	0x3a064			libsystem_malloc.dylib	/tmp/skv15-p1/profiles-interactive/p1b/real_typed_track1__unicode_basic.json.gz
p1b_real_typed_track1	unicode_basic	12	0.21	10	4801	0x30078			libsystem_malloc.dylib	/tmp/skv15-p1/profiles-interactive/p1b/real_typed_track1__unicode_basic.json.gz
p1b_real_typed_track1	unicode_basic	13	0.21	10	4801	0x2b544			libsystem_malloc.dylib	/tmp/skv15-p1/profiles-interactive/p1b/real_typed_track1__unicode_basic.json.gz
p1b_real_typed_track1	unicode_basic	14	0.21	10	4801	0x2a144			libsystem_malloc.dylib	/tmp/skv15-p1/profiles-interactive/p1b/real_typed_track1__unicode_basic.json.gz
p1b_real_typed_track1	unicode_basic	15	0.21	10	4801	0x300a8			libsystem_malloc.dylib	/tmp/skv15-p1/profiles-interactive/p1b/real_typed_track1__unicode_basic.json.gz
p1b_real_typed_track1	unicode_basic	16	0.19	9	4801	0x2b374			libsystem_malloc.dylib	/tmp/skv15-p1/profiles-interactive/p1b/real_typed_track1__unicode_basic.json.gz
p1b_real_typed_track1	unicode_basic	17	0.19	9	4801	0x2ffd4			libsystem_malloc.dylib	/tmp/skv15-p1/profiles-interactive/p1b/real_typed_track1__unicode_basic.json.gz
p1b_real_typed_track1	unicode_basic	18	0.17	8	4801	0x2ff7c			libsystem_malloc.dylib	/tmp/skv15-p1/profiles-interactive/p1b/real_typed_track1__unicode_basic.json.gz
p1b_real_typed_track1	unicode_basic	19	0.17	8	4801	0x3a044			libsystem_malloc.dylib	/tmp/skv15-p1/profiles-interactive/p1b/real_typed_track1__unicode_basic.json.gz
p1b_real_typed_track1	unicode_basic	20	0.17	8	4801	0x427f8			libsystem_malloc.dylib	/tmp/skv15-p1/profiles-interactive/p1b/real_typed_track1__unicode_basic.json.gz
p1b_real_typed_track1	unicode_escapes	1	99.55	6852	6883	parse_that_regex::skip_ascii_whitespace	/Users/mkbabb/Programming/bbnf-lang-skv15-profile-279a60646/skinny/crates/parse-that-regex/src/lib.rs	121	profile_direct	/tmp/skv15-p1/profiles-interactive/p1b/real_typed_track1__unicode_escapes.json.gz
p1b_real_typed_track1	unicode_escapes	2	0.23	16	6883	bbnf_bench::generated_real_typed::parse_option_scalar_u64	/Users/mkbabb/Programming/bbnf-lang-skv15-profile-279a60646/skinny/crates/bbnf-bench/src/generated_real_typed.rs	2941	profile_direct	/tmp/skv15-p1/profiles-interactive/p1b/real_typed_track1__unicode_escapes.json.gz
p1b_real_typed_track1	unicode_escapes	3	0.15	10	6883	<core::ptr::non_null::NonNull<bbnf_bench::real_typed_struct::UnicodeEscapesRecord> as core::cmp::PartialEq>::eq	/Users/mkbabb/.rustup/toolchains/nightly-2026-04-11-aarch64-apple-darwin/lib/rustlib/src/rust/library/core/src/ptr/non_null.rs	1717	profile_direct	/tmp/skv15-p1/profiles-interactive/p1b/real_typed_track1__unicode_escapes.json.gz
p1b_real_typed_track1	unicode_escapes	4	0.04	3	6883	profile_direct::run_once	/Users/mkbabb/.rustup/toolchains/nightly-2026-04-11-aarch64-apple-darwin/lib/rustlib/src/rust/library/core/src/result.rs		profile_direct	/tmp/skv15-p1/profiles-interactive/p1b/real_typed_track1__unicode_escapes.json.gz
p1b_real_typed_track1	unicode_escapes	5	0.01	1	6883	read			libsystem_kernel.dylib	/tmp/skv15-p1/profiles-interactive/p1b/real_typed_track1__unicode_escapes.json.gz
p1b_real_typed_track1	unicode_escapes	6	0.01	1	6883	mach_absolute_time			libsystem_kernel.dylib	/tmp/skv15-p1/profiles-interactive/p1b/real_typed_track1__unicode_escapes.json.gz
p1b_real_typed_track1	unicode_mixed	1	94.74	4518	4769	alloc::alloc::alloc	/Users/mkbabb/.rustup/toolchains/nightly-2026-04-11-aarch64-apple-darwin/lib/rustlib/src/rust/library/alloc/src/alloc.rs	101	profile_direct	/tmp/skv15-p1/profiles-interactive/p1b/real_typed_track1__unicode_mixed.json.gz
p1b_real_typed_track1	unicode_mixed	2	4.21	201	4769	bbnf_bench::generated_real_typed::parse_option_scalar_u64	/Users/mkbabb/Programming/bbnf-lang-skv15-profile-279a60646/skinny/crates/bbnf-bench/src/generated_real_typed.rs	2941	profile_direct	/tmp/skv15-p1/profiles-interactive/p1b/real_typed_track1__unicode_mixed.json.gz
p1b_real_typed_track1	unicode_mixed	3	0.71	34	4769	<core::option::Option<u64>>::map_or_else::<u64, bbnf_bench::real_typed_struct::fold_opt_u64::{closure#0}, bbnf_bench::real_typed_struct::fold_opt_u64::{closure#1}>	/Users/mkbabb/.rustup/toolchains/nightly-2026-04-11-aarch64-apple-darwin/lib/rustlib/src/rust/library/core/src/option.rs	1276	profile_direct	/tmp/skv15-p1/profiles-interactive/p1b/real_typed_track1__unicode_mixed.json.gz
p1b_real_typed_track1	unicode_mixed	4	0.15	7	4769	profile_direct::real_typed_checksum	/Users/mkbabb/Programming/bbnf-lang-skv15-profile-279a60646/skinny/crates/bbnf-bench/src/bin/profile_direct.rs	188	profile_direct	/tmp/skv15-p1/profiles-interactive/p1b/real_typed_track1__unicode_mixed.json.gz
p1b_real_typed_track1	unicode_mixed	5	0.06	3	4769	<usize>::wrapping_sub	/rustc/02c7f9bec0fd583160f8bcccb830216023b07bee/library/core/src/num/uint_macros.rs	2548	profile_direct	/tmp/skv15-p1/profiles-interactive/p1b/real_typed_track1__unicode_mixed.json.gz
p1b_real_typed_track1	unicode_mixed	6	0.02	1	4769	read			libsystem_kernel.dylib	/tmp/skv15-p1/profiles-interactive/p1b/real_typed_track1__unicode_mixed.json.gz
p1b_real_typed_track1	unicode_mixed	7	0.02	1	4769	mach_absolute_time			libsystem_kernel.dylib	/tmp/skv15-p1/profiles-interactive/p1b/real_typed_track1__unicode_mixed.json.gz
p1b_real_typed_track1	unicode_mixed	8	0.02	1	4769	0x2b06c			libsystem_malloc.dylib	/tmp/skv15-p1/profiles-interactive/p1b/real_typed_track1__unicode_mixed.json.gz
p1b_real_typed_track1	unicode_mixed	9	0.02	1	4769	0x32148			libsystem_malloc.dylib	/tmp/skv15-p1/profiles-interactive/p1b/real_typed_track1__unicode_mixed.json.gz
p1b_real_typed_track1	unicode_mixed	10	0.02	1	4769	bbnf_bench::real_typed_struct::fixture_for_name	/Users/mkbabb/Programming/bbnf-lang-skv15-profile-279a60646/skinny/crates/bbnf-bench/src/real_typed_struct.rs	1349	profile_direct	/tmp/skv15-p1/profiles-interactive/p1b/real_typed_track1__unicode_mixed.json.gz
p1b_real_typed_track1	unicode_mixed	11	0.02	1	4769	0x13c10			libsystem_malloc.dylib	/tmp/skv15-p1/profiles-interactive/p1b/real_typed_track1__unicode_mixed.json.gz
p1b_real_typed_track1	update_center	1	30.39	595	1958	bbnf_bench::generated_real_typed::parse_type_plugin_ordered	/Users/mkbabb/Programming/bbnf-lang-skv15-profile-279a60646/skinny/crates/bbnf-bench/src/generated_real_typed.rs	837	profile_direct	/tmp/skv15-p1/profiles-interactive/p1b/real_typed_track1__update_center.json.gz
p1b_real_typed_track1	update_center	2	23.08	452	1958	<u64>::wrapping_add	/Users/mkbabb/.rustup/toolchains/nightly-2026-04-11-aarch64-apple-darwin/lib/rustlib/src/rust/library/core/src/num/uint_macros.rs	2511	profile_direct	/tmp/skv15-p1/profiles-interactive/p1b/real_typed_track1__update_center.json.gz
p1b_real_typed_track1	update_center	3	17.98	352	1958	<bbnf_bench::generated_real_typed::DirectParser>::skip_value	/Users/mkbabb/Programming/bbnf-lang-skv15-profile-279a60646/skinny/crates/bbnf-bench/src/generated_real_typed.rs	4174	profile_direct	/tmp/skv15-p1/profiles-interactive/p1b/real_typed_track1__update_center.json.gz
p1b_real_typed_track1	update_center	4	12.05	236	1958	<bbnf_bench::generated_real_typed::DirectParser>::ws	/Users/mkbabb/Programming/bbnf-lang-skv15-profile-279a60646/skinny/crates/bbnf-bench/src/generated_real_typed.rs	3763	profile_direct	/tmp/skv15-p1/profiles-interactive/p1b/real_typed_track1__update_center.json.gz
p1b_real_typed_track1	update_center	5	9.30	182	1958	parse_that_regex::skip_ascii_whitespace	/Users/mkbabb/Programming/bbnf-lang-skv15-profile-279a60646/skinny/crates/parse-that-regex/src/lib.rs	120	profile_direct	/tmp/skv15-p1/profiles-interactive/p1b/real_typed_track1__update_center.json.gz
p1b_real_typed_track1	update_center	6	2.91	57	1958	bbnf_bench::generated_real_typed::parse_type_update_center	/Users/mkbabb/Programming/bbnf-lang-skv15-profile-279a60646/skinny/crates/bbnf-bench/src/generated_real_typed.rs	704	profile_direct	/tmp/skv15-p1/profiles-interactive/p1b/real_typed_track1__update_center.json.gz
p1b_real_typed_track1	update_center	7	2.15	42	1958	<bbnf_bench::generated_real_typed::DirectParser>::take	/Users/mkbabb/Programming/bbnf-lang-skv15-profile-279a60646/skinny/crates/bbnf-bench/src/generated_real_typed.rs	3768	profile_direct	/tmp/skv15-p1/profiles-interactive/p1b/real_typed_track1__update_center.json.gz
p1b_real_typed_track1	update_center	8	1.94	38	1958	core::core_arch::arm_shared::neon::generated::vreinterpret_u64_u8	/Users/mkbabb/.rustup/toolchains/nightly-2026-04-11-aarch64-apple-darwin/lib/rustlib/src/rust/library/core/src/../../stdarch/crates/core_arch/src/arm_shared/neon/generated.rs	47784	profile_direct	/tmp/skv15-p1/profiles-interactive/p1b/real_typed_track1__update_center.json.gz
p1b_real_typed_track1	update_center	9	0.15	3	1958	profile_direct::real_typed_checksum	/Users/mkbabb/Programming/bbnf-lang-skv15-profile-279a60646/skinny/crates/bbnf-bench/src/bin/profile_direct.rs	191	profile_direct	/tmp/skv15-p1/profiles-interactive/p1b/real_typed_track1__update_center.json.gz
p1b_real_typed_track1	update_center	10	0.05	1	1958	read			libsystem_kernel.dylib	/tmp/skv15-p1/profiles-interactive/p1b/real_typed_track1__update_center.json.gz
p1b_real_typed_track1	y_string_unicode	1	89.66	6548	7303	bbnf_bench::real_typed_struct::track1_typed	/Users/mkbabb/Programming/bbnf-lang-skv15-profile-279a60646/skinny/crates/bbnf-bench/src/real_typed_struct.rs	1521	profile_direct	/tmp/skv15-p1/profiles-interactive/p1b/real_typed_track1__y_string_unicode.json.gz
p1b_real_typed_track1	y_string_unicode	2	10.16	742	7303	bbnf_bench::real_typed_struct::typed_checksum	/Users/mkbabb/Programming/bbnf-lang-skv15-profile-279a60646/skinny/crates/bbnf-bench/src/real_typed_struct.rs	1748	profile_direct	/tmp/skv15-p1/profiles-interactive/p1b/real_typed_track1__y_string_unicode.json.gz
p1b_real_typed_track1	y_string_unicode	3	0.08	6	7303	mach_absolute_time			libsystem_kernel.dylib	/tmp/skv15-p1/profiles-interactive/p1b/real_typed_track1__y_string_unicode.json.gz
p1b_real_typed_track1	y_string_unicode	4	0.03	2	7303	bbnf_bench::real_typed_struct::fixture_for_name	/Users/mkbabb/Programming/bbnf-lang-skv15-profile-279a60646/skinny/crates/bbnf-bench/src/real_typed_struct.rs	1349	profile_direct	/tmp/skv15-p1/profiles-interactive/p1b/real_typed_track1__y_string_unicode.json.gz
p1b_real_typed_track1	y_string_unicode	5	0.01	1	7303	profile_direct::main	/Users/mkbabb/Programming/bbnf-lang-skv15-profile-279a60646/skinny/crates/bbnf-bench/src/bin/profile_direct.rs	108	profile_direct	/tmp/skv15-p1/profiles-interactive/p1b/real_typed_track1__y_string_unicode.json.gz
p1b_real_typed_track1	y_string_unicode	6	0.01	1	7303	<u8 as core::slice::cmp::SlicePartialEq<u8>>::equal_same_length	/Users/mkbabb/.rustup/toolchains/nightly-2026-04-11-aarch64-apple-darwin/lib/rustlib/src/rust/library/core/src/slice/cmp.rs	158	profile_direct	/tmp/skv15-p1/profiles-interactive/p1b/real_typed_track1__y_string_unicode.json.gz
p1b_real_typed_track1	y_string_unicode	7	0.01	1	7303	0x36108			libsystem_malloc.dylib	/tmp/skv15-p1/profiles-interactive/p1b/real_typed_track1__y_string_unicode.json.gz
p1b_real_typed_track1	y_string_unicode	8	0.01	1	7303	<std::alloc::System as core::alloc::global::GlobalAlloc>::alloc	/rustc/02c7f9bec0fd583160f8bcccb830216023b07bee/library/std/src/sys/alloc/unix.rs	14	profile_direct	/tmp/skv15-p1/profiles-interactive/p1b/real_typed_track1__y_string_unicode.json.gz
p1b_real_typed_track1	y_string_unicode	9	0.01	1	7303	0x3a044			libsystem_malloc.dylib	/tmp/skv15-p1/profiles-interactive/p1b/real_typed_track1__y_string_unicode.json.gz
p1b_real_typed_track2	apache_builds	1	25.77	1000	3880	<u64>::wrapping_add	/Users/mkbabb/.rustup/toolchains/nightly-2026-04-11-aarch64-apple-darwin/lib/rustlib/src/rust/library/core/src/num/uint_macros.rs	2511	profile_direct	/tmp/skv15-p1/profiles-interactive/p1b/real_typed_track2__apache_builds.json.gz
p1b_real_typed_track2	apache_builds	2	15.39	597	3880	core::str::validations::run_utf8_validation	/rustc/02c7f9bec0fd583160f8bcccb830216023b07bee/library/core/src/str/validations.rs	133	profile_direct	/tmp/skv15-p1/profiles-interactive/p1b/real_typed_track2__apache_builds.json.gz
p1b_real_typed_track2	apache_builds	3	10.18	395	3880	<serde_json::read::SliceRead>::skip_to_escape	/Users/mkbabb/.cargo/registry/src/index.crates.io-1949cf8c6b5b557f/serde_json-1.0.149/src/read.rs	432	profile_direct	/tmp/skv15-p1/profiles-interactive/p1b/real_typed_track2__apache_builds.json.gz
p1b_real_typed_track2	apache_builds	4	6.70	260	3880	<serde_json::de::MapAccess<_> as serde_core::de::MapAccess>::next_key_seed::has_next_key::<serde_json::read::SliceRead>	/Users/mkbabb/.cargo/registry/src/index.crates.io-1949cf8c6b5b557f/serde_json-1.0.149/src/de.rs	1990	profile_direct	/tmp/skv15-p1/profiles-interactive/p1b/real_typed_track2__apache_builds.json.gz
p1b_real_typed_track2	apache_builds	5	3.87	150	3880	<serde_json::read::SliceRead as serde_json::read::Read>::parse_str	/Users/mkbabb/.cargo/registry/src/index.crates.io-1949cf8c6b5b557f/serde_json-1.0.149/src/read.rs	587	profile_direct	/tmp/skv15-p1/profiles-interactive/p1b/real_typed_track2__apache_builds.json.gz
p1b_real_typed_track2	apache_builds	6	3.04	118	3880	_platform_memmove			libsystem_platform.dylib	/tmp/skv15-p1/profiles-interactive/p1b/real_typed_track2__apache_builds.json.gz
p1b_real_typed_track2	apache_builds	7	2.94	114	3880	<alloc::borrow::Cow<str> as serde_core::de::Deserialize>::deserialize::<&mut serde_json::de::Deserializer<serde_json::read::SliceRead>>	/Users/mkbabb/.cargo/registry/src/index.crates.io-1949cf8c6b5b557f/serde_core-1.0.228/src/de/impls.rs	1986	profile_direct	/tmp/skv15-p1/profiles-interactive/p1b/real_typed_track2__apache_builds.json.gz
p1b_real_typed_track2	apache_builds	8	2.91	113	3880	<alloc::raw_vec::RawVecInner>::capacity	/Users/mkbabb/.rustup/toolchains/nightly-2026-04-11-aarch64-apple-darwin/lib/rustlib/src/rust/library/alloc/src/raw_vec/mod.rs	619	profile_direct	/tmp/skv15-p1/profiles-interactive/p1b/real_typed_track2__apache_builds.json.gz
p1b_real_typed_track2	apache_builds	9	2.01	78	3880	0x2a0d4			libsystem_malloc.dylib	/tmp/skv15-p1/profiles-interactive/p1b/real_typed_track2__apache_builds.json.gz
p1b_real_typed_track2	apache_builds	10	1.73	67	3880	<core::marker::PhantomData<core::option::Option<alloc::borrow::Cow<str>>> as serde_core::de::DeserializeSeed>::deserialize::<&mut serde_json::de::Deserializer<serde_json::read::SliceRead>>	/Users/mkbabb/.cargo/registry/src/index.crates.io-1949cf8c6b5b557f/serde_core-1.0.228/src/de/mod.rs	821	profile_direct	/tmp/skv15-p1/profiles-interactive/p1b/real_typed_track2__apache_builds.json.gz
p1b_real_typed_track2	apache_builds	11	1.44	56	3880	0x2b088			libsystem_malloc.dylib	/tmp/skv15-p1/profiles-interactive/p1b/real_typed_track2__apache_builds.json.gz
p1b_real_typed_track2	apache_builds	12	1.42	55	3880	0x2b450			libsystem_malloc.dylib	/tmp/skv15-p1/profiles-interactive/p1b/real_typed_track2__apache_builds.json.gz
p1b_real_typed_track2	apache_builds	13	1.21	47	3880	__bzero			libsystem_platform.dylib	/tmp/skv15-p1/profiles-interactive/p1b/real_typed_track2__apache_builds.json.gz
p1b_real_typed_track2	apache_builds	14	1.06	41	3880	<serde_json::de::SeqAccess<_> as serde_core::de::SeqAccess>::next_element_seed::has_next_element::<serde_json::read::SliceRead>	/Users/mkbabb/.cargo/registry/src/index.crates.io-1949cf8c6b5b557f/serde_json-1.0.149/src/de.rs	1940	profile_direct	/tmp/skv15-p1/profiles-interactive/p1b/real_typed_track2__apache_builds.json.gz
p1b_real_typed_track2	apache_builds	15	1.01	39	3880	0x2b06c			libsystem_malloc.dylib	/tmp/skv15-p1/profiles-interactive/p1b/real_typed_track2__apache_builds.json.gz
p1b_real_typed_track2	apache_builds	16	0.93	36	3880	_platform_memset			libsystem_platform.dylib	/tmp/skv15-p1/profiles-interactive/p1b/real_typed_track2__apache_builds.json.gz
p1b_real_typed_track2	apache_builds	17	0.75	29	3880	0x2a144			libsystem_malloc.dylib	/tmp/skv15-p1/profiles-interactive/p1b/real_typed_track2__apache_builds.json.gz
p1b_real_typed_track2	apache_builds	18	0.64	25	3880	0x2ff2c			libsystem_malloc.dylib	/tmp/skv15-p1/profiles-interactive/p1b/real_typed_track2__apache_builds.json.gz
p1b_real_typed_track2	apache_builds	19	0.59	23	3880	0x3ac4c			libsystem_malloc.dylib	/tmp/skv15-p1/profiles-interactive/p1b/real_typed_track2__apache_builds.json.gz
p1b_real_typed_track2	apache_builds	20	0.46	18	3880	0x2ffe0			libsystem_malloc.dylib	/tmp/skv15-p1/profiles-interactive/p1b/real_typed_track2__apache_builds.json.gz
p1b_real_typed_track2	canada	1	23.84	2899	12161	bbnf_bench::real_typed_struct::typed_checksum	/Users/mkbabb/Programming/bbnf-lang-skv15-profile-279a60646/skinny/crates/bbnf-bench/src/real_typed_struct.rs		profile_direct	/tmp/skv15-p1/profiles-interactive/p1b/real_typed_track2__canada.json.gz
p1b_real_typed_track2	canada	2	12.91	1570	12161	<serde_json::read::SliceRead as serde_json::read::Read>::position	/Users/mkbabb/.cargo/registry/src/index.crates.io-1949cf8c6b5b557f/serde_json-1.0.149/src/read.rs	574	profile_direct	/tmp/skv15-p1/profiles-interactive/p1b/real_typed_track2__canada.json.gz
p1b_real_typed_track2	canada	3	10.19	1239	12161	core::str::validations::run_utf8_validation	/rustc/02c7f9bec0fd583160f8bcccb830216023b07bee/library/core/src/str/validations.rs	133	profile_direct	/tmp/skv15-p1/profiles-interactive/p1b/real_typed_track2__canada.json.gz
p1b_real_typed_track2	canada	4	6.50	790	12161	<serde_json::de::SeqAccess<_> as serde_core::de::SeqAccess>::next_element_seed::has_next_element::<serde_json::read::SliceRead>	/Users/mkbabb/.cargo/registry/src/index.crates.io-1949cf8c6b5b557f/serde_json-1.0.149/src/de.rs	1937	profile_direct	/tmp/skv15-p1/profiles-interactive/p1b/real_typed_track2__canada.json.gz
p1b_real_typed_track2	canada	5	3.82	465	12161	<serde_json::de::SeqAccess<serde_json::read::SliceRead> as serde_core::de::SeqAccess>::next_element_seed::<core::marker::PhantomData<alloc::vec::Vec<alloc::vec::Vec<&serde_json::raw::RawValue>>>>	/Users/mkbabb/.cargo/registry/src/index.crates.io-1949cf8c6b5b557f/serde_json-1.0.149/src/de.rs	1964	profile_direct	/tmp/skv15-p1/profiles-interactive/p1b/real_typed_track2__canada.json.gz
p1b_real_typed_track2	canada	6	3.78	460	12161	<serde_json::de::Deserializer<serde_json::read::SliceRead>>::ignore_value	/Users/mkbabb/.cargo/registry/src/index.crates.io-1949cf8c6b5b557f/serde_json-1.0.149/src/de.rs	1102	profile_direct	/tmp/skv15-p1/profiles-interactive/p1b/real_typed_track2__canada.json.gz
p1b_real_typed_track2	canada	7	2.03	247	12161	0x2b450			libsystem_malloc.dylib	/tmp/skv15-p1/profiles-interactive/p1b/real_typed_track2__canada.json.gz
p1b_real_typed_track2	canada	8	1.73	210	12161	_platform_memset			libsystem_platform.dylib	/tmp/skv15-p1/profiles-interactive/p1b/real_typed_track2__canada.json.gz
p1b_real_typed_track2	canada	9	1.24	151	12161	<alloc::raw_vec::RawVecInner>::finish_grow	/Users/mkbabb/.rustup/toolchains/nightly-2026-04-11-aarch64-apple-darwin/lib/rustlib/src/rust/library/alloc/src/raw_vec/mod.rs	543	profile_direct	/tmp/skv15-p1/profiles-interactive/p1b/real_typed_track2__canada.json.gz
p1b_real_typed_track2	canada	10	1.17	142	12161	<serde_json::de::MapAccess<serde_json::read::SliceRead> as serde_core::de::MapAccess>::next_key_seed::<core::marker::PhantomData<<bbnf_bench::real_typed_struct::CanadaSerdeFeatureCollection as serde_core::de::Deserialize>::deserialize::__Field>>	/Users/mkbabb/.cargo/registry/src/index.crates.io-1949cf8c6b5b557f/serde_json-1.0.149/src/de.rs	2020	profile_direct	/tmp/skv15-p1/profiles-interactive/p1b/real_typed_track2__canada.json.gz
p1b_real_typed_track2	canada	11	1.09	132	12161	profile_direct::real_typed_checksum	/Users/mkbabb/Programming/bbnf-lang-skv15-profile-279a60646/skinny/crates/bbnf-bench/src/bin/profile_direct.rs		profile_direct	/tmp/skv15-p1/profiles-interactive/p1b/real_typed_track2__canada.json.gz
p1b_real_typed_track2	canada	12	1.04	126	12161	<alloc::raw_vec::RawVec<&serde_json::raw::RawValue>>::grow_one	/Users/mkbabb/.rustup/toolchains/nightly-2026-04-11-aarch64-apple-darwin/lib/rustlib/src/rust/library/alloc/src/raw_vec/mod.rs	186	profile_direct	/tmp/skv15-p1/profiles-interactive/p1b/real_typed_track2__canada.json.gz
p1b_real_typed_track2	canada	13	1.01	123	12161	<serde_json::de::Deserializer<serde_json::read::SliceRead>>::end_seq	/Users/mkbabb/.cargo/registry/src/index.crates.io-1949cf8c6b5b557f/serde_json-1.0.149/src/de.rs	1072	profile_direct	/tmp/skv15-p1/profiles-interactive/p1b/real_typed_track2__canada.json.gz
p1b_real_typed_track2	canada	14	0.89	108	12161	0x2b318			libsystem_malloc.dylib	/tmp/skv15-p1/profiles-interactive/p1b/real_typed_track2__canada.json.gz
p1b_real_typed_track2	canada	15	0.87	106	12161	0x2ff2c			libsystem_malloc.dylib	/tmp/skv15-p1/profiles-interactive/p1b/real_typed_track2__canada.json.gz
p1b_real_typed_track2	canada	16	0.77	94	12161	0x2ffd4			libsystem_malloc.dylib	/tmp/skv15-p1/profiles-interactive/p1b/real_typed_track2__canada.json.gz
p1b_real_typed_track2	canada	17	0.77	94	12161	0x2a8c8			libsystem_malloc.dylib	/tmp/skv15-p1/profiles-interactive/p1b/real_typed_track2__canada.json.gz
p1b_real_typed_track2	canada	18	0.70	85	12161	0x270e88			profile_direct	/tmp/skv15-p1/profiles-interactive/p1b/real_typed_track2__canada.json.gz
p1b_real_typed_track2	canada	19	0.65	79	12161	0x30078			libsystem_malloc.dylib	/tmp/skv15-p1/profiles-interactive/p1b/real_typed_track2__canada.json.gz
p1b_real_typed_track2	canada	20	0.65	79	12161	0x2b68c			libsystem_malloc.dylib	/tmp/skv15-p1/profiles-interactive/p1b/real_typed_track2__canada.json.gz
p1b_real_typed_track2	citm_catalog	1	77.15	1307	1694	<serde_json::de::Deserializer<serde_json::read::SliceRead>>::ignore_value	/Users/mkbabb/.cargo/registry/src/index.crates.io-1949cf8c6b5b557f/serde_json-1.0.149/src/de.rs	1102	profile_direct	/tmp/skv15-p1/profiles-interactive/p1b/real_typed_track2__citm_catalog.json.gz
p1b_real_typed_track2	citm_catalog	2	5.79	98	1694	<serde_json::read::SliceRead>::skip_to_escape	/Users/mkbabb/.cargo/registry/src/index.crates.io-1949cf8c6b5b557f/serde_json-1.0.149/src/read.rs	432	profile_direct	/tmp/skv15-p1/profiles-interactive/p1b/real_typed_track2__citm_catalog.json.gz
p1b_real_typed_track2	citm_catalog	3	4.43	75	1694	<serde_json::read::SliceRead as serde_json::read::Read>::position	/Users/mkbabb/.cargo/registry/src/index.crates.io-1949cf8c6b5b557f/serde_json-1.0.149/src/read.rs	574	profile_direct	/tmp/skv15-p1/profiles-interactive/p1b/real_typed_track2__citm_catalog.json.gz
p1b_real_typed_track2	citm_catalog	4	3.60	61	1694	<serde_json::read::SliceRead as serde_json::read::Read>::ignore_str	/Users/mkbabb/.cargo/registry/src/index.crates.io-1949cf8c6b5b557f/serde_json-1.0.149/src/read.rs	598	profile_direct	/tmp/skv15-p1/profiles-interactive/p1b/real_typed_track2__citm_catalog.json.gz
p1b_real_typed_track2	citm_catalog	5	1.65	28	1694	<serde_json::de::MapAccess<_> as serde_core::de::MapAccess>::next_key_seed::has_next_key::<serde_json::read::SliceRead>	/Users/mkbabb/.cargo/registry/src/index.crates.io-1949cf8c6b5b557f/serde_json-1.0.149/src/de.rs	1991	profile_direct	/tmp/skv15-p1/profiles-interactive/p1b/real_typed_track2__citm_catalog.json.gz
p1b_real_typed_track2	citm_catalog	6	1.53	26	1694	<serde_json::de::SeqAccess<_> as serde_core::de::SeqAccess>::next_element_seed::has_next_element::<serde_json::read::SliceRead>	/Users/mkbabb/.cargo/registry/src/index.crates.io-1949cf8c6b5b557f/serde_json-1.0.149/src/de.rs	1940	profile_direct	/tmp/skv15-p1/profiles-interactive/p1b/real_typed_track2__citm_catalog.json.gz
p1b_real_typed_track2	citm_catalog	7	1.18	20	1694	core::str::validations::run_utf8_validation	/rustc/02c7f9bec0fd583160f8bcccb830216023b07bee/library/core/src/str/validations.rs	145	profile_direct	/tmp/skv15-p1/profiles-interactive/p1b/real_typed_track2__citm_catalog.json.gz
p1b_real_typed_track2	citm_catalog	8	1.06	18	1694	bbnf_bench::real_typed_struct::typed_checksum	/Users/mkbabb/Programming/bbnf-lang-skv15-profile-279a60646/skinny/crates/bbnf-bench/src/real_typed_struct.rs	1747	profile_direct	/tmp/skv15-p1/profiles-interactive/p1b/real_typed_track2__citm_catalog.json.gz
p1b_real_typed_track2	citm_catalog	9	0.77	13	1694	<serde_json::read::SliceRead as serde_json::read::Read>::discard	/Users/mkbabb/.cargo/registry/src/index.crates.io-1949cf8c6b5b557f/serde_json-1.0.149/src/read.rs	570	profile_direct	/tmp/skv15-p1/profiles-interactive/p1b/real_typed_track2__citm_catalog.json.gz
p1b_real_typed_track2	citm_catalog	10	0.41	7	1694	<alloc::vec::Vec<bbnf_bench::real_typed_struct::CitmEventEntry>>::push_mut	/Users/mkbabb/.rustup/toolchains/nightly-2026-04-11-aarch64-apple-darwin/lib/rustlib/src/rust/library/alloc/src/vec/mod.rs	1041	profile_direct	/tmp/skv15-p1/profiles-interactive/p1b/real_typed_track2__citm_catalog.json.gz
p1b_real_typed_track2	citm_catalog	11	0.24	4	1694	_platform_memmove			libsystem_platform.dylib	/tmp/skv15-p1/profiles-interactive/p1b/real_typed_track2__citm_catalog.json.gz
p1b_real_typed_track2	citm_catalog	12	0.24	4	1694	0x2b06c			libsystem_malloc.dylib	/tmp/skv15-p1/profiles-interactive/p1b/real_typed_track2__citm_catalog.json.gz
p1b_real_typed_track2	citm_catalog	13	0.18	3	1694	0x2a0d4			libsystem_malloc.dylib	/tmp/skv15-p1/profiles-interactive/p1b/real_typed_track2__citm_catalog.json.gz
p1b_real_typed_track2	citm_catalog	14	0.18	3	1694	<serde_json::read::SliceRead as serde_json::read::Read>::parse_str	/Users/mkbabb/.cargo/registry/src/index.crates.io-1949cf8c6b5b557f/serde_json-1.0.149/src/read.rs	587	profile_direct	/tmp/skv15-p1/profiles-interactive/p1b/real_typed_track2__citm_catalog.json.gz
p1b_real_typed_track2	citm_catalog	15	0.18	3	1694	<core::marker::PhantomData<alloc::vec::Vec<u64>> as serde_core::de::DeserializeSeed>::deserialize::<&mut serde_json::de::Deserializer<serde_json::read::SliceRead>>	/Users/mkbabb/.cargo/registry/src/index.crates.io-1949cf8c6b5b557f/serde_core-1.0.228/src/de/mod.rs	821	profile_direct	/tmp/skv15-p1/profiles-interactive/p1b/real_typed_track2__citm_catalog.json.gz
p1b_real_typed_track2	citm_catalog	16	0.12	2	1694	alloc::alloc::realloc_nonnull	/Users/mkbabb/.rustup/toolchains/nightly-2026-04-11-aarch64-apple-darwin/lib/rustlib/src/rust/library/alloc/src/alloc.rs	155	profile_direct	/tmp/skv15-p1/profiles-interactive/p1b/real_typed_track2__citm_catalog.json.gz
p1b_real_typed_track2	citm_catalog	17	0.12	2	1694	<serde_json::read::SliceRead as serde_json::read::Read>::peek	/Users/mkbabb/.cargo/registry/src/index.crates.io-1949cf8c6b5b557f/serde_json-1.0.149/src/read.rs	562	profile_direct	/tmp/skv15-p1/profiles-interactive/p1b/real_typed_track2__citm_catalog.json.gz
p1b_real_typed_track2	citm_catalog	18	0.12	2	1694	0x2a144			libsystem_malloc.dylib	/tmp/skv15-p1/profiles-interactive/p1b/real_typed_track2__citm_catalog.json.gz
p1b_real_typed_track2	citm_catalog	19	0.12	2	1694	_platform_memset			libsystem_platform.dylib	/tmp/skv15-p1/profiles-interactive/p1b/real_typed_track2__citm_catalog.json.gz
p1b_real_typed_track2	citm_catalog	20	0.06	1	1694	read			libsystem_kernel.dylib	/tmp/skv15-p1/profiles-interactive/p1b/real_typed_track2__citm_catalog.json.gz
p1b_real_typed_track2	distinct_values	1	13.68	1545	11295	core::str::validations::run_utf8_validation	/rustc/02c7f9bec0fd583160f8bcccb830216023b07bee/library/core/src/str/validations.rs	133	profile_direct	/tmp/skv15-p1/profiles-interactive/p1b/real_typed_track2__distinct_values.json.gz
p1b_real_typed_track2	distinct_values	2	13.32	1504	11295	bbnf_bench::real_typed_struct::typed_checksum	/Users/mkbabb/Programming/bbnf-lang-skv15-profile-279a60646/skinny/crates/bbnf-bench/src/real_typed_struct.rs	1747	profile_direct	/tmp/skv15-p1/profiles-interactive/p1b/real_typed_track2__distinct_values.json.gz
p1b_real_typed_track2	distinct_values	3	5.92	669	11295	<serde_json::read::SliceRead>::skip_to_escape	/Users/mkbabb/.cargo/registry/src/index.crates.io-1949cf8c6b5b557f/serde_json-1.0.149/src/read.rs	432	profile_direct	/tmp/skv15-p1/profiles-interactive/p1b/real_typed_track2__distinct_values.json.gz
p1b_real_typed_track2	distinct_values	4	5.12	578	11295	_platform_memmove			libsystem_platform.dylib	/tmp/skv15-p1/profiles-interactive/p1b/real_typed_track2__distinct_values.json.gz
p1b_real_typed_track2	distinct_values	5	4.27	482	11295	bbnf_bench::real_typed_struct::serde_typed	/Users/mkbabb/Programming/bbnf-lang-skv15-profile-279a60646/skinny/crates/bbnf-bench/src/real_typed_struct.rs	1589	profile_direct	/tmp/skv15-p1/profiles-interactive/p1b/real_typed_track2__distinct_values.json.gz
p1b_real_typed_track2	distinct_values	6	3.78	427	11295	<serde_json::read::SliceRead as serde_json::read::Read>::parse_str	/Users/mkbabb/.cargo/registry/src/index.crates.io-1949cf8c6b5b557f/serde_json-1.0.149/src/read.rs	587	profile_direct	/tmp/skv15-p1/profiles-interactive/p1b/real_typed_track2__distinct_values.json.gz
p1b_real_typed_track2	distinct_values	7	2.84	321	11295	<serde_json::de::MapAccess<_> as serde_core::de::MapAccess>::next_key_seed::has_next_key::<serde_json::read::SliceRead>	/Users/mkbabb/.cargo/registry/src/index.crates.io-1949cf8c6b5b557f/serde_json-1.0.149/src/de.rs	1990	profile_direct	/tmp/skv15-p1/profiles-interactive/p1b/real_typed_track2__distinct_values.json.gz
p1b_real_typed_track2	distinct_values	8	2.55	288	11295	<alloc::borrow::Cow<str> as serde_core::de::Deserialize>::deserialize::<&mut serde_json::de::Deserializer<serde_json::read::SliceRead>>	/Users/mkbabb/.cargo/registry/src/index.crates.io-1949cf8c6b5b557f/serde_core-1.0.228/src/de/impls.rs	1986	profile_direct	/tmp/skv15-p1/profiles-interactive/p1b/real_typed_track2__distinct_values.json.gz
p1b_real_typed_track2	distinct_values	9	2.49	281	11295	0x2b450			libsystem_malloc.dylib	/tmp/skv15-p1/profiles-interactive/p1b/real_typed_track2__distinct_values.json.gz
p1b_real_typed_track2	distinct_values	10	1.95	220	11295	0x2b06c			libsystem_malloc.dylib	/tmp/skv15-p1/profiles-interactive/p1b/real_typed_track2__distinct_values.json.gz
p1b_real_typed_track2	distinct_values	11	1.54	174	11295	mach_absolute_time			libsystem_kernel.dylib	/tmp/skv15-p1/profiles-interactive/p1b/real_typed_track2__distinct_values.json.gz
p1b_real_typed_track2	distinct_values	12	1.36	154	11295	0x30078			libsystem_malloc.dylib	/tmp/skv15-p1/profiles-interactive/p1b/real_typed_track2__distinct_values.json.gz
p1b_real_typed_track2	distinct_values	13	1.28	145	11295	0x2a0d4			libsystem_malloc.dylib	/tmp/skv15-p1/profiles-interactive/p1b/real_typed_track2__distinct_values.json.gz
p1b_real_typed_track2	distinct_values	14	1.26	142	11295	0x2ffd4			libsystem_malloc.dylib	/tmp/skv15-p1/profiles-interactive/p1b/real_typed_track2__distinct_values.json.gz
p1b_real_typed_track2	distinct_values	15	1.25	141	11295	profile_direct::real_typed_checksum	/Users/mkbabb/Programming/bbnf-lang-skv15-profile-279a60646/skinny/crates/bbnf-bench/src/bin/profile_direct.rs		profile_direct	/tmp/skv15-p1/profiles-interactive/p1b/real_typed_track2__distinct_values.json.gz
p1b_real_typed_track2	distinct_values	16	1.19	134	11295	0x2a144			libsystem_malloc.dylib	/tmp/skv15-p1/profiles-interactive/p1b/real_typed_track2__distinct_values.json.gz
p1b_real_typed_track2	distinct_values	17	1.12	126	11295	0x2b68c			libsystem_malloc.dylib	/tmp/skv15-p1/profiles-interactive/p1b/real_typed_track2__distinct_values.json.gz
p1b_real_typed_track2	distinct_values	18	1.07	121	11295	0x2ff2c			libsystem_malloc.dylib	/tmp/skv15-p1/profiles-interactive/p1b/real_typed_track2__distinct_values.json.gz
p1b_real_typed_track2	distinct_values	19	0.95	107	11295	0x3ac4c			libsystem_malloc.dylib	/tmp/skv15-p1/profiles-interactive/p1b/real_typed_track2__distinct_values.json.gz
p1b_real_typed_track2	distinct_values	20	0.91	103	11295	0x2b318			libsystem_malloc.dylib	/tmp/skv15-p1/profiles-interactive/p1b/real_typed_track2__distinct_values.json.gz
p1b_real_typed_track2	github_events	1	19.62	454	2314	<serde_json::read::SliceRead>::skip_to_escape	/Users/mkbabb/.cargo/registry/src/index.crates.io-1949cf8c6b5b557f/serde_json-1.0.149/src/read.rs	434	profile_direct	/tmp/skv15-p1/profiles-interactive/p1b/real_typed_track2__github_events.json.gz
p1b_real_typed_track2	github_events	2	13.70	317	2314	bbnf_bench::real_typed_struct::checksum_github_actor	/Users/mkbabb/Programming/bbnf-lang-skv15-profile-279a60646/skinny/crates/bbnf-bench/src/real_typed_struct.rs	1915	profile_direct	/tmp/skv15-p1/profiles-interactive/p1b/real_typed_track2__github_events.json.gz
p1b_real_typed_track2	github_events	3	12.23	283	2314	core::str::validations::run_utf8_validation	/rustc/02c7f9bec0fd583160f8bcccb830216023b07bee/library/core/src/str/validations.rs	133	profile_direct	/tmp/skv15-p1/profiles-interactive/p1b/real_typed_track2__github_events.json.gz
p1b_real_typed_track2	github_events	4	11.24	260	2314	<serde_json::de::Deserializer<serde_json::read::SliceRead>>::ignore_value	/Users/mkbabb/.cargo/registry/src/index.crates.io-1949cf8c6b5b557f/serde_json-1.0.149/src/de.rs	1102	profile_direct	/tmp/skv15-p1/profiles-interactive/p1b/real_typed_track2__github_events.json.gz
p1b_real_typed_track2	github_events	5	7.52	174	2314	<core::slice::iter::Iter<bbnf_bench::real_typed_struct::GithubEvent> as core::iter::traits::iterator::Iterator>::next	/Users/mkbabb/.rustup/toolchains/nightly-2026-04-11-aarch64-apple-darwin/lib/rustlib/src/rust/library/core/src/slice/iter/macros.rs	180	profile_direct	/tmp/skv15-p1/profiles-interactive/p1b/real_typed_track2__github_events.json.gz
p1b_real_typed_track2	github_events	6	4.67	108	2314	<serde_json::de::MapAccess<_> as serde_core::de::MapAccess>::next_key_seed::has_next_key::<serde_json::read::SliceRead>	/Users/mkbabb/.cargo/registry/src/index.crates.io-1949cf8c6b5b557f/serde_json-1.0.149/src/de.rs	1990	profile_direct	/tmp/skv15-p1/profiles-interactive/p1b/real_typed_track2__github_events.json.gz
p1b_real_typed_track2	github_events	7	2.98	69	2314	_platform_memmove			libsystem_platform.dylib	/tmp/skv15-p1/profiles-interactive/p1b/real_typed_track2__github_events.json.gz
p1b_real_typed_track2	github_events	8	2.72	63	2314	<serde_json::read::SliceRead as serde_json::read::Read>::ignore_str	/Users/mkbabb/.cargo/registry/src/index.crates.io-1949cf8c6b5b557f/serde_json-1.0.149/src/read.rs	598	profile_direct	/tmp/skv15-p1/profiles-interactive/p1b/real_typed_track2__github_events.json.gz
p1b_real_typed_track2	github_events	9	2.59	60	2314	<serde_json::read::SliceRead as serde_json::read::Read>::parse_str	/Users/mkbabb/.cargo/registry/src/index.crates.io-1949cf8c6b5b557f/serde_json-1.0.149/src/read.rs	587	profile_direct	/tmp/skv15-p1/profiles-interactive/p1b/real_typed_track2__github_events.json.gz
p1b_real_typed_track2	github_events	10	1.77	41	2314	<serde_json::read::SliceRead as serde_json::read::Read>::peek	/Users/mkbabb/.cargo/registry/src/index.crates.io-1949cf8c6b5b557f/serde_json-1.0.149/src/read.rs	561	profile_direct	/tmp/skv15-p1/profiles-interactive/p1b/real_typed_track2__github_events.json.gz
p1b_real_typed_track2	github_events	11	1.77	41	2314	<alloc::borrow::Cow<str> as serde_core::de::Deserialize>::deserialize::<&mut serde_json::de::Deserializer<serde_json::read::SliceRead>>	/Users/mkbabb/.cargo/registry/src/index.crates.io-1949cf8c6b5b557f/serde_core-1.0.228/src/de/impls.rs	1986	profile_direct	/tmp/skv15-p1/profiles-interactive/p1b/real_typed_track2__github_events.json.gz
p1b_real_typed_track2	github_events	12	1.34	31	2314	<core::marker::PhantomData<core::option::Option<bbnf_bench::real_typed_struct::GithubPayload>> as serde_core::de::DeserializeSeed>::deserialize::<&mut serde_json::de::Deserializer<serde_json::read::SliceRead>>	/Users/mkbabb/.cargo/registry/src/index.crates.io-1949cf8c6b5b557f/serde_core-1.0.228/src/de/mod.rs	821	profile_direct	/tmp/skv15-p1/profiles-interactive/p1b/real_typed_track2__github_events.json.gz
p1b_real_typed_track2	github_events	13	1.08	25	2314	<core::marker::PhantomData<core::option::Option<alloc::borrow::Cow<str>>> as serde_core::de::DeserializeSeed>::deserialize::<&mut serde_json::de::Deserializer<serde_json::read::SliceRead>>	/Users/mkbabb/.cargo/registry/src/index.crates.io-1949cf8c6b5b557f/serde_core-1.0.228/src/de/mod.rs	821	profile_direct	/tmp/skv15-p1/profiles-interactive/p1b/real_typed_track2__github_events.json.gz
p1b_real_typed_track2	github_events	14	1.08	25	2314	<serde_json::read::SliceRead as serde_json::read::Read>::peek	/Users/mkbabb/.cargo/registry/src/index.crates.io-1949cf8c6b5b557f/serde_json-1.0.149/src/read.rs	562	profile_direct	/tmp/skv15-p1/profiles-interactive/p1b/real_typed_track2__github_events.json.gz
p1b_real_typed_track2	github_events	15	0.91	21	2314	<serde_json::read::SliceRead as serde_json::read::Read>::next	/Users/mkbabb/.cargo/registry/src/index.crates.io-1949cf8c6b5b557f/serde_json-1.0.149/src/read.rs	548	profile_direct	/tmp/skv15-p1/profiles-interactive/p1b/real_typed_track2__github_events.json.gz
p1b_real_typed_track2	github_events	16	0.86	20	2314	__bzero			libsystem_platform.dylib	/tmp/skv15-p1/profiles-interactive/p1b/real_typed_track2__github_events.json.gz
p1b_real_typed_track2	github_events	17	0.73	17	2314	<serde_json::read::SliceRead as serde_json::read::Read>::next	/Users/mkbabb/.cargo/registry/src/index.crates.io-1949cf8c6b5b557f/serde_json-1.0.149/src/read.rs	550	profile_direct	/tmp/skv15-p1/profiles-interactive/p1b/real_typed_track2__github_events.json.gz
p1b_real_typed_track2	github_events	18	0.61	14	2314	_platform_memset			libsystem_platform.dylib	/tmp/skv15-p1/profiles-interactive/p1b/real_typed_track2__github_events.json.gz
p1b_real_typed_track2	github_events	19	0.61	14	2314	0x2b450			libsystem_malloc.dylib	/tmp/skv15-p1/profiles-interactive/p1b/real_typed_track2__github_events.json.gz
p1b_real_typed_track2	github_events	20	0.56	13	2314	0x2a0d4			libsystem_malloc.dylib	/tmp/skv15-p1/profiles-interactive/p1b/real_typed_track2__github_events.json.gz
p1b_real_typed_track2	gsoc-2018	1	70.79	2307	3259	<bbnf_bench::real_typed_struct::DecodedJsonString as serde_core::de::Deserialize>::deserialize::<&mut serde_json::de::Deserializer<serde_json::read::SliceRead>>	/Users/mkbabb/Programming/bbnf-lang-skv15-profile-279a60646/skinny/crates/bbnf-bench/src/real_typed_struct.rs	812	profile_direct	/tmp/skv15-p1/profiles-interactive/p1b/real_typed_track2__gsoc-2018.json.gz
p1b_real_typed_track2	gsoc-2018	2	9.17	299	3259	<serde_json::read::SliceRead>::skip_to_escape	/Users/mkbabb/.cargo/registry/src/index.crates.io-1949cf8c6b5b557f/serde_json-1.0.149/src/read.rs	434	profile_direct	/tmp/skv15-p1/profiles-interactive/p1b/real_typed_track2__gsoc-2018.json.gz
p1b_real_typed_track2	gsoc-2018	3	7.21	235	3259	core::str::validations::run_utf8_validation	/rustc/02c7f9bec0fd583160f8bcccb830216023b07bee/library/core/src/str/validations.rs	133	profile_direct	/tmp/skv15-p1/profiles-interactive/p1b/real_typed_track2__gsoc-2018.json.gz
p1b_real_typed_track2	gsoc-2018	4	3.44	112	3259	<serde_json::de::MapAccess<_> as serde_core::de::MapAccess>::next_key_seed::has_next_key::<serde_json::read::SliceRead>	/Users/mkbabb/.cargo/registry/src/index.crates.io-1949cf8c6b5b557f/serde_json-1.0.149/src/de.rs	1990	profile_direct	/tmp/skv15-p1/profiles-interactive/p1b/real_typed_track2__gsoc-2018.json.gz
p1b_real_typed_track2	gsoc-2018	5	2.03	66	3259	<serde_json::read::SliceRead as serde_json::read::Read>::parse_str	/Users/mkbabb/.cargo/registry/src/index.crates.io-1949cf8c6b5b557f/serde_json-1.0.149/src/read.rs	587	profile_direct	/tmp/skv15-p1/profiles-interactive/p1b/real_typed_track2__gsoc-2018.json.gz
p1b_real_typed_track2	gsoc-2018	6	1.50	49	3259	_platform_memmove			libsystem_platform.dylib	/tmp/skv15-p1/profiles-interactive/p1b/real_typed_track2__gsoc-2018.json.gz
p1b_real_typed_track2	gsoc-2018	7	1.07	35	3259	<serde_json::read::SliceRead as serde_json::read::Read>::peek	/Users/mkbabb/.cargo/registry/src/index.crates.io-1949cf8c6b5b557f/serde_json-1.0.149/src/read.rs	562	profile_direct	/tmp/skv15-p1/profiles-interactive/p1b/real_typed_track2__gsoc-2018.json.gz
p1b_real_typed_track2	gsoc-2018	8	0.92	30	3259	<serde_json::de::MapAccess<serde_json::read::SliceRead> as serde_core::de::MapAccess>::next_entry_seed::<core::marker::PhantomData<alloc::borrow::Cow<str>>, core::marker::PhantomData<bbnf_bench::real_typed_struct::GsocProposal>>	/Users/mkbabb/.cargo/registry/src/index.crates.io-1949cf8c6b5b557f/serde_core-1.0.228/src/de/mod.rs	1882	profile_direct	/tmp/skv15-p1/profiles-interactive/p1b/real_typed_track2__gsoc-2018.json.gz
p1b_real_typed_track2	gsoc-2018	9	0.80	26	3259	mach_absolute_time			libsystem_kernel.dylib	/tmp/skv15-p1/profiles-interactive/p1b/real_typed_track2__gsoc-2018.json.gz
p1b_real_typed_track2	gsoc-2018	10	0.61	20	3259	serde_json::read::parse_escape::<serde_json::read::SliceRead>	/Users/mkbabb/.cargo/registry/src/index.crates.io-1949cf8c6b5b557f/serde_json-1.0.149/src/read.rs	874	profile_direct	/tmp/skv15-p1/profiles-interactive/p1b/real_typed_track2__gsoc-2018.json.gz
p1b_real_typed_track2	gsoc-2018	11	0.31	10	3259	<u64>::wrapping_add	/Users/mkbabb/.rustup/toolchains/nightly-2026-04-11-aarch64-apple-darwin/lib/rustlib/src/rust/library/core/src/num/uint_macros.rs	2511	profile_direct	/tmp/skv15-p1/profiles-interactive/p1b/real_typed_track2__gsoc-2018.json.gz
p1b_real_typed_track2	gsoc-2018	12	0.25	8	3259	profile_direct::real_typed_checksum	/Users/mkbabb/Programming/bbnf-lang-skv15-profile-279a60646/skinny/crates/bbnf-bench/src/bin/profile_direct.rs		profile_direct	/tmp/skv15-p1/profiles-interactive/p1b/real_typed_track2__gsoc-2018.json.gz
p1b_real_typed_track2	gsoc-2018	13	0.12	4	3259	0x270edc			profile_direct	/tmp/skv15-p1/profiles-interactive/p1b/real_typed_track2__gsoc-2018.json.gz
p1b_real_typed_track2	gsoc-2018	14	0.12	4	3259	<serde_json::read::SliceRead as serde_json::read::Read>::decode_hex_escape	/Users/mkbabb/.cargo/registry/src/index.crates.io-1949cf8c6b5b557f/serde_json-1.0.149/src/read.rs	622	profile_direct	/tmp/skv15-p1/profiles-interactive/p1b/real_typed_track2__gsoc-2018.json.gz
p1b_real_typed_track2	gsoc-2018	15	0.09	3	3259	0x3a0b0			libsystem_malloc.dylib	/tmp/skv15-p1/profiles-interactive/p1b/real_typed_track2__gsoc-2018.json.gz
p1b_real_typed_track2	gsoc-2018	16	0.09	3	3259	<&mut serde_json::de::Deserializer<serde_json::read::SliceRead> as serde_core::de::Deserializer>::deserialize_str::<<bbnf_bench::real_typed_struct::GsocSponsorType as serde_core::de::Deserialize>::deserialize::GsocSponsorTypeVisitor>	/Users/mkbabb/.cargo/registry/src/index.crates.io-1949cf8c6b5b557f/serde_json-1.0.149/src/de.rs	1539	profile_direct	/tmp/skv15-p1/profiles-interactive/p1b/real_typed_track2__gsoc-2018.json.gz
p1b_real_typed_track2	gsoc-2018	17	0.09	3	3259	0x2a0d4			libsystem_malloc.dylib	/tmp/skv15-p1/profiles-interactive/p1b/real_typed_track2__gsoc-2018.json.gz
p1b_real_typed_track2	gsoc-2018	18	0.09	3	3259	<serde_json::de::Deserializer<serde_json::read::SliceRead>>::end_map	/Users/mkbabb/.cargo/registry/src/index.crates.io-1949cf8c6b5b557f/serde_json-1.0.149/src/de.rs	1090	profile_direct	/tmp/skv15-p1/profiles-interactive/p1b/real_typed_track2__gsoc-2018.json.gz
p1b_real_typed_track2	gsoc-2018	19	0.06	2	3259	read			libsystem_kernel.dylib	/tmp/skv15-p1/profiles-interactive/p1b/real_typed_track2__gsoc-2018.json.gz
p1b_real_typed_track2	gsoc-2018	20	0.06	2	3259	0x3192c			libsystem_malloc.dylib	/tmp/skv15-p1/profiles-interactive/p1b/real_typed_track2__gsoc-2018.json.gz
p1b_real_typed_track2	instruments	1	30.49	798	2617	<serde_json::de::MapAccess<_> as serde_core::de::MapAccess>::next_key_seed::has_next_key::<serde_json::read::SliceRead>	/Users/mkbabb/.cargo/registry/src/index.crates.io-1949cf8c6b5b557f/serde_json-1.0.149/src/de.rs	1990	profile_direct	/tmp/skv15-p1/profiles-interactive/p1b/real_typed_track2__instruments.json.gz
p1b_real_typed_track2	instruments	2	17.39	455	2617	core::str::validations::run_utf8_validation	/rustc/02c7f9bec0fd583160f8bcccb830216023b07bee/library/core/src/str/validations.rs	133	profile_direct	/tmp/skv15-p1/profiles-interactive/p1b/real_typed_track2__instruments.json.gz
p1b_real_typed_track2	instruments	3	8.37	219	2617	<serde_json::read::SliceRead>::skip_to_escape	/Users/mkbabb/.cargo/registry/src/index.crates.io-1949cf8c6b5b557f/serde_json-1.0.149/src/read.rs	432	profile_direct	/tmp/skv15-p1/profiles-interactive/p1b/real_typed_track2__instruments.json.gz
p1b_real_typed_track2	instruments	4	6.57	172	2617	<serde_json::read::SliceRead as serde_json::read::Read>::parse_str	/Users/mkbabb/.cargo/registry/src/index.crates.io-1949cf8c6b5b557f/serde_json-1.0.149/src/read.rs	587	profile_direct	/tmp/skv15-p1/profiles-interactive/p1b/real_typed_track2__instruments.json.gz
p1b_real_typed_track2	instruments	5	6.46	169	2617	<serde_json::read::SliceRead as serde_json::read::Read>::next	/Users/mkbabb/.cargo/registry/src/index.crates.io-1949cf8c6b5b557f/serde_json-1.0.149/src/read.rs	548	profile_direct	/tmp/skv15-p1/profiles-interactive/p1b/real_typed_track2__instruments.json.gz
p1b_real_typed_track2	instruments	6	5.73	150	2617	<u32 as serde_core::de::Deserialize>::deserialize::<&mut serde_json::de::Deserializer<serde_json::read::SliceRead>>	/Users/mkbabb/.cargo/registry/src/index.crates.io-1949cf8c6b5b557f/serde_core-1.0.228/src/de/impls.rs	132	profile_direct	/tmp/skv15-p1/profiles-interactive/p1b/real_typed_track2__instruments.json.gz
p1b_real_typed_track2	instruments	7	4.43	116	2617	<&mut serde_json::de::Deserializer<serde_json::read::SliceRead> as serde_core::de::Deserializer>::deserialize_struct::<<bbnf_bench::real_typed_struct::Instrument as serde_core::de::Deserialize>::deserialize::__Visitor>	/Users/mkbabb/.cargo/registry/src/index.crates.io-1949cf8c6b5b557f/serde_json-1.0.149/src/de.rs	1836	profile_direct	/tmp/skv15-p1/profiles-interactive/p1b/real_typed_track2__instruments.json.gz
p1b_real_typed_track2	instruments	8	3.71	97	2617	<serde_json::de::SeqAccess<_> as serde_core::de::SeqAccess>::next_element_seed::has_next_element::<serde_json::read::SliceRead>	/Users/mkbabb/.cargo/registry/src/index.crates.io-1949cf8c6b5b557f/serde_json-1.0.149/src/de.rs	1937	profile_direct	/tmp/skv15-p1/profiles-interactive/p1b/real_typed_track2__instruments.json.gz
p1b_real_typed_track2	instruments	9	2.22	58	2617	<serde_json::de::SeqAccess<serde_json::read::SliceRead> as serde_core::de::SeqAccess>::next_element_seed::<core::marker::PhantomData<bbnf_bench::real_typed_struct::InstrumentSample>>	/Users/mkbabb/.cargo/registry/src/index.crates.io-1949cf8c6b5b557f/serde_json-1.0.149/src/de.rs	1964	profile_direct	/tmp/skv15-p1/profiles-interactive/p1b/real_typed_track2__instruments.json.gz
p1b_real_typed_track2	instruments	10	2.06	54	2617	<serde_json::read::SliceRead as serde_json::read::Read>::peek	/Users/mkbabb/.cargo/registry/src/index.crates.io-1949cf8c6b5b557f/serde_json-1.0.149/src/read.rs	562	profile_direct	/tmp/skv15-p1/profiles-interactive/p1b/real_typed_track2__instruments.json.gz
p1b_real_typed_track2	instruments	11	1.57	41	2617	<core::marker::PhantomData<core::option::Option<bbnf_bench::real_typed_struct::InstrumentEnvelope>> as serde_core::de::DeserializeSeed>::deserialize::<&mut serde_json::de::Deserializer<serde_json::read::SliceRead>>	/Users/mkbabb/.cargo/registry/src/index.crates.io-1949cf8c6b5b557f/serde_core-1.0.228/src/de/mod.rs	821	profile_direct	/tmp/skv15-p1/profiles-interactive/p1b/real_typed_track2__instruments.json.gz
p1b_real_typed_track2	instruments	12	1.57	41	2617	<alloc::vec::Vec<bbnf_bench::real_typed_struct::InstrumentPattern>>::push_mut	/Users/mkbabb/.rustup/toolchains/nightly-2026-04-11-aarch64-apple-darwin/lib/rustlib/src/rust/library/alloc/src/vec/mod.rs	1040	profile_direct	/tmp/skv15-p1/profiles-interactive/p1b/real_typed_track2__instruments.json.gz
p1b_real_typed_track2	instruments	13	1.30	34	2617	bbnf_bench::real_typed_struct::checksum_instrument	/Users/mkbabb/Programming/bbnf-lang-skv15-profile-279a60646/skinny/crates/bbnf-bench/src/real_typed_struct.rs	2189	profile_direct	/tmp/skv15-p1/profiles-interactive/p1b/real_typed_track2__instruments.json.gz
p1b_real_typed_track2	instruments	14	0.57	15	2617	_platform_memmove			libsystem_platform.dylib	/tmp/skv15-p1/profiles-interactive/p1b/real_typed_track2__instruments.json.gz
p1b_real_typed_track2	instruments	15	0.50	13	2617	mach_absolute_time			libsystem_kernel.dylib	/tmp/skv15-p1/profiles-interactive/p1b/real_typed_track2__instruments.json.gz
p1b_real_typed_track2	instruments	16	0.46	12	2617	<serde_json::de::Deserializer<serde_json::read::SliceRead>>::end_map	/Users/mkbabb/.cargo/registry/src/index.crates.io-1949cf8c6b5b557f/serde_json-1.0.149/src/de.rs	1090	profile_direct	/tmp/skv15-p1/profiles-interactive/p1b/real_typed_track2__instruments.json.gz
p1b_real_typed_track2	instruments	17	0.46	12	2617	<serde_json::de::Deserializer<serde_json::read::SliceRead>>::ignore_value	/Users/mkbabb/.cargo/registry/src/index.crates.io-1949cf8c6b5b557f/serde_json-1.0.149/src/de.rs	1102	profile_direct	/tmp/skv15-p1/profiles-interactive/p1b/real_typed_track2__instruments.json.gz
p1b_real_typed_track2	instruments	18	0.46	12	2617	0x2b06c			libsystem_malloc.dylib	/tmp/skv15-p1/profiles-interactive/p1b/real_typed_track2__instruments.json.gz
p1b_real_typed_track2	instruments	19	0.38	10	2617	<alloc::borrow::Cow<str> as serde_core::de::Deserialize>::deserialize::<&mut serde_json::de::Deserializer<serde_json::read::SliceRead>>	/Users/mkbabb/.cargo/registry/src/index.crates.io-1949cf8c6b5b557f/serde_core-1.0.228/src/de/impls.rs	1986	profile_direct	/tmp/skv15-p1/profiles-interactive/p1b/real_typed_track2__instruments.json.gz
p1b_real_typed_track2	instruments	20	0.38	10	2617	<core::marker::PhantomData<core::option::Option<alloc::borrow::Cow<str>>> as serde_core::de::DeserializeSeed>::deserialize::<&mut serde_json::de::Deserializer<serde_json::read::SliceRead>>	/Users/mkbabb/.cargo/registry/src/index.crates.io-1949cf8c6b5b557f/serde_core-1.0.228/src/de/mod.rs	821	profile_direct	/tmp/skv15-p1/profiles-interactive/p1b/real_typed_track2__instruments.json.gz
p1b_real_typed_track2	marine_ik	1	34.02	722	2122	<serde_json::de::Deserializer<serde_json::read::SliceRead>>::ignore_value	/Users/mkbabb/.cargo/registry/src/index.crates.io-1949cf8c6b5b557f/serde_json-1.0.149/src/read.rs		profile_direct	/tmp/skv15-p1/profiles-interactive/p1b/real_typed_track2__marine_ik.json.gz
p1b_real_typed_track2	marine_ik	2	14.61	310	2122	<serde_json::de::Deserializer<serde_json::read::SliceRead>>::ignore_integer	/Users/mkbabb/.cargo/registry/src/index.crates.io-1949cf8c6b5b557f/serde_json-1.0.149/src/de.rs	1217	profile_direct	/tmp/skv15-p1/profiles-interactive/p1b/real_typed_track2__marine_ik.json.gz
p1b_real_typed_track2	marine_ik	3	12.44	264	2122	<serde_json::read::SliceRead as serde_json::read::Read>::next	/Users/mkbabb/.cargo/registry/src/index.crates.io-1949cf8c6b5b557f/serde_json-1.0.149/src/read.rs	548	profile_direct	/tmp/skv15-p1/profiles-interactive/p1b/real_typed_track2__marine_ik.json.gz
p1b_real_typed_track2	marine_ik	4	10.23	217	2122	<serde_json::de::SeqAccess<_> as serde_core::de::SeqAccess>::next_element_seed::has_next_element::<serde_json::read::SliceRead>	/Users/mkbabb/.cargo/registry/src/index.crates.io-1949cf8c6b5b557f/serde_json-1.0.149/src/de.rs	1937	profile_direct	/tmp/skv15-p1/profiles-interactive/p1b/real_typed_track2__marine_ik.json.gz
p1b_real_typed_track2	marine_ik	5	9.47	201	2122	<serde_json::read::SliceRead as serde_json::read::Read>::discard	/Users/mkbabb/.cargo/registry/src/index.crates.io-1949cf8c6b5b557f/serde_json-1.0.149/src/read.rs	570	profile_direct	/tmp/skv15-p1/profiles-interactive/p1b/real_typed_track2__marine_ik.json.gz
p1b_real_typed_track2	marine_ik	6	6.69	142	2122	<u64>::wrapping_add	/Users/mkbabb/.rustup/toolchains/nightly-2026-04-11-aarch64-apple-darwin/lib/rustlib/src/rust/library/core/src/num/uint_macros.rs	2511	profile_direct	/tmp/skv15-p1/profiles-interactive/p1b/real_typed_track2__marine_ik.json.gz
p1b_real_typed_track2	marine_ik	7	3.44	73	2122	<serde_json::de::SeqAccess<serde_json::read::SliceRead> as serde_core::de::SeqAccess>::next_element_seed::<core::marker::PhantomData<f64>>	/Users/mkbabb/.cargo/registry/src/index.crates.io-1949cf8c6b5b557f/serde_json-1.0.149/src/de.rs	1964	profile_direct	/tmp/skv15-p1/profiles-interactive/p1b/real_typed_track2__marine_ik.json.gz
p1b_real_typed_track2	marine_ik	8	2.64	56	2122	<u32 as serde_core::de::Deserialize>::deserialize::<&mut serde_json::de::Deserializer<serde_json::read::SliceRead>>	/Users/mkbabb/.cargo/registry/src/index.crates.io-1949cf8c6b5b557f/serde_core-1.0.228/src/de/impls.rs	132	profile_direct	/tmp/skv15-p1/profiles-interactive/p1b/real_typed_track2__marine_ik.json.gz
p1b_real_typed_track2	marine_ik	9	2.07	44	2122	<serde_json::read::SliceRead>::skip_to_escape	/Users/mkbabb/.cargo/registry/src/index.crates.io-1949cf8c6b5b557f/serde_json-1.0.149/src/read.rs	432	profile_direct	/tmp/skv15-p1/profiles-interactive/p1b/real_typed_track2__marine_ik.json.gz
p1b_real_typed_track2	marine_ik	10	1.41	30	2122	<serde_json::de::Deserializer<serde_json::read::SliceRead>>::f64_from_parts	/Users/mkbabb/.cargo/registry/src/index.crates.io-1949cf8c6b5b557f/serde_json-1.0.149/src/de.rs	645	profile_direct	/tmp/skv15-p1/profiles-interactive/p1b/real_typed_track2__marine_ik.json.gz
p1b_real_typed_track2	marine_ik	11	1.32	28	2122	<serde_json::de::SeqAccess<serde_json::read::SliceRead> as serde_core::de::SeqAccess>::next_element_seed::<core::marker::PhantomData<u32>>	/Users/mkbabb/.cargo/registry/src/index.crates.io-1949cf8c6b5b557f/serde_json-1.0.149/src/de.rs	1964	profile_direct	/tmp/skv15-p1/profiles-interactive/p1b/real_typed_track2__marine_ik.json.gz
p1b_real_typed_track2	marine_ik	12	1.23	26	2122	<serde_json::read::SliceRead as serde_json::read::Read>::ignore_str	/Users/mkbabb/.cargo/registry/src/index.crates.io-1949cf8c6b5b557f/serde_json-1.0.149/src/read.rs	598	profile_direct	/tmp/skv15-p1/profiles-interactive/p1b/real_typed_track2__marine_ik.json.gz
p1b_real_typed_track2	marine_ik	13	0.24	5	2122	_platform_memmove			libsystem_platform.dylib	/tmp/skv15-p1/profiles-interactive/p1b/real_typed_track2__marine_ik.json.gz
p1b_real_typed_track2	marine_ik	14	0.05	1	2122	read			libsystem_kernel.dylib	/tmp/skv15-p1/profiles-interactive/p1b/real_typed_track2__marine_ik.json.gz
p1b_real_typed_track2	marine_ik	15	0.05	1	2122	close			libsystem_kernel.dylib	/tmp/skv15-p1/profiles-interactive/p1b/real_typed_track2__marine_ik.json.gz
p1b_real_typed_track2	marine_ik	16	0.05	1	2122	0x12da8			libsystem_malloc.dylib	/tmp/skv15-p1/profiles-interactive/p1b/real_typed_track2__marine_ik.json.gz
p1b_real_typed_track2	marine_ik	17	0.05	1	2122	mach_absolute_time			libsystem_kernel.dylib	/tmp/skv15-p1/profiles-interactive/p1b/real_typed_track2__marine_ik.json.gz
p1b_real_typed_track2	mesh	1	28.18	793	2814	<serde_json::de::Deserializer<serde_json::read::SliceRead>>::parse_decimal	/Users/mkbabb/.cargo/registry/src/index.crates.io-1949cf8c6b5b557f/serde_json-1.0.149/src/de.rs	530	profile_direct	/tmp/skv15-p1/profiles-interactive/p1b/real_typed_track2__mesh.json.gz
p1b_real_typed_track2	mesh	2	17.84	502	2814	<serde_json::de::SeqAccess<_> as serde_core::de::SeqAccess>::next_element_seed::has_next_element::<serde_json::read::SliceRead>	/Users/mkbabb/.cargo/registry/src/index.crates.io-1949cf8c6b5b557f/serde_json-1.0.149/src/de.rs	1937	profile_direct	/tmp/skv15-p1/profiles-interactive/p1b/real_typed_track2__mesh.json.gz
p1b_real_typed_track2	mesh	3	14.96	421	2814	<serde_json::read::SliceRead as serde_json::read::Read>::next	/Users/mkbabb/.cargo/registry/src/index.crates.io-1949cf8c6b5b557f/serde_json-1.0.149/src/read.rs	548	profile_direct	/tmp/skv15-p1/profiles-interactive/p1b/real_typed_track2__mesh.json.gz
p1b_real_typed_track2	mesh	4	11.80	332	2814	bbnf_bench::real_typed_struct::fold_f64_slice	/Users/mkbabb/Programming/bbnf-lang-skv15-profile-279a60646/skinny/crates/bbnf-bench/src/real_typed_struct.rs	2403	profile_direct	/tmp/skv15-p1/profiles-interactive/p1b/real_typed_track2__mesh.json.gz
p1b_real_typed_track2	mesh	5	7.25	204	2814	<alloc::vec::Vec<f64> as serde_core::de::Deserialize>::deserialize::<&mut serde_json::de::Deserializer<serde_json::read::SliceRead>>	/Users/mkbabb/.cargo/registry/src/index.crates.io-1949cf8c6b5b557f/serde_core-1.0.228/src/de/impls.rs	1139	profile_direct	/tmp/skv15-p1/profiles-interactive/p1b/real_typed_track2__mesh.json.gz
p1b_real_typed_track2	mesh	6	5.33	150	2814	<u32 as serde_core::de::Deserialize>::deserialize::<&mut serde_json::de::Deserializer<serde_json::read::SliceRead>>	/Users/mkbabb/.cargo/registry/src/index.crates.io-1949cf8c6b5b557f/serde_core-1.0.228/src/de/impls.rs	132	profile_direct	/tmp/skv15-p1/profiles-interactive/p1b/real_typed_track2__mesh.json.gz
p1b_real_typed_track2	mesh	7	2.67	75	2814	<serde_json::de::Deserializer<serde_json::read::SliceRead>>::f64_from_parts	/Users/mkbabb/.cargo/registry/src/index.crates.io-1949cf8c6b5b557f/serde_json-1.0.149/src/de.rs	645	profile_direct	/tmp/skv15-p1/profiles-interactive/p1b/real_typed_track2__mesh.json.gz
p1b_real_typed_track2	mesh	8	1.63	46	2814	<serde_json::de::SeqAccess<serde_json::read::SliceRead> as serde_core::de::SeqAccess>::next_element_seed::<core::marker::PhantomData<u32>>	/Users/mkbabb/.cargo/registry/src/index.crates.io-1949cf8c6b5b557f/serde_json-1.0.149/src/de.rs	1964	profile_direct	/tmp/skv15-p1/profiles-interactive/p1b/real_typed_track2__mesh.json.gz
p1b_real_typed_track2	mesh	9	0.78	22	2814	__bzero			libsystem_platform.dylib	/tmp/skv15-p1/profiles-interactive/p1b/real_typed_track2__mesh.json.gz
p1b_real_typed_track2	mesh	10	0.68	19	2814	<alloc::raw_vec::RawVecInner>::finish_grow	/Users/mkbabb/.rustup/toolchains/nightly-2026-04-11-aarch64-apple-darwin/lib/rustlib/src/rust/library/alloc/src/raw_vec/mod.rs	543	profile_direct	/tmp/skv15-p1/profiles-interactive/p1b/real_typed_track2__mesh.json.gz
p1b_real_typed_track2	mesh	11	0.53	15	2814	_platform_memmove			libsystem_platform.dylib	/tmp/skv15-p1/profiles-interactive/p1b/real_typed_track2__mesh.json.gz
p1b_real_typed_track2	mesh	12	0.46	13	2814	_platform_memset			libsystem_platform.dylib	/tmp/skv15-p1/profiles-interactive/p1b/real_typed_track2__mesh.json.gz
p1b_real_typed_track2	mesh	13	0.46	13	2814	<serde_json::de::Deserializer<serde_json::read::SliceRead>>::end_seq	/Users/mkbabb/.cargo/registry/src/index.crates.io-1949cf8c6b5b557f/serde_json-1.0.149/src/de.rs	1072	profile_direct	/tmp/skv15-p1/profiles-interactive/p1b/real_typed_track2__mesh.json.gz
p1b_real_typed_track2	mesh	14	0.39	11	2814	0x2a144			libsystem_malloc.dylib	/tmp/skv15-p1/profiles-interactive/p1b/real_typed_track2__mesh.json.gz
p1b_real_typed_track2	mesh	15	0.36	10	2814	0x2b06c			libsystem_malloc.dylib	/tmp/skv15-p1/profiles-interactive/p1b/real_typed_track2__mesh.json.gz
p1b_real_typed_track2	mesh	16	0.36	10	2814	0x2ffd4			libsystem_malloc.dylib	/tmp/skv15-p1/profiles-interactive/p1b/real_typed_track2__mesh.json.gz
p1b_real_typed_track2	mesh	17	0.32	9	2814	mach_absolute_time			libsystem_kernel.dylib	/tmp/skv15-p1/profiles-interactive/p1b/real_typed_track2__mesh.json.gz
p1b_real_typed_track2	mesh	18	0.28	8	2814	0x2b68c			libsystem_malloc.dylib	/tmp/skv15-p1/profiles-interactive/p1b/real_typed_track2__mesh.json.gz
p1b_real_typed_track2	mesh	19	0.21	6	2814	0x2a0d4			libsystem_malloc.dylib	/tmp/skv15-p1/profiles-interactive/p1b/real_typed_track2__mesh.json.gz
p1b_real_typed_track2	mesh	20	0.21	6	2814	0x3ac4c			libsystem_malloc.dylib	/tmp/skv15-p1/profiles-interactive/p1b/real_typed_track2__mesh.json.gz
p1b_real_typed_track2	numbers	1	55.61	1788	3215	<serde_json::read::SliceRead as serde_json::read::Read>::discard	/Users/mkbabb/.cargo/registry/src/index.crates.io-1949cf8c6b5b557f/serde_json-1.0.149/src/read.rs	570	profile_direct	/tmp/skv15-p1/profiles-interactive/p1b/real_typed_track2__numbers.json.gz
p1b_real_typed_track2	numbers	2	13.13	422	3215	<serde_json::de::SeqAccess<_> as serde_core::de::SeqAccess>::next_element_seed::has_next_element::<serde_json::read::SliceRead>	/Users/mkbabb/.cargo/registry/src/index.crates.io-1949cf8c6b5b557f/serde_json-1.0.149/src/de.rs	1940	profile_direct	/tmp/skv15-p1/profiles-interactive/p1b/real_typed_track2__numbers.json.gz
p1b_real_typed_track2	numbers	3	9.33	300	3215	bbnf_bench::real_typed_struct::typed_checksum	/Users/mkbabb/Programming/bbnf-lang-skv15-profile-279a60646/skinny/crates/bbnf-bench/src/real_typed_struct.rs	1748	profile_direct	/tmp/skv15-p1/profiles-interactive/p1b/real_typed_track2__numbers.json.gz
p1b_real_typed_track2	numbers	4	8.09	260	3215	<serde_json::read::SliceRead as serde_json::read::Read>::next	/Users/mkbabb/.cargo/registry/src/index.crates.io-1949cf8c6b5b557f/serde_json-1.0.149/src/read.rs	548	profile_direct	/tmp/skv15-p1/profiles-interactive/p1b/real_typed_track2__numbers.json.gz
p1b_real_typed_track2	numbers	5	6.47	208	3215	<serde_json::de::SeqAccess<serde_json::read::SliceRead> as serde_core::de::SeqAccess>::next_element_seed::<core::marker::PhantomData<f64>>	/Users/mkbabb/.cargo/registry/src/index.crates.io-1949cf8c6b5b557f/serde_json-1.0.149/src/de.rs	1964	profile_direct	/tmp/skv15-p1/profiles-interactive/p1b/real_typed_track2__numbers.json.gz
p1b_real_typed_track2	numbers	6	5.16	166	3215	<serde_json::de::Deserializer<serde_json::read::SliceRead>>::f64_from_parts	/Users/mkbabb/.cargo/registry/src/index.crates.io-1949cf8c6b5b557f/serde_json-1.0.149/src/de.rs	645	profile_direct	/tmp/skv15-p1/profiles-interactive/p1b/real_typed_track2__numbers.json.gz
p1b_real_typed_track2	numbers	7	1.03	33	3215	_platform_memmove			libsystem_platform.dylib	/tmp/skv15-p1/profiles-interactive/p1b/real_typed_track2__numbers.json.gz
p1b_real_typed_track2	numbers	8	0.50	16	3215	mach_absolute_time			libsystem_kernel.dylib	/tmp/skv15-p1/profiles-interactive/p1b/real_typed_track2__numbers.json.gz
p1b_real_typed_track2	numbers	9	0.06	2	3215	0x2af68			libsystem_malloc.dylib	/tmp/skv15-p1/profiles-interactive/p1b/real_typed_track2__numbers.json.gz
p1b_real_typed_track2	numbers	10	0.03	1	3215	profile_direct::run_once	/Users/mkbabb/.rustup/toolchains/nightly-2026-04-11-aarch64-apple-darwin/lib/rustlib/src/rust/library/core/src/result.rs		profile_direct	/tmp/skv15-p1/profiles-interactive/p1b/real_typed_track2__numbers.json.gz
p1b_real_typed_track2	numbers	11	0.03	1	3215	0x3a628			libsystem_malloc.dylib	/tmp/skv15-p1/profiles-interactive/p1b/real_typed_track2__numbers.json.gz
p1b_real_typed_track2	numbers	12	0.03	1	3215	0x2b320			libsystem_malloc.dylib	/tmp/skv15-p1/profiles-interactive/p1b/real_typed_track2__numbers.json.gz
p1b_real_typed_track2	numbers	13	0.03	1	3215	0x2abfc			libsystem_malloc.dylib	/tmp/skv15-p1/profiles-interactive/p1b/real_typed_track2__numbers.json.gz
p1b_real_typed_track2	numbers	14	0.03	1	3215	0x271010			profile_direct	/tmp/skv15-p1/profiles-interactive/p1b/real_typed_track2__numbers.json.gz
p1b_real_typed_track2	numbers	15	0.03	1	3215	0x35780			libsystem_malloc.dylib	/tmp/skv15-p1/profiles-interactive/p1b/real_typed_track2__numbers.json.gz
p1b_real_typed_track2	numbers	16	0.03	1	3215	0x2a144			libsystem_malloc.dylib	/tmp/skv15-p1/profiles-interactive/p1b/real_typed_track2__numbers.json.gz
p1b_real_typed_track2	numbers	17	0.03	1	3215	0x2b698			libsystem_malloc.dylib	/tmp/skv15-p1/profiles-interactive/p1b/real_typed_track2__numbers.json.gz
p1b_real_typed_track2	numbers	18	0.03	1	3215	0x3552c			libsystem_malloc.dylib	/tmp/skv15-p1/profiles-interactive/p1b/real_typed_track2__numbers.json.gz
p1b_real_typed_track2	numbers	19	0.03	1	3215	0x3ad9c			libsystem_malloc.dylib	/tmp/skv15-p1/profiles-interactive/p1b/real_typed_track2__numbers.json.gz
p1b_real_typed_track2	numbers	20	0.03	1	3215	0x30378			libsystem_malloc.dylib	/tmp/skv15-p1/profiles-interactive/p1b/real_typed_track2__numbers.json.gz
p1b_real_typed_track2	random	1	21.85	1564	7158	core::str::validations::run_utf8_validation	/rustc/02c7f9bec0fd583160f8bcccb830216023b07bee/library/core/src/str/validations.rs	133	profile_direct	/tmp/skv15-p1/profiles-interactive/p1b/real_typed_track2__random.json.gz
p1b_real_typed_track2	random	2	15.73	1126	7158	bbnf_bench::real_typed_struct::typed_checksum	/Users/mkbabb/.rustup/toolchains/nightly-2026-04-11-aarch64-apple-darwin/lib/rustlib/src/rust/library/core/src/num/uint_macros.rs		profile_direct	/tmp/skv15-p1/profiles-interactive/p1b/real_typed_track2__random.json.gz
p1b_real_typed_track2	random	3	8.87	635	7158	<serde_json::read::SliceRead>::skip_to_escape	/Users/mkbabb/.cargo/registry/src/index.crates.io-1949cf8c6b5b557f/serde_json-1.0.149/src/read.rs	434	profile_direct	/tmp/skv15-p1/profiles-interactive/p1b/real_typed_track2__random.json.gz
p1b_real_typed_track2	random	4	5.57	399	7158	<serde_json::de::MapAccess<_> as serde_core::de::MapAccess>::next_key_seed::has_next_key::<serde_json::read::SliceRead>	/Users/mkbabb/.cargo/registry/src/index.crates.io-1949cf8c6b5b557f/serde_json-1.0.149/src/de.rs	1990	profile_direct	/tmp/skv15-p1/profiles-interactive/p1b/real_typed_track2__random.json.gz
p1b_real_typed_track2	random	5	4.75	340	7158	_platform_memmove			libsystem_platform.dylib	/tmp/skv15-p1/profiles-interactive/p1b/real_typed_track2__random.json.gz
p1b_real_typed_track2	random	6	3.97	284	7158	<serde_json::read::SliceRead as serde_json::read::Read>::parse_str	/Users/mkbabb/.cargo/registry/src/index.crates.io-1949cf8c6b5b557f/serde_json-1.0.149/src/read.rs	587	profile_direct	/tmp/skv15-p1/profiles-interactive/p1b/real_typed_track2__random.json.gz
p1b_real_typed_track2	random	7	3.63	260	7158	<serde_json::de::SeqAccess<serde_json::read::SliceRead> as serde_core::de::SeqAccess>::next_element_seed::<core::marker::PhantomData<bbnf_bench::real_typed_struct::RandomUser>>	/Users/mkbabb/.cargo/registry/src/index.crates.io-1949cf8c6b5b557f/serde_json-1.0.149/src/lib.rs	413	profile_direct	/tmp/skv15-p1/profiles-interactive/p1b/real_typed_track2__random.json.gz
p1b_real_typed_track2	random	8	2.64	189	7158	<alloc::borrow::Cow<str> as serde_core::de::Deserialize>::deserialize::<&mut serde_json::de::Deserializer<serde_json::read::SliceRead>>	/Users/mkbabb/.cargo/registry/src/index.crates.io-1949cf8c6b5b557f/serde_core-1.0.228/src/de/impls.rs	1986	profile_direct	/tmp/skv15-p1/profiles-interactive/p1b/real_typed_track2__random.json.gz
p1b_real_typed_track2	random	9	2.24	160	7158	<core::marker::PhantomData<alloc::vec::Vec<bbnf_bench::real_typed_struct::RandomFriend>> as serde_core::de::DeserializeSeed>::deserialize::<&mut serde_json::de::Deserializer<serde_json::read::SliceRead>>	/Users/mkbabb/.cargo/registry/src/index.crates.io-1949cf8c6b5b557f/serde_core-1.0.228/src/de/mod.rs	821	profile_direct	/tmp/skv15-p1/profiles-interactive/p1b/real_typed_track2__random.json.gz
p1b_real_typed_track2	random	10	1.83	131	7158	<serde_json::de::SeqAccess<_> as serde_core::de::SeqAccess>::next_element_seed::has_next_element::<serde_json::read::SliceRead>	/Users/mkbabb/.cargo/registry/src/index.crates.io-1949cf8c6b5b557f/serde_json-1.0.149/src/de.rs	1937	profile_direct	/tmp/skv15-p1/profiles-interactive/p1b/real_typed_track2__random.json.gz
p1b_real_typed_track2	random	11	1.52	109	7158	<core::marker::PhantomData<core::option::Option<alloc::borrow::Cow<str>>> as serde_core::de::DeserializeSeed>::deserialize::<&mut serde_json::de::Deserializer<serde_json::read::SliceRead>>	/Users/mkbabb/.cargo/registry/src/index.crates.io-1949cf8c6b5b557f/serde_core-1.0.228/src/de/mod.rs	821	profile_direct	/tmp/skv15-p1/profiles-interactive/p1b/real_typed_track2__random.json.gz
p1b_real_typed_track2	random	12	1.47	105	7158	0x2a0d4			libsystem_malloc.dylib	/tmp/skv15-p1/profiles-interactive/p1b/real_typed_track2__random.json.gz
p1b_real_typed_track2	random	13	1.15	82	7158	0x2b450			libsystem_malloc.dylib	/tmp/skv15-p1/profiles-interactive/p1b/real_typed_track2__random.json.gz
p1b_real_typed_track2	random	14	1.12	80	7158	_platform_memset			libsystem_platform.dylib	/tmp/skv15-p1/profiles-interactive/p1b/real_typed_track2__random.json.gz
p1b_real_typed_track2	random	15	1.05	75	7158	__bzero			libsystem_platform.dylib	/tmp/skv15-p1/profiles-interactive/p1b/real_typed_track2__random.json.gz
p1b_real_typed_track2	random	16	1.05	75	7158	0x2b06c			libsystem_malloc.dylib	/tmp/skv15-p1/profiles-interactive/p1b/real_typed_track2__random.json.gz
p1b_real_typed_track2	random	17	0.94	67	7158	<serde_json::read::SliceRead as serde_json::read::Read>::next	/Users/mkbabb/.cargo/registry/src/index.crates.io-1949cf8c6b5b557f/serde_json-1.0.149/src/read.rs	548	profile_direct	/tmp/skv15-p1/profiles-interactive/p1b/real_typed_track2__random.json.gz
p1b_real_typed_track2	random	18	0.81	58	7158	<bool as serde_core::de::Deserialize>::deserialize::<&mut serde_json::de::Deserializer<serde_json::read::SliceRead>>	/Users/mkbabb/.cargo/registry/src/index.crates.io-1949cf8c6b5b557f/serde_core-1.0.228/src/de/impls.rs	71	profile_direct	/tmp/skv15-p1/profiles-interactive/p1b/real_typed_track2__random.json.gz
p1b_real_typed_track2	random	19	0.73	52	7158	0x2a144			libsystem_malloc.dylib	/tmp/skv15-p1/profiles-interactive/p1b/real_typed_track2__random.json.gz
p1b_real_typed_track2	random	20	0.71	51	7158	0x30078			libsystem_malloc.dylib	/tmp/skv15-p1/profiles-interactive/p1b/real_typed_track2__random.json.gz
p1b_real_typed_track2	twitter	1	39.09	505	1292	<serde_json::de::Deserializer<serde_json::read::SliceRead>>::ignore_value	/Users/mkbabb/.cargo/registry/src/index.crates.io-1949cf8c6b5b557f/serde_json-1.0.149/src/de.rs	1102	profile_direct	/tmp/skv15-p1/profiles-interactive/p1b/real_typed_track2__twitter.json.gz
p1b_real_typed_track2	twitter	2	22.99	297	1292	<serde_json::read::SliceRead>::skip_to_escape	/Users/mkbabb/.cargo/registry/src/index.crates.io-1949cf8c6b5b557f/serde_json-1.0.149/src/read.rs	432	profile_direct	/tmp/skv15-p1/profiles-interactive/p1b/real_typed_track2__twitter.json.gz
p1b_real_typed_track2	twitter	3	9.83	127	1292	core::str::validations::run_utf8_validation	/rustc/02c7f9bec0fd583160f8bcccb830216023b07bee/library/core/src/str/validations.rs	133	profile_direct	/tmp/skv15-p1/profiles-interactive/p1b/real_typed_track2__twitter.json.gz
p1b_real_typed_track2	twitter	4	9.75	126	1292	<core::slice::iter::Iter<bbnf_bench::real_typed_struct::Tweet> as core::iter::traits::iterator::Iterator>::next	/Users/mkbabb/.rustup/toolchains/nightly-2026-04-11-aarch64-apple-darwin/lib/rustlib/src/rust/library/core/src/slice/iter/macros.rs	180	profile_direct	/tmp/skv15-p1/profiles-interactive/p1b/real_typed_track2__twitter.json.gz
p1b_real_typed_track2	twitter	5	7.28	94	1292	<serde_json::read::SliceRead as serde_json::read::Read>::ignore_str	/Users/mkbabb/.cargo/registry/src/index.crates.io-1949cf8c6b5b557f/serde_json-1.0.149/src/read.rs	598	profile_direct	/tmp/skv15-p1/profiles-interactive/p1b/real_typed_track2__twitter.json.gz
p1b_real_typed_track2	twitter	6	3.87	50	1292	<serde_json::read::SliceRead as serde_json::read::Read>::next	/Users/mkbabb/.cargo/registry/src/index.crates.io-1949cf8c6b5b557f/serde_json-1.0.149/src/read.rs	550	profile_direct	/tmp/skv15-p1/profiles-interactive/p1b/real_typed_track2__twitter.json.gz
p1b_real_typed_track2	twitter	7	3.17	41	1292	<serde_json::de::MapAccess<_> as serde_core::de::MapAccess>::next_key_seed::has_next_key::<serde_json::read::SliceRead>	/Users/mkbabb/.cargo/registry/src/index.crates.io-1949cf8c6b5b557f/serde_json-1.0.149/src/de.rs	1991	profile_direct	/tmp/skv15-p1/profiles-interactive/p1b/real_typed_track2__twitter.json.gz
p1b_real_typed_track2	twitter	8	1.16	15	1292	<alloc::raw_vec::RawVecInner>::reserve	/Users/mkbabb/.rustup/toolchains/nightly-2026-04-11-aarch64-apple-darwin/lib/rustlib/src/rust/library/alloc/src/raw_vec/mod.rs	675	profile_direct	/tmp/skv15-p1/profiles-interactive/p1b/real_typed_track2__twitter.json.gz
p1b_real_typed_track2	twitter	9	0.70	9	1292	<serde_json::read::SliceRead as serde_json::read::Read>::discard	/Users/mkbabb/.cargo/registry/src/index.crates.io-1949cf8c6b5b557f/serde_json-1.0.149/src/read.rs	570	profile_direct	/tmp/skv15-p1/profiles-interactive/p1b/real_typed_track2__twitter.json.gz
p1b_real_typed_track2	twitter	10	0.46	6	1292	<serde_json::de::SeqAccess<serde_json::read::SliceRead> as serde_core::de::SeqAccess>::next_element_seed::<core::marker::PhantomData<bbnf_bench::real_typed_struct::Tweet>>	/Users/mkbabb/.cargo/registry/src/index.crates.io-1949cf8c6b5b557f/serde_json-1.0.149/src/de.rs	1964	profile_direct	/tmp/skv15-p1/profiles-interactive/p1b/real_typed_track2__twitter.json.gz
p1b_real_typed_track2	twitter	11	0.23	3	1292	_platform_memmove			libsystem_platform.dylib	/tmp/skv15-p1/profiles-interactive/p1b/real_typed_track2__twitter.json.gz
p1b_real_typed_track2	twitter	12	0.15	2	1292	0x2b68c			libsystem_malloc.dylib	/tmp/skv15-p1/profiles-interactive/p1b/real_typed_track2__twitter.json.gz
p1b_real_typed_track2	twitter	13	0.15	2	1292	_platform_memset			libsystem_platform.dylib	/tmp/skv15-p1/profiles-interactive/p1b/real_typed_track2__twitter.json.gz
p1b_real_typed_track2	twitter	14	0.15	2	1292	mach_absolute_time			libsystem_kernel.dylib	/tmp/skv15-p1/profiles-interactive/p1b/real_typed_track2__twitter.json.gz
p1b_real_typed_track2	twitter	15	0.15	2	1292	0x2b088			libsystem_malloc.dylib	/tmp/skv15-p1/profiles-interactive/p1b/real_typed_track2__twitter.json.gz
p1b_real_typed_track2	twitter	16	0.08	1	1292	0x3192c			libsystem_malloc.dylib	/tmp/skv15-p1/profiles-interactive/p1b/real_typed_track2__twitter.json.gz
p1b_real_typed_track2	twitter	17	0.08	1	1292	<serde_core::de::impls::OptionVisitor<alloc::borrow::Cow<str>> as serde_core::de::Visitor>::visit_some::<&mut serde_json::de::Deserializer<serde_json::read::SliceRead>>	/Users/mkbabb/.cargo/registry/src/index.crates.io-1949cf8c6b5b557f/serde_core-1.0.228/src/de/impls.rs	905	profile_direct	/tmp/skv15-p1/profiles-interactive/p1b/real_typed_track2__twitter.json.gz
p1b_real_typed_track2	twitter	18	0.08	1	1292	<serde_json::de::SeqAccess<_> as serde_core::de::SeqAccess>::next_element_seed::has_next_element::<serde_json::read::SliceRead>	/Users/mkbabb/.cargo/registry/src/index.crates.io-1949cf8c6b5b557f/serde_json-1.0.149/src/de.rs	1962	profile_direct	/tmp/skv15-p1/profiles-interactive/p1b/real_typed_track2__twitter.json.gz
p1b_real_typed_track2	twitter	19	0.08	1	1292	0x2b06c			libsystem_malloc.dylib	/tmp/skv15-p1/profiles-interactive/p1b/real_typed_track2__twitter.json.gz
p1b_real_typed_track2	twitter	20	0.08	1	1292	<serde_core::de::impls::OptionVisitor<u64> as serde_core::de::Visitor>::visit_some::<&mut serde_json::de::Deserializer<serde_json::read::SliceRead>>	/Users/mkbabb/.cargo/registry/src/index.crates.io-1949cf8c6b5b557f/serde_core-1.0.228/src/de/impls.rs	905	profile_direct	/tmp/skv15-p1/profiles-interactive/p1b/real_typed_track2__twitter.json.gz
p1b_real_typed_track2	unicode_basic	1	26.19	2462	9401	core::str::validations::run_utf8_validation	/rustc/02c7f9bec0fd583160f8bcccb830216023b07bee/library/core/src/str/validations.rs	133	profile_direct	/tmp/skv15-p1/profiles-interactive/p1b/real_typed_track2__unicode_basic.json.gz
p1b_real_typed_track2	unicode_basic	2	23.19	2180	9401	bbnf_bench::real_typed_struct::checksum_unicode_basic	/Users/mkbabb/Programming/bbnf-lang-skv15-profile-279a60646/skinny/crates/bbnf-bench/src/real_typed_struct.rs		profile_direct	/tmp/skv15-p1/profiles-interactive/p1b/real_typed_track2__unicode_basic.json.gz
p1b_real_typed_track2	unicode_basic	3	7.77	730	9401	<serde_json::read::SliceRead>::skip_to_escape	/Users/mkbabb/.cargo/registry/src/index.crates.io-1949cf8c6b5b557f/serde_json-1.0.149/src/read.rs	434	profile_direct	/tmp/skv15-p1/profiles-interactive/p1b/real_typed_track2__unicode_basic.json.gz
p1b_real_typed_track2	unicode_basic	4	3.37	317	9401	_platform_memmove			libsystem_platform.dylib	/tmp/skv15-p1/profiles-interactive/p1b/real_typed_track2__unicode_basic.json.gz
p1b_real_typed_track2	unicode_basic	5	3.27	307	9401	<serde_json::read::SliceRead as serde_json::read::Read>::parse_str	/Users/mkbabb/.cargo/registry/src/index.crates.io-1949cf8c6b5b557f/serde_json-1.0.149/src/read.rs	587	profile_direct	/tmp/skv15-p1/profiles-interactive/p1b/real_typed_track2__unicode_basic.json.gz
p1b_real_typed_track2	unicode_basic	6	2.64	248	9401	<serde_json::de::MapAccess<_> as serde_core::de::MapAccess>::next_key_seed::has_next_key::<serde_json::read::SliceRead>	/Users/mkbabb/.cargo/registry/src/index.crates.io-1949cf8c6b5b557f/serde_json-1.0.149/src/de.rs	1990	profile_direct	/tmp/skv15-p1/profiles-interactive/p1b/real_typed_track2__unicode_basic.json.gz
p1b_real_typed_track2	unicode_basic	7	2.14	201	9401	<alloc::borrow::Cow<str> as serde_core::de::Deserialize>::deserialize::<&mut serde_json::de::Deserializer<serde_json::read::SliceRead>>	/Users/mkbabb/.cargo/registry/src/index.crates.io-1949cf8c6b5b557f/serde_core-1.0.228/src/de/impls.rs	1986	profile_direct	/tmp/skv15-p1/profiles-interactive/p1b/real_typed_track2__unicode_basic.json.gz
p1b_real_typed_track2	unicode_basic	8	2.07	195	9401	<alloc::vec::Vec<bbnf_bench::real_typed_struct::UnicodeBasicRecord>>::push_mut	/Users/mkbabb/.rustup/toolchains/nightly-2026-04-11-aarch64-apple-darwin/lib/rustlib/src/rust/library/alloc/src/vec/mod.rs	1040	profile_direct	/tmp/skv15-p1/profiles-interactive/p1b/real_typed_track2__unicode_basic.json.gz
p1b_real_typed_track2	unicode_basic	9	2.06	194	9401	<serde_json::de::SeqAccess<_> as serde_core::de::SeqAccess>::next_element_seed::has_next_element::<serde_json::read::SliceRead>	/Users/mkbabb/.cargo/registry/src/index.crates.io-1949cf8c6b5b557f/serde_json-1.0.149/src/de.rs	1937	profile_direct	/tmp/skv15-p1/profiles-interactive/p1b/real_typed_track2__unicode_basic.json.gz
p1b_real_typed_track2	unicode_basic	10	1.31	123	9401	0x2b06c			libsystem_malloc.dylib	/tmp/skv15-p1/profiles-interactive/p1b/real_typed_track2__unicode_basic.json.gz
p1b_real_typed_track2	unicode_basic	11	1.21	114	9401	0x2b450			libsystem_malloc.dylib	/tmp/skv15-p1/profiles-interactive/p1b/real_typed_track2__unicode_basic.json.gz
p1b_real_typed_track2	unicode_basic	12	0.94	88	9401	<serde_json::read::SliceRead as serde_json::read::Read>::next	/Users/mkbabb/.cargo/registry/src/index.crates.io-1949cf8c6b5b557f/serde_json-1.0.149/src/read.rs	548	profile_direct	/tmp/skv15-p1/profiles-interactive/p1b/real_typed_track2__unicode_basic.json.gz
p1b_real_typed_track2	unicode_basic	13	0.89	84	9401	<core::marker::PhantomData<alloc::vec::Vec<alloc::borrow::Cow<str>>> as serde_core::de::DeserializeSeed>::deserialize::<&mut serde_json::de::Deserializer<serde_json::read::SliceRead>>	/Users/mkbabb/.cargo/registry/src/index.crates.io-1949cf8c6b5b557f/serde_core-1.0.228/src/de/mod.rs	821	profile_direct	/tmp/skv15-p1/profiles-interactive/p1b/real_typed_track2__unicode_basic.json.gz
p1b_real_typed_track2	unicode_basic	14	0.87	82	9401	0x2b088			libsystem_malloc.dylib	/tmp/skv15-p1/profiles-interactive/p1b/real_typed_track2__unicode_basic.json.gz
p1b_real_typed_track2	unicode_basic	15	0.84	79	9401	0x2a0d4			libsystem_malloc.dylib	/tmp/skv15-p1/profiles-interactive/p1b/real_typed_track2__unicode_basic.json.gz
p1b_real_typed_track2	unicode_basic	16	0.71	67	9401	<core::marker::PhantomData<core::option::Option<alloc::borrow::Cow<str>>> as serde_core::de::DeserializeSeed>::deserialize::<&mut serde_json::de::Deserializer<serde_json::read::SliceRead>>	/Users/mkbabb/.cargo/registry/src/index.crates.io-1949cf8c6b5b557f/serde_core-1.0.228/src/de/mod.rs	821	profile_direct	/tmp/skv15-p1/profiles-interactive/p1b/real_typed_track2__unicode_basic.json.gz
p1b_real_typed_track2	unicode_basic	17	0.70	66	9401	0x2ffe0			libsystem_malloc.dylib	/tmp/skv15-p1/profiles-interactive/p1b/real_typed_track2__unicode_basic.json.gz
p1b_real_typed_track2	unicode_basic	18	0.68	64	9401	__bzero			libsystem_platform.dylib	/tmp/skv15-p1/profiles-interactive/p1b/real_typed_track2__unicode_basic.json.gz
p1b_real_typed_track2	unicode_basic	19	0.63	59	9401	<core::marker::PhantomData<core::option::Option<u64>> as serde_core::de::DeserializeSeed>::deserialize::<&mut serde_json::de::Deserializer<serde_json::read::SliceRead>>	/Users/mkbabb/.cargo/registry/src/index.crates.io-1949cf8c6b5b557f/serde_core-1.0.228/src/de/mod.rs	821	profile_direct	/tmp/skv15-p1/profiles-interactive/p1b/real_typed_track2__unicode_basic.json.gz
p1b_real_typed_track2	unicode_basic	20	0.63	59	9401	0x2a144			libsystem_malloc.dylib	/tmp/skv15-p1/profiles-interactive/p1b/real_typed_track2__unicode_basic.json.gz
p1b_real_typed_track2	unicode_escapes	1	61.62	2906	4716	<serde_json::de::MapAccess<serde_json::read::SliceRead> as serde_core::de::MapAccess>::next_value_seed::<core::marker::PhantomData<alloc::vec::Vec<bbnf_bench::real_typed_struct::UnicodeEscapesSerdeRecord>>>	/Users/mkbabb/.cargo/registry/src/index.crates.io-1949cf8c6b5b557f/serde_json-1.0.149/src/de.rs	2033	profile_direct	/tmp/skv15-p1/profiles-interactive/p1b/real_typed_track2__unicode_escapes.json.gz
p1b_real_typed_track2	unicode_escapes	2	19.08	900	4716	<serde_json::read::SliceRead as serde_json::read::Read>::ignore_str	/Users/mkbabb/.cargo/registry/src/index.crates.io-1949cf8c6b5b557f/serde_json-1.0.149/src/read.rs	598	profile_direct	/tmp/skv15-p1/profiles-interactive/p1b/real_typed_track2__unicode_escapes.json.gz
p1b_real_typed_track2	unicode_escapes	3	14.14	667	4716	<serde_json::read::SliceRead>::skip_to_escape	/Users/mkbabb/.cargo/registry/src/index.crates.io-1949cf8c6b5b557f/serde_json-1.0.149/src/read.rs	432	profile_direct	/tmp/skv15-p1/profiles-interactive/p1b/real_typed_track2__unicode_escapes.json.gz
p1b_real_typed_track2	unicode_escapes	4	2.35	111	4716	core::str::validations::run_utf8_validation	/rustc/02c7f9bec0fd583160f8bcccb830216023b07bee/library/core/src/str/validations.rs	133	profile_direct	/tmp/skv15-p1/profiles-interactive/p1b/real_typed_track2__unicode_escapes.json.gz
p1b_real_typed_track2	unicode_escapes	5	0.45	21	4716	<serde_json::de::MapAccess<_> as serde_core::de::MapAccess>::next_key_seed::has_next_key::<serde_json::read::SliceRead>	/Users/mkbabb/.cargo/registry/src/index.crates.io-1949cf8c6b5b557f/serde_json-1.0.149/src/de.rs	1990	profile_direct	/tmp/skv15-p1/profiles-interactive/p1b/real_typed_track2__unicode_escapes.json.gz
p1b_real_typed_track2	unicode_escapes	6	0.36	17	4716	<serde_json::read::SliceRead as serde_json::read::Read>::next	/Users/mkbabb/.cargo/registry/src/index.crates.io-1949cf8c6b5b557f/serde_json-1.0.149/src/read.rs	548	profile_direct	/tmp/skv15-p1/profiles-interactive/p1b/real_typed_track2__unicode_escapes.json.gz
p1b_real_typed_track2	unicode_escapes	7	0.32	15	4716	<serde_json::de::SeqAccess<serde_json::read::SliceRead> as serde_core::de::SeqAccess>::next_element_seed::<core::marker::PhantomData<bbnf_bench::real_typed_struct::UnicodeEscapesSerdeRecord>>	/Users/mkbabb/.cargo/registry/src/index.crates.io-1949cf8c6b5b557f/serde_json-1.0.149/src/de.rs	1964	profile_direct	/tmp/skv15-p1/profiles-interactive/p1b/real_typed_track2__unicode_escapes.json.gz
p1b_real_typed_track2	unicode_escapes	8	0.30	14	4716	<serde_json::de::SeqAccess<_> as serde_core::de::SeqAccess>::next_element_seed::has_next_element::<serde_json::read::SliceRead>	/Users/mkbabb/.cargo/registry/src/index.crates.io-1949cf8c6b5b557f/serde_json-1.0.149/src/de.rs	1940	profile_direct	/tmp/skv15-p1/profiles-interactive/p1b/real_typed_track2__unicode_escapes.json.gz
p1b_real_typed_track2	unicode_escapes	9	0.30	14	4716	<core::marker::PhantomData<core::option::Option<&serde_json::raw::RawValue>> as serde_core::de::DeserializeSeed>::deserialize::<&mut serde_json::de::Deserializer<serde_json::read::SliceRead>>	/Users/mkbabb/.cargo/registry/src/index.crates.io-1949cf8c6b5b557f/serde_core-1.0.228/src/de/mod.rs	821	profile_direct	/tmp/skv15-p1/profiles-interactive/p1b/real_typed_track2__unicode_escapes.json.gz
p1b_real_typed_track2	unicode_escapes	10	0.21	10	4716	<serde_json::de::Deserializer<serde_json::read::SliceRead>>::ignore_value	/Users/mkbabb/.cargo/registry/src/index.crates.io-1949cf8c6b5b557f/serde_json-1.0.149/src/de.rs	1102	profile_direct	/tmp/skv15-p1/profiles-interactive/p1b/real_typed_track2__unicode_escapes.json.gz
p1b_real_typed_track2	unicode_escapes	11	0.19	9	4716	<serde_json::read::SliceRead as serde_json::read::Read>::parse_str	/Users/mkbabb/.cargo/registry/src/index.crates.io-1949cf8c6b5b557f/serde_json-1.0.149/src/read.rs	587	profile_direct	/tmp/skv15-p1/profiles-interactive/p1b/real_typed_track2__unicode_escapes.json.gz
p1b_real_typed_track2	unicode_escapes	12	0.17	8	4716	<core::marker::PhantomData<core::option::Option<u64>> as serde_core::de::DeserializeSeed>::deserialize::<&mut serde_json::de::Deserializer<serde_json::read::SliceRead>>	/Users/mkbabb/.cargo/registry/src/index.crates.io-1949cf8c6b5b557f/serde_core-1.0.228/src/de/mod.rs	821	profile_direct	/tmp/skv15-p1/profiles-interactive/p1b/real_typed_track2__unicode_escapes.json.gz
p1b_real_typed_track2	unicode_escapes	13	0.11	5	4716	mach_absolute_time			libsystem_kernel.dylib	/tmp/skv15-p1/profiles-interactive/p1b/real_typed_track2__unicode_escapes.json.gz
p1b_real_typed_track2	unicode_escapes	14	0.11	5	4716	<u64 as serde_core::de::Deserialize>::deserialize::<&mut serde_json::de::Deserializer<serde_json::read::SliceRead>>	/Users/mkbabb/.cargo/registry/src/index.crates.io-1949cf8c6b5b557f/serde_core-1.0.228/src/de/impls.rs	132	profile_direct	/tmp/skv15-p1/profiles-interactive/p1b/real_typed_track2__unicode_escapes.json.gz
p1b_real_typed_track2	unicode_escapes	15	0.11	5	4716	<core::ptr::non_null::NonNull<bbnf_bench::real_typed_struct::UnicodeEscapesRecord> as core::cmp::PartialEq>::eq	/Users/mkbabb/.rustup/toolchains/nightly-2026-04-11-aarch64-apple-darwin/lib/rustlib/src/rust/library/core/src/ptr/non_null.rs	1717	profile_direct	/tmp/skv15-p1/profiles-interactive/p1b/real_typed_track2__unicode_escapes.json.gz
p1b_real_typed_track2	unicode_escapes	16	0.08	4	4716	<serde_json::de::Deserializer<serde_json::read::SliceRead>>::end_map	/Users/mkbabb/.cargo/registry/src/index.crates.io-1949cf8c6b5b557f/serde_json-1.0.149/src/de.rs	1090	profile_direct	/tmp/skv15-p1/profiles-interactive/p1b/real_typed_track2__unicode_escapes.json.gz
p1b_real_typed_track2	unicode_escapes	17	0.06	3	4716	_platform_memmove			libsystem_platform.dylib	/tmp/skv15-p1/profiles-interactive/p1b/real_typed_track2__unicode_escapes.json.gz
p1b_real_typed_track2	unicode_escapes	18	0.02	1	4716	read			libsystem_kernel.dylib	/tmp/skv15-p1/profiles-interactive/p1b/real_typed_track2__unicode_escapes.json.gz
p1b_real_typed_track2	unicode_escapes	19	0.02	1	4716	0x13bdc			libsystem_malloc.dylib	/tmp/skv15-p1/profiles-interactive/p1b/real_typed_track2__unicode_escapes.json.gz
p1b_real_typed_track2	unicode_mixed	1	31.54	2094	6639	<bbnf_bench::real_typed_struct::DecodedJsonString as serde_core::de::Deserialize>::deserialize::<&mut serde_json::de::Deserializer<serde_json::read::SliceRead>>	/Users/mkbabb/Programming/bbnf-lang-skv15-profile-279a60646/skinny/crates/bbnf-bench/src/real_typed_struct.rs	812	profile_direct	/tmp/skv15-p1/profiles-interactive/p1b/real_typed_track2__unicode_mixed.json.gz
p1b_real_typed_track2	unicode_mixed	2	19.63	1303	6639	core::str::validations::run_utf8_validation	/rustc/02c7f9bec0fd583160f8bcccb830216023b07bee/library/core/src/str/validations.rs	133	profile_direct	/tmp/skv15-p1/profiles-interactive/p1b/real_typed_track2__unicode_mixed.json.gz
p1b_real_typed_track2	unicode_mixed	3	12.77	848	6639	serde_json::read::parse_escape::<serde_json::read::SliceRead>	/Users/mkbabb/.cargo/registry/src/index.crates.io-1949cf8c6b5b557f/serde_json-1.0.149/src/read.rs	874	profile_direct	/tmp/skv15-p1/profiles-interactive/p1b/real_typed_track2__unicode_mixed.json.gz
p1b_real_typed_track2	unicode_mixed	4	12.70	843	6639	<serde_json::read::SliceRead>::skip_to_escape	/Users/mkbabb/.cargo/registry/src/index.crates.io-1949cf8c6b5b557f/serde_json-1.0.149/src/read.rs	434	profile_direct	/tmp/skv15-p1/profiles-interactive/p1b/real_typed_track2__unicode_mixed.json.gz
p1b_real_typed_track2	unicode_mixed	5	7.71	512	6639	_platform_memmove			libsystem_platform.dylib	/tmp/skv15-p1/profiles-interactive/p1b/real_typed_track2__unicode_mixed.json.gz
p1b_real_typed_track2	unicode_mixed	6	3.57	237	6639	<serde_json::read::SliceRead as serde_json::read::Read>::parse_str	/Users/mkbabb/.cargo/registry/src/index.crates.io-1949cf8c6b5b557f/serde_json-1.0.149/src/read.rs	587	profile_direct	/tmp/skv15-p1/profiles-interactive/p1b/real_typed_track2__unicode_mixed.json.gz
p1b_real_typed_track2	unicode_mixed	7	2.59	172	6639	<serde_json::de::Deserializer<serde_json::read::SliceRead>>::parse_integer	/Users/mkbabb/.cargo/registry/src/index.crates.io-1949cf8c6b5b557f/serde_json-1.0.149/src/de.rs	462	profile_direct	/tmp/skv15-p1/profiles-interactive/p1b/real_typed_track2__unicode_mixed.json.gz
p1b_real_typed_track2	unicode_mixed	8	1.94	129	6639	<serde_json::de::MapAccess<_> as serde_core::de::MapAccess>::next_key_seed::has_next_key::<serde_json::read::SliceRead>	/Users/mkbabb/.cargo/registry/src/index.crates.io-1949cf8c6b5b557f/serde_json-1.0.149/src/de.rs	1990	profile_direct	/tmp/skv15-p1/profiles-interactive/p1b/real_typed_track2__unicode_mixed.json.gz
p1b_real_typed_track2	unicode_mixed	9	1.28	85	6639	<core::marker::PhantomData<core::option::Option<u64>> as serde_core::de::DeserializeSeed>::deserialize::<&mut serde_json::de::Deserializer<serde_json::read::SliceRead>>	/Users/mkbabb/.cargo/registry/src/index.crates.io-1949cf8c6b5b557f/serde_core-1.0.228/src/de/mod.rs	821	profile_direct	/tmp/skv15-p1/profiles-interactive/p1b/real_typed_track2__unicode_mixed.json.gz
p1b_real_typed_track2	unicode_mixed	10	1.16	77	6639	<alloc::vec::Vec<bbnf_bench::real_typed_struct::UnicodeMixedRecord>>::push_mut	/Users/mkbabb/.rustup/toolchains/nightly-2026-04-11-aarch64-apple-darwin/lib/rustlib/src/rust/library/alloc/src/vec/mod.rs	1041	profile_direct	/tmp/skv15-p1/profiles-interactive/p1b/real_typed_track2__unicode_mixed.json.gz
p1b_real_typed_track2	unicode_mixed	11	1.04	69	6639	<[u8] as core::cmp::PartialEq>::eq	/Users/mkbabb/.rustup/toolchains/nightly-2026-04-11-aarch64-apple-darwin/lib/rustlib/src/rust/library/core/src/slice/cmp.rs	22	profile_direct	/tmp/skv15-p1/profiles-interactive/p1b/real_typed_track2__unicode_mixed.json.gz
p1b_real_typed_track2	unicode_mixed	12	0.66	44	6639	<u64 as serde_core::de::Deserialize>::deserialize::<&mut serde_json::de::Deserializer<serde_json::read::SliceRead>>	/Users/mkbabb/.cargo/registry/src/index.crates.io-1949cf8c6b5b557f/serde_core-1.0.228/src/de/impls.rs	132	profile_direct	/tmp/skv15-p1/profiles-interactive/p1b/real_typed_track2__unicode_mixed.json.gz
p1b_real_typed_track2	unicode_mixed	13	0.42	28	6639	<core::marker::PhantomData<core::option::Option<bbnf_bench::real_typed_struct::UnicodeMixedRecordType>> as serde_core::de::DeserializeSeed>::deserialize::<&mut serde_json::de::Deserializer<serde_json::read::SliceRead>>	/Users/mkbabb/.cargo/registry/src/index.crates.io-1949cf8c6b5b557f/serde_core-1.0.228/src/de/mod.rs	821	profile_direct	/tmp/skv15-p1/profiles-interactive/p1b/real_typed_track2__unicode_mixed.json.gz
p1b_real_typed_track2	unicode_mixed	14	0.38	25	6639	<core::option::Option<u64>>::map_or_else::<u64, bbnf_bench::real_typed_struct::fold_opt_u64::{closure#0}, bbnf_bench::real_typed_struct::fold_opt_u64::{closure#1}>	/Users/mkbabb/.rustup/toolchains/nightly-2026-04-11-aarch64-apple-darwin/lib/rustlib/src/rust/library/core/src/option.rs	1276	profile_direct	/tmp/skv15-p1/profiles-interactive/p1b/real_typed_track2__unicode_mixed.json.gz
p1b_real_typed_track2	unicode_mixed	15	0.29	19	6639	<serde_json::read::SliceRead as serde_json::read::Read>::peek	/Users/mkbabb/.cargo/registry/src/index.crates.io-1949cf8c6b5b557f/serde_json-1.0.149/src/read.rs		profile_direct	/tmp/skv15-p1/profiles-interactive/p1b/real_typed_track2__unicode_mixed.json.gz
p1b_real_typed_track2	unicode_mixed	16	0.20	13	6639	0x270edc			profile_direct	/tmp/skv15-p1/profiles-interactive/p1b/real_typed_track2__unicode_mixed.json.gz
p1b_real_typed_track2	unicode_mixed	17	0.20	13	6639	_platform_memset			libsystem_platform.dylib	/tmp/skv15-p1/profiles-interactive/p1b/real_typed_track2__unicode_mixed.json.gz
p1b_real_typed_track2	unicode_mixed	18	0.18	12	6639	<core::marker::PhantomData<core::option::Option<bbnf_bench::real_typed_struct::DecodedJsonString>> as serde_core::de::DeserializeSeed>::deserialize::<&mut serde_json::de::Deserializer<serde_json::read::SliceRead>>	/Users/mkbabb/.cargo/registry/src/index.crates.io-1949cf8c6b5b557f/serde_core-1.0.228/src/de/mod.rs	821	profile_direct	/tmp/skv15-p1/profiles-interactive/p1b/real_typed_track2__unicode_mixed.json.gz
p1b_real_typed_track2	unicode_mixed	19	0.15	10	6639	profile_direct::real_typed_checksum	/Users/mkbabb/Programming/bbnf-lang-skv15-profile-279a60646/skinny/crates/bbnf-bench/src/bin/profile_direct.rs		profile_direct	/tmp/skv15-p1/profiles-interactive/p1b/real_typed_track2__unicode_mixed.json.gz
p1b_real_typed_track2	unicode_mixed	20	0.12	8	6639	0x2b06c			libsystem_malloc.dylib	/tmp/skv15-p1/profiles-interactive/p1b/real_typed_track2__unicode_mixed.json.gz
p1b_real_typed_track2	update_center	1	24.97	573	2295	<serde_json::read::SliceRead>::skip_to_escape	/Users/mkbabb/.cargo/registry/src/index.crates.io-1949cf8c6b5b557f/serde_json-1.0.149/src/read.rs	432	profile_direct	/tmp/skv15-p1/profiles-interactive/p1b/real_typed_track2__update_center.json.gz
p1b_real_typed_track2	update_center	2	20.31	466	2295	core::str::validations::run_utf8_validation	/rustc/02c7f9bec0fd583160f8bcccb830216023b07bee/library/core/src/str/validations.rs	133	profile_direct	/tmp/skv15-p1/profiles-interactive/p1b/real_typed_track2__update_center.json.gz
p1b_real_typed_track2	update_center	3	12.85	295	2295	<u64>::wrapping_add	/Users/mkbabb/.rustup/toolchains/nightly-2026-04-11-aarch64-apple-darwin/lib/rustlib/src/rust/library/core/src/num/uint_macros.rs	2511	profile_direct	/tmp/skv15-p1/profiles-interactive/p1b/real_typed_track2__update_center.json.gz
p1b_real_typed_track2	update_center	4	11.24	258	2295	<serde_json::de::Deserializer<serde_json::read::SliceRead>>::ignore_value	/Users/mkbabb/.cargo/registry/src/index.crates.io-1949cf8c6b5b557f/serde_json-1.0.149/src/de.rs	1102	profile_direct	/tmp/skv15-p1/profiles-interactive/p1b/real_typed_track2__update_center.json.gz
p1b_real_typed_track2	update_center	5	4.49	103	2295	<serde_json::read::SliceRead as serde_json::read::Read>::parse_str	/Users/mkbabb/.cargo/registry/src/index.crates.io-1949cf8c6b5b557f/serde_json-1.0.149/src/read.rs	587	profile_direct	/tmp/skv15-p1/profiles-interactive/p1b/real_typed_track2__update_center.json.gz
p1b_real_typed_track2	update_center	6	3.92	90	2295	<serde_json::de::MapAccess<_> as serde_core::de::MapAccess>::next_key_seed::has_next_key::<serde_json::read::SliceRead>	/Users/mkbabb/.cargo/registry/src/index.crates.io-1949cf8c6b5b557f/serde_json-1.0.149/src/de.rs	1991	profile_direct	/tmp/skv15-p1/profiles-interactive/p1b/real_typed_track2__update_center.json.gz
p1b_real_typed_track2	update_center	7	3.83	88	2295	<alloc::vec::Vec<bbnf_bench::real_typed_struct::PluginEntry>>::push_mut	/Users/mkbabb/.rustup/toolchains/nightly-2026-04-11-aarch64-apple-darwin/lib/rustlib/src/rust/library/alloc/src/vec/mod.rs	1041	profile_direct	/tmp/skv15-p1/profiles-interactive/p1b/real_typed_track2__update_center.json.gz
p1b_real_typed_track2	update_center	8	2.96	68	2295	<serde_json::read::SliceRead as serde_json::read::Read>::ignore_str	/Users/mkbabb/.cargo/registry/src/index.crates.io-1949cf8c6b5b557f/serde_json-1.0.149/src/read.rs	598	profile_direct	/tmp/skv15-p1/profiles-interactive/p1b/real_typed_track2__update_center.json.gz
p1b_real_typed_track2	update_center	9	1.83	42	2295	_platform_memmove			libsystem_platform.dylib	/tmp/skv15-p1/profiles-interactive/p1b/real_typed_track2__update_center.json.gz
p1b_real_typed_track2	update_center	10	1.05	24	2295	<alloc::borrow::Cow<str> as serde_core::de::Deserialize>::deserialize::<&mut serde_json::de::Deserializer<serde_json::read::SliceRead>>	/Users/mkbabb/.cargo/registry/src/index.crates.io-1949cf8c6b5b557f/serde_core-1.0.228/src/de/impls.rs	1986	profile_direct	/tmp/skv15-p1/profiles-interactive/p1b/real_typed_track2__update_center.json.gz
p1b_real_typed_track2	update_center	11	0.92	21	2295	0x2b088			libsystem_malloc.dylib	/tmp/skv15-p1/profiles-interactive/p1b/real_typed_track2__update_center.json.gz
p1b_real_typed_track2	update_center	12	0.70	16	2295	<core::marker::PhantomData<core::option::Option<alloc::borrow::Cow<str>>> as serde_core::de::DeserializeSeed>::deserialize::<&mut serde_json::de::Deserializer<serde_json::read::SliceRead>>	/Users/mkbabb/.cargo/registry/src/index.crates.io-1949cf8c6b5b557f/serde_core-1.0.228/src/de/mod.rs	821	profile_direct	/tmp/skv15-p1/profiles-interactive/p1b/real_typed_track2__update_center.json.gz
p1b_real_typed_track2	update_center	13	0.61	14	2295	0x2b1bc			libsystem_malloc.dylib	/tmp/skv15-p1/profiles-interactive/p1b/real_typed_track2__update_center.json.gz
p1b_real_typed_track2	update_center	14	0.52	12	2295	0x2a0d4			libsystem_malloc.dylib	/tmp/skv15-p1/profiles-interactive/p1b/real_typed_track2__update_center.json.gz
p1b_real_typed_track2	update_center	15	0.39	9	2295	_platform_memset			libsystem_platform.dylib	/tmp/skv15-p1/profiles-interactive/p1b/real_typed_track2__update_center.json.gz
p1b_real_typed_track2	update_center	16	0.39	9	2295	0x2b450			libsystem_malloc.dylib	/tmp/skv15-p1/profiles-interactive/p1b/real_typed_track2__update_center.json.gz
p1b_real_typed_track2	update_center	17	0.35	8	2295	<serde_json::de::MapAccess<serde_json::read::SliceRead> as serde_core::de::MapAccess>::next_key_seed::<core::marker::PhantomData<alloc::borrow::Cow<str>>>	/Users/mkbabb/.cargo/registry/src/index.crates.io-1949cf8c6b5b557f/serde_json-1.0.149/src/de.rs	1986	profile_direct	/tmp/skv15-p1/profiles-interactive/p1b/real_typed_track2__update_center.json.gz
p1b_real_typed_track2	update_center	18	0.35	8	2295	__bzero			libsystem_platform.dylib	/tmp/skv15-p1/profiles-interactive/p1b/real_typed_track2__update_center.json.gz
p1b_real_typed_track2	update_center	19	0.31	7	2295	0x2a138			libsystem_malloc.dylib	/tmp/skv15-p1/profiles-interactive/p1b/real_typed_track2__update_center.json.gz
p1b_real_typed_track2	update_center	20	0.26	6	2295	0x2b080			libsystem_malloc.dylib	/tmp/skv15-p1/profiles-interactive/p1b/real_typed_track2__update_center.json.gz
p1b_real_typed_track2	y_string_unicode	1	26.37	2922	11082	serde_json::read::parse_unicode_escape::<serde_json::read::SliceRead>	/Users/mkbabb/.cargo/registry/src/index.crates.io-1949cf8c6b5b557f/serde_json-1.0.149/src/read.rs	900	profile_direct	/tmp/skv15-p1/profiles-interactive/p1b/real_typed_track2__y_string_unicode.json.gz
p1b_real_typed_track2	y_string_unicode	2	14.63	1621	11082	core::str::validations::run_utf8_validation	/rustc/02c7f9bec0fd583160f8bcccb830216023b07bee/library/core/src/str/validations.rs	133	profile_direct	/tmp/skv15-p1/profiles-interactive/p1b/real_typed_track2__y_string_unicode.json.gz
p1b_real_typed_track2	y_string_unicode	3	12.43	1377	11082	<serde_json::read::SliceRead as serde_json::read::Read>::parse_str	/Users/mkbabb/.cargo/registry/src/index.crates.io-1949cf8c6b5b557f/serde_json-1.0.149/src/read.rs	587	profile_direct	/tmp/skv15-p1/profiles-interactive/p1b/real_typed_track2__y_string_unicode.json.gz
p1b_real_typed_track2	y_string_unicode	4	12.14	1345	11082	<serde_json::read::SliceRead>::skip_to_escape	/Users/mkbabb/.cargo/registry/src/index.crates.io-1949cf8c6b5b557f/serde_json-1.0.149/src/read.rs	432	profile_direct	/tmp/skv15-p1/profiles-interactive/p1b/real_typed_track2__y_string_unicode.json.gz
p1b_real_typed_track2	y_string_unicode	5	8.67	961	11082	<serde_json::de::SeqAccess<_> as serde_core::de::SeqAccess>::next_element_seed::has_next_element::<serde_json::read::SliceRead>	/Users/mkbabb/.cargo/registry/src/index.crates.io-1949cf8c6b5b557f/serde_json-1.0.149/src/de.rs	1937	profile_direct	/tmp/skv15-p1/profiles-interactive/p1b/real_typed_track2__y_string_unicode.json.gz
p1b_real_typed_track2	y_string_unicode	6	6.75	748	11082	bbnf_bench::real_typed_struct::typed_checksum	/Users/mkbabb/Programming/bbnf-lang-skv15-profile-279a60646/skinny/crates/bbnf-bench/src/real_typed_struct.rs	1748	profile_direct	/tmp/skv15-p1/profiles-interactive/p1b/real_typed_track2__y_string_unicode.json.gz
p1b_real_typed_track2	y_string_unicode	7	6.21	688	11082	serde_json::read::parse_escape::<serde_json::read::SliceRead>	/Users/mkbabb/.cargo/registry/src/index.crates.io-1949cf8c6b5b557f/serde_json-1.0.149/src/read.rs	874	profile_direct	/tmp/skv15-p1/profiles-interactive/p1b/real_typed_track2__y_string_unicode.json.gz
p1b_real_typed_track2	y_string_unicode	8	5.73	635	11082	<serde_json::de::Deserializer<serde_json::read::SliceRead>>::new	/Users/mkbabb/.cargo/registry/src/index.crates.io-1949cf8c6b5b557f/serde_json-1.0.149/src/de.rs	60	profile_direct	/tmp/skv15-p1/profiles-interactive/p1b/real_typed_track2__y_string_unicode.json.gz
p1b_real_typed_track2	y_string_unicode	9	4.96	550	11082	<bbnf_bench::real_typed_struct::YStringUnicodeToken>::from_decoded	/Users/mkbabb/Programming/bbnf-lang-skv15-profile-279a60646/skinny/crates/bbnf-bench/src/real_typed_struct.rs	942	profile_direct	/tmp/skv15-p1/profiles-interactive/p1b/real_typed_track2__y_string_unicode.json.gz
p1b_real_typed_track2	y_string_unicode	10	0.55	61	11082	mach_absolute_time			libsystem_kernel.dylib	/tmp/skv15-p1/profiles-interactive/p1b/real_typed_track2__y_string_unicode.json.gz
p1b_real_typed_track2	y_string_unicode	11	0.29	32	11082	_platform_memmove			libsystem_platform.dylib	/tmp/skv15-p1/profiles-interactive/p1b/real_typed_track2__y_string_unicode.json.gz
p1b_real_typed_track2	y_string_unicode	12	0.04	4	11082	profile_direct::real_typed_checksum	/Users/mkbabb/Programming/bbnf-lang-skv15-profile-279a60646/skinny/crates/bbnf-bench/src/bin/profile_direct.rs		profile_direct	/tmp/skv15-p1/profiles-interactive/p1b/real_typed_track2__y_string_unicode.json.gz
p1b_real_typed_track2	y_string_unicode	13	0.04	4	11082	0x3ace0			libsystem_malloc.dylib	/tmp/skv15-p1/profiles-interactive/p1b/real_typed_track2__y_string_unicode.json.gz
p1b_real_typed_track2	y_string_unicode	14	0.04	4	11082	0x30160			libsystem_malloc.dylib	/tmp/skv15-p1/profiles-interactive/p1b/real_typed_track2__y_string_unicode.json.gz
p1b_real_typed_track2	y_string_unicode	15	0.03	3	11082	0x30078			libsystem_malloc.dylib	/tmp/skv15-p1/profiles-interactive/p1b/real_typed_track2__y_string_unicode.json.gz
p1b_real_typed_track2	y_string_unicode	16	0.03	3	11082	<alloc::raw_vec::RawVec<bbnf_bench::real_typed_struct::UnicodeMixedClass>>::grow_one	/Users/mkbabb/.rustup/toolchains/nightly-2026-04-11-aarch64-apple-darwin/lib/rustlib/src/rust/library/alloc/src/raw_vec/mod.rs	186	profile_direct	/tmp/skv15-p1/profiles-interactive/p1b/real_typed_track2__y_string_unicode.json.gz
p1b_real_typed_track2	y_string_unicode	17	0.03	3	11082	0x2abfc			libsystem_malloc.dylib	/tmp/skv15-p1/profiles-interactive/p1b/real_typed_track2__y_string_unicode.json.gz
p1b_real_typed_track2	y_string_unicode	18	0.03	3	11082	<usize>::overflowing_mul	/Users/mkbabb/.rustup/toolchains/nightly-2026-04-11-aarch64-apple-darwin/lib/rustlib/src/rust/library/core/src/num/uint_macros.rs	3105	profile_direct	/tmp/skv15-p1/profiles-interactive/p1b/real_typed_track2__y_string_unicode.json.gz
p1b_real_typed_track2	y_string_unicode	19	0.03	3	11082	0x2b19c			libsystem_malloc.dylib	/tmp/skv15-p1/profiles-interactive/p1b/real_typed_track2__y_string_unicode.json.gz
p1b_real_typed_track2	y_string_unicode	20	0.03	3	11082	__bzero			libsystem_platform.dylib	/tmp/skv15-p1/profiles-interactive/p1b/real_typed_track2__y_string_unicode.json.gz
