surface	corpus	rank	pct	samples	total	function	file	line	lib	profile
p1c_json_probes	apache_builds	1	9.44	194	2054	core::str::validations::run_utf8_validation	/rustc/02c7f9bec0fd583160f8bcccb830216023b07bee/library/core/src/str/validations.rs	133	json_parity-b087d404a70eff21	/tmp/skv15-p1/profiles-interactive/p1c/mode3_json_probes__apache_builds.json.gz
p1c_json_probes	apache_builds	2	7.25	149	2054	sha2::sha256::soft::sha256_digest_round_x2	/Users/mkbabb/.cargo/registry/src/index.crates.io-1949cf8c6b5b557f/sha2-0.10.9/src/sha256/soft.rs		json_parity-b087d404a70eff21	/tmp/skv15-p1/profiles-interactive/p1c/mode3_json_probes__apache_builds.json.gz
p1c_json_probes	apache_builds	3	4.87	100	2054	<bbnf_bench::track2::json::Parser>::parse_value_at	/Users/mkbabb/Programming/bbnf-lang-skv15-profile-279a60646/skinny/crates/bbnf-bench/src/track2/json.rs	55	json_parity-b087d404a70eff21	/tmp/skv15-p1/profiles-interactive/p1c/mode3_json_probes__apache_builds.json.gz
p1c_json_probes	apache_builds	4	4.63	95	2054	<core::ptr::non_null::NonNull<u8> as core::cmp::PartialEq>::eq	/Users/mkbabb/.rustup/toolchains/nightly-2026-04-11-aarch64-apple-darwin/lib/rustlib/src/rust/library/core/src/ptr/non_null.rs	1717	json_parity-b087d404a70eff21	/tmp/skv15-p1/profiles-interactive/p1c/mode3_json_probes__apache_builds.json.gz
p1c_json_probes	apache_builds	5	4.63	95	2054	<&mut serde_json::de::Deserializer<serde_json::read::SliceRead> as serde_core::de::Deserializer>::deserialize_str::<<bbnf_bench::real_typed_struct::DecodedJsonString as serde_core::de::Deserialize>::deserialize::DecodedJsonStringVisitor>	/Users/mkbabb/.cargo/registry/src/index.crates.io-1949cf8c6b5b557f/serde_json-1.0.149/src/de.rs	1539	json_parity-b087d404a70eff21	/tmp/skv15-p1/profiles-interactive/p1c/mode3_json_probes__apache_builds.json.gz
p1c_json_probes	apache_builds	6	4.43	91	2054	_platform_memmove			libsystem_platform.dylib	/tmp/skv15-p1/profiles-interactive/p1c/mode3_json_probes__apache_builds.json.gz
p1c_json_probes	apache_builds	7	4.24	87	2054	runtime::generated_json::view::string_body_range	/Users/mkbabb/Programming/bbnf-lang-skv15-profile-279a60646/skinny/crates/runtime/src/grammars/json/view.rs	384	json_parity-b087d404a70eff21	/tmp/skv15-p1/profiles-interactive/p1c/mode3_json_probes__apache_builds.json.gz
p1c_json_probes	apache_builds	8	3.99	82	2054	<alloc::vec::Vec<u32>>::as_slice	/Users/mkbabb/.rustup/toolchains/nightly-2026-04-11-aarch64-apple-darwin/lib/rustlib/src/rust/library/alloc/src/vec/mod.rs	1840	json_parity-b087d404a70eff21	/tmp/skv15-p1/profiles-interactive/p1c/mode3_json_probes__apache_builds.json.gz
p1c_json_probes	apache_builds	9	2.73	56	2054	poll			libsystem_kernel.dylib	/tmp/skv15-p1/profiles-interactive/p1c/mode3_json_probes__apache_builds.json.gz
p1c_json_probes	apache_builds	10	2.68	55	2054	<serde_json::read::SliceRead>::skip_to_escape	/Users/mkbabb/.cargo/registry/src/index.crates.io-1949cf8c6b5b557f/serde_json-1.0.149/src/read.rs	434	json_parity-b087d404a70eff21	/tmp/skv15-p1/profiles-interactive/p1c/mode3_json_probes__apache_builds.json.gz
p1c_json_probes	apache_builds	11	2.58	53	2054	<runtime::generated_json::value::JsonValue>::to_canonical_string	/Users/mkbabb/Programming/bbnf-lang-skv15-profile-279a60646/skinny/crates/runtime/src/grammars/json/value.rs	90	json_parity-b087d404a70eff21	/tmp/skv15-p1/profiles-interactive/p1c/mode3_json_probes__apache_builds.json.gz
p1c_json_probes	apache_builds	12	2.19	45	2054	<alloc::vec::Vec<u8>>::clear	/Users/mkbabb/.rustup/toolchains/nightly-2026-04-11-aarch64-apple-darwin/lib/rustlib/src/rust/library/alloc/src/vec/mod.rs		json_parity-b087d404a70eff21	/tmp/skv15-p1/profiles-interactive/p1c/mode3_json_probes__apache_builds.json.gz
p1c_json_probes	apache_builds	13	1.66	34	2054	__open			libsystem_kernel.dylib	/tmp/skv15-p1/profiles-interactive/p1c/mode3_json_probes__apache_builds.json.gz
p1c_json_probes	apache_builds	14	1.66	34	2054	serde_json::de::from_trait::<serde_json::read::SliceRead, alloc::vec::Vec<f64>>	/Users/mkbabb/.cargo/registry/src/index.crates.io-1949cf8c6b5b557f/serde_json-1.0.149/src/de.rs	2503	json_parity-b087d404a70eff21	/tmp/skv15-p1/profiles-interactive/p1c/mode3_json_probes__apache_builds.json.gz
p1c_json_probes	apache_builds	15	1.61	33	2054	runtime::generated_json::generated::match_tiny_plain_string_with_cap::<16>	/Users/mkbabb/Programming/bbnf-lang-skv15-profile-279a60646/skinny/crates/runtime/src/grammars/json/generated.rs		json_parity-b087d404a70eff21	/tmp/skv15-p1/profiles-interactive/p1c/mode3_json_probes__apache_builds.json.gz
p1c_json_probes	apache_builds	16	1.61	33	2054	<&mut sonic_rs::serde::de::Deserializer<sonic_rs::reader::Read> as serde_core::de::Deserializer>::deserialize_any::<bbnf_bench::direct_struct::DigestVisitor>	/Users/mkbabb/.cargo/registry/src/index.crates.io-1949cf8c6b5b557f/sonic-rs-0.5.8/src/serde/de.rs	454	json_parity-b087d404a70eff21	/tmp/skv15-p1/profiles-interactive/p1c/mode3_json_probes__apache_builds.json.gz
p1c_json_probes	apache_builds	17	1.61	33	2054	<sonic_rs::parser::Parser<sonic_rs::reader::Read>>::skip_space	/Users/mkbabb/.cargo/registry/src/index.crates.io-1949cf8c6b5b557f/sonic-rs-0.5.8/src/parser.rs	1229	json_parity-b087d404a70eff21	/tmp/skv15-p1/profiles-interactive/p1c/mode3_json_probes__apache_builds.json.gz
p1c_json_probes	apache_builds	18	1.61	33	2054	<serde_json::read::SliceRead as serde_json::read::Read>::next	/Users/mkbabb/.cargo/registry/src/index.crates.io-1949cf8c6b5b557f/serde_json-1.0.149/src/read.rs	548	json_parity-b087d404a70eff21	/tmp/skv15-p1/profiles-interactive/p1c/mode3_json_probes__apache_builds.json.gz
p1c_json_probes	apache_builds	19	1.61	33	2054	<sonic_rs::parser::Parser<sonic_rs::reader::Read>>::parse_string_raw	/Users/mkbabb/.cargo/registry/src/index.crates.io-1949cf8c6b5b557f/sonic-rs-0.5.8/src/parser.rs	886	json_parity-b087d404a70eff21	/tmp/skv15-p1/profiles-interactive/p1c/mode3_json_probes__apache_builds.json.gz
p1c_json_probes	apache_builds	20	1.41	29	2054	<core::option::Option<&u8>>::copied	/Users/mkbabb/.rustup/toolchains/nightly-2026-04-11-aarch64-apple-darwin/lib/rustlib/src/rust/library/core/src/option.rs	2141	json_parity-b087d404a70eff21	/tmp/skv15-p1/profiles-interactive/p1c/mode3_json_probes__apache_builds.json.gz
p1c_json_probes	canada	1	8.69	177	2037	core::str::validations::run_utf8_validation	/rustc/02c7f9bec0fd583160f8bcccb830216023b07bee/library/core/src/str/validations.rs	133	json_parity-b087d404a70eff21	/tmp/skv15-p1/profiles-interactive/p1c/mode3_json_probes__canada.json.gz
p1c_json_probes	canada	2	5.69	116	2037	<u32>::wrapping_add	/Users/mkbabb/.rustup/toolchains/nightly-2026-04-11-aarch64-apple-darwin/lib/rustlib/src/rust/library/core/src/num/uint_macros.rs	2511	json_parity-b087d404a70eff21	/tmp/skv15-p1/profiles-interactive/p1c/mode3_json_probes__canada.json.gz
p1c_json_probes	canada	3	5.15	105	2037	<core::ptr::non_null::NonNull<u8> as core::cmp::PartialEq>::eq	/Users/mkbabb/.rustup/toolchains/nightly-2026-04-11-aarch64-apple-darwin/lib/rustlib/src/rust/library/core/src/ptr/non_null.rs	1717	json_parity-b087d404a70eff21	/tmp/skv15-p1/profiles-interactive/p1c/mode3_json_probes__canada.json.gz
p1c_json_probes	canada	4	5.11	104	2037	<bbnf_bench::track2::json::Parser>::parse_value_at	/Users/mkbabb/Programming/bbnf-lang-skv15-profile-279a60646/skinny/crates/bbnf-bench/src/track2/json.rs	55	json_parity-b087d404a70eff21	/tmp/skv15-p1/profiles-interactive/p1c/mode3_json_probes__canada.json.gz
p1c_json_probes	canada	5	4.86	99	2037	<alloc::vec::Vec<u32>>::as_slice	/Users/mkbabb/.rustup/toolchains/nightly-2026-04-11-aarch64-apple-darwin/lib/rustlib/src/rust/library/alloc/src/vec/mod.rs	1840	json_parity-b087d404a70eff21	/tmp/skv15-p1/profiles-interactive/p1c/mode3_json_probes__canada.json.gz
p1c_json_probes	canada	6	4.61	94	2037	runtime::generated_json::view::string_body_range	/Users/mkbabb/Programming/bbnf-lang-skv15-profile-279a60646/skinny/crates/runtime/src/grammars/json/view.rs	384	json_parity-b087d404a70eff21	/tmp/skv15-p1/profiles-interactive/p1c/mode3_json_probes__canada.json.gz
p1c_json_probes	canada	7	4.47	91	2037	<&mut serde_json::de::Deserializer<serde_json::read::SliceRead> as serde_core::de::Deserializer>::deserialize_str::<<bbnf_bench::real_typed_struct::DecodedJsonString as serde_core::de::Deserialize>::deserialize::DecodedJsonStringVisitor>	/Users/mkbabb/.cargo/registry/src/index.crates.io-1949cf8c6b5b557f/serde_json-1.0.149/src/de.rs	1539	json_parity-b087d404a70eff21	/tmp/skv15-p1/profiles-interactive/p1c/mode3_json_probes__canada.json.gz
p1c_json_probes	canada	8	3.63	74	2037	_platform_memmove			libsystem_platform.dylib	/tmp/skv15-p1/profiles-interactive/p1c/mode3_json_probes__canada.json.gz
p1c_json_probes	canada	9	2.65	54	2037	<serde_json::read::SliceRead>::skip_to_escape	/Users/mkbabb/.cargo/registry/src/index.crates.io-1949cf8c6b5b557f/serde_json-1.0.149/src/read.rs	434	json_parity-b087d404a70eff21	/tmp/skv15-p1/profiles-interactive/p1c/mode3_json_probes__canada.json.gz
p1c_json_probes	canada	10	2.36	48	2037	<alloc::vec::Vec<u8>>::clear	/Users/mkbabb/.rustup/toolchains/nightly-2026-04-11-aarch64-apple-darwin/lib/rustlib/src/rust/library/alloc/src/vec/mod.rs		json_parity-b087d404a70eff21	/tmp/skv15-p1/profiles-interactive/p1c/mode3_json_probes__canada.json.gz
p1c_json_probes	canada	11	2.16	44	2037	<serde_json::read::SliceRead as serde_json::read::Read>::next	/Users/mkbabb/.cargo/registry/src/index.crates.io-1949cf8c6b5b557f/serde_json-1.0.149/src/read.rs	548	json_parity-b087d404a70eff21	/tmp/skv15-p1/profiles-interactive/p1c/mode3_json_probes__canada.json.gz
p1c_json_probes	canada	12	2.11	43	2037	<runtime::generated_json::value::JsonValue>::to_canonical_string	/Users/mkbabb/Programming/bbnf-lang-skv15-profile-279a60646/skinny/crates/runtime/src/grammars/json/value.rs	90	json_parity-b087d404a70eff21	/tmp/skv15-p1/profiles-interactive/p1c/mode3_json_probes__canada.json.gz
p1c_json_probes	canada	13	1.87	38	2037	poll			libsystem_kernel.dylib	/tmp/skv15-p1/profiles-interactive/p1c/mode3_json_probes__canada.json.gz
p1c_json_probes	canada	14	1.67	34	2037	<u64>::checked_shl	/Users/mkbabb/.rustup/toolchains/nightly-2026-04-11-aarch64-apple-darwin/lib/rustlib/src/rust/library/core/src/num/uint_macros.rs		json_parity-b087d404a70eff21	/tmp/skv15-p1/profiles-interactive/p1c/mode3_json_probes__canada.json.gz
p1c_json_probes	canada	15	1.62	33	2037	runtime::generated_json::generated::dispatch_value	/Users/mkbabb/Programming/bbnf-lang-skv15-profile-279a60646/skinny/crates/runtime/src/grammars/json/generated.rs	46	json_parity-b087d404a70eff21	/tmp/skv15-p1/profiles-interactive/p1c/mode3_json_probes__canada.json.gz
p1c_json_probes	canada	16	1.62	33	2037	<sonic_rs::parser::Parser<sonic_rs::reader::Read>>::parse_string_raw	/Users/mkbabb/.cargo/registry/src/index.crates.io-1949cf8c6b5b557f/sonic-rs-0.5.8/src/parser.rs	879	json_parity-b087d404a70eff21	/tmp/skv15-p1/profiles-interactive/p1c/mode3_json_probes__canada.json.gz
p1c_json_probes	canada	17	1.57	32	2037	runtime::generated_json::generated::match_tiny_plain_string_with_cap::<8>	/Users/mkbabb/Programming/bbnf-lang-skv15-profile-279a60646/skinny/crates/runtime/src/grammars/json/generated.rs	176	json_parity-b087d404a70eff21	/tmp/skv15-p1/profiles-interactive/p1c/mode3_json_probes__canada.json.gz
p1c_json_probes	canada	18	1.57	32	2037	__open			libsystem_kernel.dylib	/tmp/skv15-p1/profiles-interactive/p1c/mode3_json_probes__canada.json.gz
p1c_json_probes	canada	19	1.57	32	2037	serde_json::de::from_trait::<serde_json::read::SliceRead, alloc::vec::Vec<f64>>	/Users/mkbabb/.cargo/registry/src/index.crates.io-1949cf8c6b5b557f/serde_json-1.0.149/src/de.rs	2503	json_parity-b087d404a70eff21	/tmp/skv15-p1/profiles-interactive/p1c/mode3_json_probes__canada.json.gz
p1c_json_probes	canada	20	1.52	31	2037	<sonic_rs::parser::Parser<sonic_rs::reader::Read>>::skip_one	/Users/mkbabb/.cargo/registry/src/index.crates.io-1949cf8c6b5b557f/sonic-rs-0.5.8/src/parser.rs	1439	json_parity-b087d404a70eff21	/tmp/skv15-p1/profiles-interactive/p1c/mode3_json_probes__canada.json.gz
p1c_json_probes	citm_catalog	1	8.46	175	2069	core::str::validations::run_utf8_validation	/rustc/02c7f9bec0fd583160f8bcccb830216023b07bee/library/core/src/str/validations.rs	133	json_parity-b087d404a70eff21	/tmp/skv15-p1/profiles-interactive/p1c/mode3_json_probes__citm_catalog.json.gz
p1c_json_probes	citm_catalog	2	7.06	146	2069	core::intrinsics::rotate_right::<u32>	/Users/mkbabb/.rustup/toolchains/nightly-2026-04-11-aarch64-apple-darwin/lib/rustlib/src/rust/library/core/src/intrinsics/mod.rs		json_parity-b087d404a70eff21	/tmp/skv15-p1/profiles-interactive/p1c/mode3_json_probes__citm_catalog.json.gz
p1c_json_probes	citm_catalog	3	4.98	103	2069	<bbnf_bench::track2::json::Parser>::parse_value_at	/Users/mkbabb/Programming/bbnf-lang-skv15-profile-279a60646/skinny/crates/bbnf-bench/src/track2/json.rs	55	json_parity-b087d404a70eff21	/tmp/skv15-p1/profiles-interactive/p1c/mode3_json_probes__citm_catalog.json.gz
p1c_json_probes	citm_catalog	4	4.98	103	2069	<u64>::wrapping_add	/Users/mkbabb/.rustup/toolchains/nightly-2026-04-11-aarch64-apple-darwin/lib/rustlib/src/rust/library/core/src/num/uint_macros.rs	2511	json_parity-b087d404a70eff21	/tmp/skv15-p1/profiles-interactive/p1c/mode3_json_probes__citm_catalog.json.gz
p1c_json_probes	citm_catalog	5	4.83	100	2069	<&mut serde_json::de::Deserializer<serde_json::read::SliceRead> as serde_core::de::Deserializer>::deserialize_str::<<bbnf_bench::real_typed_struct::DecodedJsonString as serde_core::de::Deserialize>::deserialize::DecodedJsonStringVisitor>	/Users/mkbabb/.cargo/registry/src/index.crates.io-1949cf8c6b5b557f/serde_json-1.0.149/src/de.rs	1539	json_parity-b087d404a70eff21	/tmp/skv15-p1/profiles-interactive/p1c/mode3_json_probes__citm_catalog.json.gz
p1c_json_probes	citm_catalog	6	4.45	92	2069	<alloc::vec::Vec<u32>>::as_slice	/Users/mkbabb/.rustup/toolchains/nightly-2026-04-11-aarch64-apple-darwin/lib/rustlib/src/rust/library/alloc/src/vec/mod.rs	1840	json_parity-b087d404a70eff21	/tmp/skv15-p1/profiles-interactive/p1c/mode3_json_probes__citm_catalog.json.gz
p1c_json_probes	citm_catalog	7	4.30	89	2069	<runtime::generated_json::value::JsonNodeKind>::at_cursor	/Users/mkbabb/Programming/bbnf-lang-skv15-profile-279a60646/skinny/crates/runtime/src/grammars/json/value.rs	29	json_parity-b087d404a70eff21	/tmp/skv15-p1/profiles-interactive/p1c/mode3_json_probes__citm_catalog.json.gz
p1c_json_probes	citm_catalog	8	3.48	72	2069	_platform_memmove			libsystem_platform.dylib	/tmp/skv15-p1/profiles-interactive/p1c/mode3_json_probes__citm_catalog.json.gz
p1c_json_probes	citm_catalog	9	3.29	68	2069	<serde_json::read::SliceRead as serde_json::read::Read>::peek	/Users/mkbabb/.cargo/registry/src/index.crates.io-1949cf8c6b5b557f/serde_json-1.0.149/src/read.rs	562	json_parity-b087d404a70eff21	/tmp/skv15-p1/profiles-interactive/p1c/mode3_json_probes__citm_catalog.json.gz
p1c_json_probes	citm_catalog	10	2.17	45	2069	poll			libsystem_kernel.dylib	/tmp/skv15-p1/profiles-interactive/p1c/mode3_json_probes__citm_catalog.json.gz
p1c_json_probes	citm_catalog	11	2.13	44	2069	<mimalloc::MiMalloc as core::alloc::global::GlobalAlloc>::alloc	/Users/mkbabb/.cargo/registry/src/index.crates.io-1949cf8c6b5b557f/mimalloc-0.1.50/src/lib.rs	51	json_parity-b087d404a70eff21	/tmp/skv15-p1/profiles-interactive/p1c/mode3_json_probes__citm_catalog.json.gz
p1c_json_probes	citm_catalog	12	2.03	42	2069	<serde_json::read::SliceRead>::skip_to_escape	/Users/mkbabb/.cargo/registry/src/index.crates.io-1949cf8c6b5b557f/serde_json-1.0.149/src/read.rs	434	json_parity-b087d404a70eff21	/tmp/skv15-p1/profiles-interactive/p1c/mode3_json_probes__citm_catalog.json.gz
p1c_json_probes	citm_catalog	13	1.93	40	2069	<serde_json::read::SliceRead as serde_json::read::Read>::next	/Users/mkbabb/.cargo/registry/src/index.crates.io-1949cf8c6b5b557f/serde_json-1.0.149/src/read.rs	548	json_parity-b087d404a70eff21	/tmp/skv15-p1/profiles-interactive/p1c/mode3_json_probes__citm_catalog.json.gz
p1c_json_probes	citm_catalog	14	1.88	39	2069	<sonic_rs::reader::PinnedInput>::as_ptr	/Users/mkbabb/.cargo/registry/src/index.crates.io-1949cf8c6b5b557f/sonic-rs-0.5.8/src/reader.rs	87	json_parity-b087d404a70eff21	/tmp/skv15-p1/profiles-interactive/p1c/mode3_json_probes__citm_catalog.json.gz
p1c_json_probes	citm_catalog	15	1.88	39	2069	<runtime::generated_json::value::JsonValue>::to_canonical_string	/Users/mkbabb/Programming/bbnf-lang-skv15-profile-279a60646/skinny/crates/runtime/src/grammars/json/value.rs	90	json_parity-b087d404a70eff21	/tmp/skv15-p1/profiles-interactive/p1c/mode3_json_probes__citm_catalog.json.gz
p1c_json_probes	citm_catalog	16	1.69	35	2069	runtime::generated_json::generated::dispatch_value	/Users/mkbabb/Programming/bbnf-lang-skv15-profile-279a60646/skinny/crates/runtime/src/grammars/json/generated.rs	45	json_parity-b087d404a70eff21	/tmp/skv15-p1/profiles-interactive/p1c/mode3_json_probes__citm_catalog.json.gz
p1c_json_probes	citm_catalog	17	1.69	35	2069	serde_json::de::from_trait::<serde_json::read::SliceRead, alloc::vec::Vec<f64>>	/Users/mkbabb/.cargo/registry/src/index.crates.io-1949cf8c6b5b557f/serde_json-1.0.149/src/de.rs	2503	json_parity-b087d404a70eff21	/tmp/skv15-p1/profiles-interactive/p1c/mode3_json_probes__citm_catalog.json.gz
p1c_json_probes	citm_catalog	18	1.64	34	2069	<sonic_rs::util::string::StringBlock<sonic_simd::bits::NeonBits>>::new	/Users/mkbabb/.cargo/registry/src/index.crates.io-1949cf8c6b5b557f/sonic-rs-0.5.8/src/util/string.rs	65	json_parity-b087d404a70eff21	/tmp/skv15-p1/profiles-interactive/p1c/mode3_json_probes__citm_catalog.json.gz
p1c_json_probes	citm_catalog	19	1.59	33	2069	runtime::generated_json::generated::parse_object_value_at_direct::<bbnf_bench::direct_struct::JsonDigestSink>	/Users/mkbabb/Programming/bbnf-lang-skv15-profile-279a60646/skinny/crates/runtime/src/grammars/json/generated.rs	832	json_parity-b087d404a70eff21	/tmp/skv15-p1/profiles-interactive/p1c/mode3_json_probes__citm_catalog.json.gz
p1c_json_probes	citm_catalog	20	1.59	33	2069	<sonic_rs::reader::Read as sonic_rs::reader::Reader>::peek	/Users/mkbabb/.cargo/registry/src/index.crates.io-1949cf8c6b5b557f/sonic-rs-0.5.8/src/reader.rs		json_parity-b087d404a70eff21	/tmp/skv15-p1/profiles-interactive/p1c/mode3_json_probes__citm_catalog.json.gz
p1c_json_probes	distinct_values	1	8.70	178	2046	core::str::validations::run_utf8_validation	/rustc/02c7f9bec0fd583160f8bcccb830216023b07bee/library/core/src/str/validations.rs	133	json_parity-b087d404a70eff21	/tmp/skv15-p1/profiles-interactive/p1c/mode3_json_probes__distinct_values.json.gz
p1c_json_probes	distinct_values	2	7.92	162	2046	sha2::sha256::soft::sha256_digest_round_x2	/Users/mkbabb/.cargo/registry/src/index.crates.io-1949cf8c6b5b557f/sha2-0.10.9/src/sha256/soft.rs	87	json_parity-b087d404a70eff21	/tmp/skv15-p1/profiles-interactive/p1c/mode3_json_probes__distinct_values.json.gz
p1c_json_probes	distinct_values	3	5.13	105	2046	<bbnf_bench::track2::json::Parser>::parse_value_at	/Users/mkbabb/Programming/bbnf-lang-skv15-profile-279a60646/skinny/crates/bbnf-bench/src/track2/json.rs	55	json_parity-b087d404a70eff21	/tmp/skv15-p1/profiles-interactive/p1c/mode3_json_probes__distinct_values.json.gz
p1c_json_probes	distinct_values	4	4.64	95	2046	bbnf_bench::real_typed_struct::mix	/Users/mkbabb/Programming/bbnf-lang-skv15-profile-279a60646/skinny/crates/bbnf-bench/src/real_typed_struct.rs	2479	json_parity-b087d404a70eff21	/tmp/skv15-p1/profiles-interactive/p1c/mode3_json_probes__distinct_values.json.gz
p1c_json_probes	distinct_values	5	4.64	95	2046	<&mut serde_json::de::Deserializer<serde_json::read::SliceRead> as serde_core::de::Deserializer>::deserialize_str::<<bbnf_bench::real_typed_struct::DecodedJsonString as serde_core::de::Deserialize>::deserialize::DecodedJsonStringVisitor>	/Users/mkbabb/.cargo/registry/src/index.crates.io-1949cf8c6b5b557f/serde_json-1.0.149/src/de.rs	1539	json_parity-b087d404a70eff21	/tmp/skv15-p1/profiles-interactive/p1c/mode3_json_probes__distinct_values.json.gz
p1c_json_probes	distinct_values	6	4.50	92	2046	<alloc::vec::Vec<u32>>::as_slice	/Users/mkbabb/.rustup/toolchains/nightly-2026-04-11-aarch64-apple-darwin/lib/rustlib/src/rust/library/alloc/src/vec/mod.rs	1840	json_parity-b087d404a70eff21	/tmp/skv15-p1/profiles-interactive/p1c/mode3_json_probes__distinct_values.json.gz
p1c_json_probes	distinct_values	7	3.67	75	2046	runtime::generated_json::view::string_body_range	/Users/mkbabb/Programming/bbnf-lang-skv15-profile-279a60646/skinny/crates/runtime/src/grammars/json/view.rs	384	json_parity-b087d404a70eff21	/tmp/skv15-p1/profiles-interactive/p1c/mode3_json_probes__distinct_values.json.gz
p1c_json_probes	distinct_values	8	3.52	72	2046	_platform_memmove			libsystem_platform.dylib	/tmp/skv15-p1/profiles-interactive/p1c/mode3_json_probes__distinct_values.json.gz
p1c_json_probes	distinct_values	9	2.49	51	2046	poll			libsystem_kernel.dylib	/tmp/skv15-p1/profiles-interactive/p1c/mode3_json_probes__distinct_values.json.gz
p1c_json_probes	distinct_values	10	2.30	47	2046	<alloc::vec::Vec<u8>>::clear	/Users/mkbabb/.rustup/toolchains/nightly-2026-04-11-aarch64-apple-darwin/lib/rustlib/src/rust/library/alloc/src/vec/mod.rs	3004	json_parity-b087d404a70eff21	/tmp/skv15-p1/profiles-interactive/p1c/mode3_json_probes__distinct_values.json.gz
p1c_json_probes	distinct_values	11	2.20	45	2046	<serde_json::read::SliceRead as serde_json::read::Read>::next	/Users/mkbabb/.cargo/registry/src/index.crates.io-1949cf8c6b5b557f/serde_json-1.0.149/src/read.rs	548	json_parity-b087d404a70eff21	/tmp/skv15-p1/profiles-interactive/p1c/mode3_json_probes__distinct_values.json.gz
p1c_json_probes	distinct_values	12	2.10	43	2046	<runtime::generated_json::value::JsonValue>::to_canonical_string	/Users/mkbabb/Programming/bbnf-lang-skv15-profile-279a60646/skinny/crates/runtime/src/grammars/json/value.rs	90	json_parity-b087d404a70eff21	/tmp/skv15-p1/profiles-interactive/p1c/mode3_json_probes__distinct_values.json.gz
p1c_json_probes	distinct_values	13	2.10	43	2046	<sonic_rs::reader::Read as sonic_rs::reader::Reader>::peek	/Users/mkbabb/.cargo/registry/src/index.crates.io-1949cf8c6b5b557f/sonic-rs-0.5.8/src/reader.rs	205	json_parity-b087d404a70eff21	/tmp/skv15-p1/profiles-interactive/p1c/mode3_json_probes__distinct_values.json.gz
p1c_json_probes	distinct_values	14	1.86	38	2046	serde_json::de::from_trait::<serde_json::read::SliceRead, alloc::vec::Vec<f64>>	/Users/mkbabb/.cargo/registry/src/index.crates.io-1949cf8c6b5b557f/serde_json-1.0.149/src/de.rs	2503	json_parity-b087d404a70eff21	/tmp/skv15-p1/profiles-interactive/p1c/mode3_json_probes__distinct_values.json.gz
p1c_json_probes	distinct_values	15	1.81	37	2046	runtime::generated_json::generated::dispatch_value	/Users/mkbabb/Programming/bbnf-lang-skv15-profile-279a60646/skinny/crates/runtime/src/grammars/json/generated.rs	46	json_parity-b087d404a70eff21	/tmp/skv15-p1/profiles-interactive/p1c/mode3_json_probes__distinct_values.json.gz
p1c_json_probes	distinct_values	16	1.81	37	2046	<serde_json::read::SliceRead>::skip_to_escape	/Users/mkbabb/.cargo/registry/src/index.crates.io-1949cf8c6b5b557f/serde_json-1.0.149/src/read.rs	434	json_parity-b087d404a70eff21	/tmp/skv15-p1/profiles-interactive/p1c/mode3_json_probes__distinct_values.json.gz
p1c_json_probes	distinct_values	17	1.61	33	2046	__open			libsystem_kernel.dylib	/tmp/skv15-p1/profiles-interactive/p1c/mode3_json_probes__distinct_values.json.gz
p1c_json_probes	distinct_values	18	1.56	32	2046	<&mut sonic_rs::serde::de::Deserializer<sonic_rs::reader::Read> as serde_core::de::Deserializer>::deserialize_any::<bbnf_bench::direct_struct::DigestVisitor>	/Users/mkbabb/.cargo/registry/src/index.crates.io-1949cf8c6b5b557f/sonic-rs-0.5.8/src/serde/de.rs	454	json_parity-b087d404a70eff21	/tmp/skv15-p1/profiles-interactive/p1c/mode3_json_probes__distinct_values.json.gz
p1c_json_probes	distinct_values	19	1.52	31	2046	core::slice::memchr::memchr	/Users/mkbabb/.rustup/toolchains/nightly-2026-04-11-aarch64-apple-darwin/lib/rustlib/src/rust/library/core/src/slice/memchr.rs	31	json_parity-b087d404a70eff21	/tmp/skv15-p1/profiles-interactive/p1c/mode3_json_probes__distinct_values.json.gz
p1c_json_probes	distinct_values	20	1.47	30	2046	<mimalloc::MiMalloc as core::alloc::global::GlobalAlloc>::alloc	/Users/mkbabb/.cargo/registry/src/index.crates.io-1949cf8c6b5b557f/mimalloc-0.1.50/src/lib.rs	51	json_parity-b087d404a70eff21	/tmp/skv15-p1/profiles-interactive/p1c/mode3_json_probes__distinct_values.json.gz
p1c_json_probes	github_events	1	9.23	187	2025	core::str::validations::run_utf8_validation	/rustc/02c7f9bec0fd583160f8bcccb830216023b07bee/library/core/src/str/validations.rs	133	json_parity-b087d404a70eff21	/tmp/skv15-p1/profiles-interactive/p1c/mode3_json_probes__github_events.json.gz
p1c_json_probes	github_events	2	8.40	170	2025	<alloc::vec::Vec<u32>>::as_slice	/Users/mkbabb/.rustup/toolchains/nightly-2026-04-11-aarch64-apple-darwin/lib/rustlib/src/rust/library/alloc/src/vec/mod.rs	1840	json_parity-b087d404a70eff21	/tmp/skv15-p1/profiles-interactive/p1c/mode3_json_probes__github_events.json.gz
p1c_json_probes	github_events	3	7.70	156	2025	sha2::sha256::soft::sha256_digest_round_x2	/Users/mkbabb/.cargo/registry/src/index.crates.io-1949cf8c6b5b557f/sha2-0.10.9/src/sha256/soft.rs		json_parity-b087d404a70eff21	/tmp/skv15-p1/profiles-interactive/p1c/mode3_json_probes__github_events.json.gz
p1c_json_probes	github_events	4	4.99	101	2025	<bbnf_bench::track2::json::Parser>::parse_value_at	/Users/mkbabb/Programming/bbnf-lang-skv15-profile-279a60646/skinny/crates/bbnf-bench/src/track2/json.rs	55	json_parity-b087d404a70eff21	/tmp/skv15-p1/profiles-interactive/p1c/mode3_json_probes__github_events.json.gz
p1c_json_probes	github_events	5	4.84	98	2025	<core::ptr::non_null::NonNull<u8> as core::cmp::PartialEq>::eq	/Users/mkbabb/.rustup/toolchains/nightly-2026-04-11-aarch64-apple-darwin/lib/rustlib/src/rust/library/core/src/ptr/non_null.rs	1717	json_parity-b087d404a70eff21	/tmp/skv15-p1/profiles-interactive/p1c/mode3_json_probes__github_events.json.gz
p1c_json_probes	github_events	6	4.69	95	2025	<&mut serde_json::de::Deserializer<serde_json::read::SliceRead> as serde_core::de::Deserializer>::deserialize_str::<<bbnf_bench::real_typed_struct::DecodedJsonString as serde_core::de::Deserialize>::deserialize::DecodedJsonStringVisitor>	/Users/mkbabb/.cargo/registry/src/index.crates.io-1949cf8c6b5b557f/serde_json-1.0.149/src/de.rs	1539	json_parity-b087d404a70eff21	/tmp/skv15-p1/profiles-interactive/p1c/mode3_json_probes__github_events.json.gz
p1c_json_probes	github_events	7	4.10	83	2025	_platform_memmove			libsystem_platform.dylib	/tmp/skv15-p1/profiles-interactive/p1c/mode3_json_probes__github_events.json.gz
p1c_json_probes	github_events	8	2.86	58	2025	<serde_json::read::SliceRead as serde_json::read::Read>::peek	/Users/mkbabb/.cargo/registry/src/index.crates.io-1949cf8c6b5b557f/serde_json-1.0.149/src/read.rs	562	json_parity-b087d404a70eff21	/tmp/skv15-p1/profiles-interactive/p1c/mode3_json_probes__github_events.json.gz
p1c_json_probes	github_events	9	2.67	54	2025	<serde_json::read::SliceRead>::skip_to_escape	/Users/mkbabb/.cargo/registry/src/index.crates.io-1949cf8c6b5b557f/serde_json-1.0.149/src/read.rs	434	json_parity-b087d404a70eff21	/tmp/skv15-p1/profiles-interactive/p1c/mode3_json_probes__github_events.json.gz
p1c_json_probes	github_events	10	2.32	47	2025	poll			libsystem_kernel.dylib	/tmp/skv15-p1/profiles-interactive/p1c/mode3_json_probes__github_events.json.gz
p1c_json_probes	github_events	11	1.88	38	2025	serde_json::de::from_trait::<serde_json::read::SliceRead, alloc::vec::Vec<f64>>	/Users/mkbabb/.cargo/registry/src/index.crates.io-1949cf8c6b5b557f/serde_json-1.0.149/src/de.rs	2503	json_parity-b087d404a70eff21	/tmp/skv15-p1/profiles-interactive/p1c/mode3_json_probes__github_events.json.gz
p1c_json_probes	github_events	12	1.78	36	2025	<serde_json::read::SliceRead as serde_json::read::Read>::next	/Users/mkbabb/.cargo/registry/src/index.crates.io-1949cf8c6b5b557f/serde_json-1.0.149/src/read.rs	548	json_parity-b087d404a70eff21	/tmp/skv15-p1/profiles-interactive/p1c/mode3_json_probes__github_events.json.gz
p1c_json_probes	github_events	13	1.73	35	2025	<runtime::generated_json::value::JsonValue>::to_canonical_string	/Users/mkbabb/Programming/bbnf-lang-skv15-profile-279a60646/skinny/crates/runtime/src/grammars/json/value.rs	90	json_parity-b087d404a70eff21	/tmp/skv15-p1/profiles-interactive/p1c/mode3_json_probes__github_events.json.gz
p1c_json_probes	github_events	14	1.68	34	2025	runtime::generated_json::generated::dispatch_value	/Users/mkbabb/Programming/bbnf-lang-skv15-profile-279a60646/skinny/crates/runtime/src/grammars/json/generated.rs	46	json_parity-b087d404a70eff21	/tmp/skv15-p1/profiles-interactive/p1c/mode3_json_probes__github_events.json.gz
p1c_json_probes	github_events	15	1.68	34	2025	<sonic_rs::reader::Read as sonic_rs::reader::Reader>::peek	/Users/mkbabb/.cargo/registry/src/index.crates.io-1949cf8c6b5b557f/sonic-rs-0.5.8/src/reader.rs	206	json_parity-b087d404a70eff21	/tmp/skv15-p1/profiles-interactive/p1c/mode3_json_probes__github_events.json.gz
p1c_json_probes	github_events	16	1.68	34	2025	<&mut sonic_rs::serde::de::Deserializer<sonic_rs::reader::Read> as serde_core::de::Deserializer>::deserialize_any::<bbnf_bench::direct_struct::DigestVisitor>	/Users/mkbabb/.cargo/registry/src/index.crates.io-1949cf8c6b5b557f/sonic-rs-0.5.8/src/serde/de.rs	454	json_parity-b087d404a70eff21	/tmp/skv15-p1/profiles-interactive/p1c/mode3_json_probes__github_events.json.gz
p1c_json_probes	github_events	17	1.53	31	2025	__open			libsystem_kernel.dylib	/tmp/skv15-p1/profiles-interactive/p1c/mode3_json_probes__github_events.json.gz
p1c_json_probes	github_events	18	1.53	31	2025	<usize>::checked_sub	/Users/mkbabb/.rustup/toolchains/nightly-2026-04-11-aarch64-apple-darwin/lib/rustlib/src/rust/library/core/src/num/uint_macros.rs	977	json_parity-b087d404a70eff21	/tmp/skv15-p1/profiles-interactive/p1c/mode3_json_probes__github_events.json.gz
p1c_json_probes	github_events	19	1.48	30	2025	<core::option::Option<&u8>>::copied	/Users/mkbabb/.rustup/toolchains/nightly-2026-04-11-aarch64-apple-darwin/lib/rustlib/src/rust/library/core/src/option.rs	2141	json_parity-b087d404a70eff21	/tmp/skv15-p1/profiles-interactive/p1c/mode3_json_probes__github_events.json.gz
p1c_json_probes	github_events	20	1.38	28	2025	runtime::generated_json::generated::parse_object_value_at_direct::<bbnf_bench::direct_struct::JsonDigestSink>	/Users/mkbabb/Programming/bbnf-lang-skv15-profile-279a60646/skinny/crates/runtime/src/grammars/json/generated.rs	832	json_parity-b087d404a70eff21	/tmp/skv15-p1/profiles-interactive/p1c/mode3_json_probes__github_events.json.gz
p1c_json_probes	gsoc-2018	1	9.98	214	2145	<alloc::vec::Vec<u32>>::as_slice	/Users/mkbabb/.rustup/toolchains/nightly-2026-04-11-aarch64-apple-darwin/lib/rustlib/src/rust/library/alloc/src/vec/mod.rs	1840	json_parity-b087d404a70eff21	/tmp/skv15-p1/profiles-interactive/p1c/mode3_json_probes__gsoc-2018.json.gz
p1c_json_probes	gsoc-2018	2	8.86	190	2145	core::str::validations::run_utf8_validation	/rustc/02c7f9bec0fd583160f8bcccb830216023b07bee/library/core/src/str/validations.rs	133	json_parity-b087d404a70eff21	/tmp/skv15-p1/profiles-interactive/p1c/mode3_json_probes__gsoc-2018.json.gz
p1c_json_probes	gsoc-2018	3	5.73	123	2145	sha2::sha256::soft::sha256_digest_round_x2	/Users/mkbabb/.cargo/registry/src/index.crates.io-1949cf8c6b5b557f/sha2-0.10.9/src/sha256/soft.rs	82	json_parity-b087d404a70eff21	/tmp/skv15-p1/profiles-interactive/p1c/mode3_json_probes__gsoc-2018.json.gz
p1c_json_probes	gsoc-2018	4	4.99	107	2145	<bbnf_bench::track2::json::Parser>::parse_value_at	/Users/mkbabb/Programming/bbnf-lang-skv15-profile-279a60646/skinny/crates/bbnf-bench/src/track2/json.rs	55	json_parity-b087d404a70eff21	/tmp/skv15-p1/profiles-interactive/p1c/mode3_json_probes__gsoc-2018.json.gz
p1c_json_probes	gsoc-2018	5	4.71	101	2145	<core::ptr::non_null::NonNull<u8> as core::cmp::PartialEq>::eq	/Users/mkbabb/.rustup/toolchains/nightly-2026-04-11-aarch64-apple-darwin/lib/rustlib/src/rust/library/core/src/ptr/non_null.rs	1717	json_parity-b087d404a70eff21	/tmp/skv15-p1/profiles-interactive/p1c/mode3_json_probes__gsoc-2018.json.gz
p1c_json_probes	gsoc-2018	6	4.38	94	2145	_platform_memmove			libsystem_platform.dylib	/tmp/skv15-p1/profiles-interactive/p1c/mode3_json_probes__gsoc-2018.json.gz
p1c_json_probes	gsoc-2018	7	4.38	94	2145	<bbnf_bench::real_typed_struct::DecodedJsonString as serde_core::de::Deserialize>::deserialize::<&mut serde_json::de::Deserializer<serde_json::read::SliceRead>>	/Users/mkbabb/Programming/bbnf-lang-skv15-profile-279a60646/skinny/crates/bbnf-bench/src/real_typed_struct.rs	812	json_parity-b087d404a70eff21	/tmp/skv15-p1/profiles-interactive/p1c/mode3_json_probes__gsoc-2018.json.gz
p1c_json_probes	gsoc-2018	8	3.31	71	2145	<core::option::Option<&u8>>::copied	/Users/mkbabb/.rustup/toolchains/nightly-2026-04-11-aarch64-apple-darwin/lib/rustlib/src/rust/library/core/src/option.rs	2141	json_parity-b087d404a70eff21	/tmp/skv15-p1/profiles-interactive/p1c/mode3_json_probes__gsoc-2018.json.gz
p1c_json_probes	gsoc-2018	9	3.08	66	2145	<serde_json::read::SliceRead>::skip_to_escape	/Users/mkbabb/.cargo/registry/src/index.crates.io-1949cf8c6b5b557f/serde_json-1.0.149/src/read.rs	432	json_parity-b087d404a70eff21	/tmp/skv15-p1/profiles-interactive/p1c/mode3_json_probes__gsoc-2018.json.gz
p1c_json_probes	gsoc-2018	10	2.56	55	2145	<serde_json::read::SliceRead as serde_json::read::Read>::next	/Users/mkbabb/.cargo/registry/src/index.crates.io-1949cf8c6b5b557f/serde_json-1.0.149/src/read.rs	548	json_parity-b087d404a70eff21	/tmp/skv15-p1/profiles-interactive/p1c/mode3_json_probes__gsoc-2018.json.gz
p1c_json_probes	gsoc-2018	11	2.42	52	2145	<runtime::generated_json::value::JsonValue>::to_canonical_string	/Users/mkbabb/Programming/bbnf-lang-skv15-profile-279a60646/skinny/crates/runtime/src/grammars/json/value.rs	90	json_parity-b087d404a70eff21	/tmp/skv15-p1/profiles-interactive/p1c/mode3_json_probes__gsoc-2018.json.gz
p1c_json_probes	gsoc-2018	12	1.96	42	2145	<usize>::checked_sub	/Users/mkbabb/.rustup/toolchains/nightly-2026-04-11-aarch64-apple-darwin/lib/rustlib/src/rust/library/core/src/num/uint_macros.rs	977	json_parity-b087d404a70eff21	/tmp/skv15-p1/profiles-interactive/p1c/mode3_json_probes__gsoc-2018.json.gz
p1c_json_probes	gsoc-2018	13	1.91	41	2145	<serde_json::de::Deserializer<serde_json::read::SliceRead>>::ignore_value	/Users/mkbabb/.cargo/registry/src/index.crates.io-1949cf8c6b5b557f/serde_json-1.0.149/src/read.rs		json_parity-b087d404a70eff21	/tmp/skv15-p1/profiles-interactive/p1c/mode3_json_probes__gsoc-2018.json.gz
p1c_json_probes	gsoc-2018	14	1.86	40	2145	poll			libsystem_kernel.dylib	/tmp/skv15-p1/profiles-interactive/p1c/mode3_json_probes__gsoc-2018.json.gz
p1c_json_probes	gsoc-2018	15	1.68	36	2145	runtime::generated_json::generated::dispatch_value	/Users/mkbabb/Programming/bbnf-lang-skv15-profile-279a60646/skinny/crates/runtime/src/grammars/json/generated.rs	45	json_parity-b087d404a70eff21	/tmp/skv15-p1/profiles-interactive/p1c/mode3_json_probes__gsoc-2018.json.gz
p1c_json_probes	gsoc-2018	16	1.59	34	2145	serde_json::ser::to_vec::<str>	/Users/mkbabb/.cargo/registry/src/index.crates.io-1949cf8c6b5b557f/serde_json-1.0.149/src/ser.rs	2213	json_parity-b087d404a70eff21	/tmp/skv15-p1/profiles-interactive/p1c/mode3_json_probes__gsoc-2018.json.gz
p1c_json_probes	gsoc-2018	17	1.54	33	2145	<&mut sonic_rs::serde::de::Deserializer<sonic_rs::reader::Read> as serde_core::de::Deserializer>::deserialize_any::<bbnf_bench::direct_struct::DigestVisitor>	/Users/mkbabb/.cargo/registry/src/index.crates.io-1949cf8c6b5b557f/sonic-rs-0.5.8/src/serde/de.rs	454	json_parity-b087d404a70eff21	/tmp/skv15-p1/profiles-interactive/p1c/mode3_json_probes__gsoc-2018.json.gz
p1c_json_probes	gsoc-2018	18	1.54	33	2145	__open			libsystem_kernel.dylib	/tmp/skv15-p1/profiles-interactive/p1c/mode3_json_probes__gsoc-2018.json.gz
p1c_json_probes	gsoc-2018	19	1.54	33	2145	serde_json::de::from_trait::<serde_json::read::SliceRead, alloc::vec::Vec<f64>>	/Users/mkbabb/.cargo/registry/src/index.crates.io-1949cf8c6b5b557f/serde_json-1.0.149/src/de.rs	2503	json_parity-b087d404a70eff21	/tmp/skv15-p1/profiles-interactive/p1c/mode3_json_probes__gsoc-2018.json.gz
p1c_json_probes	gsoc-2018	20	1.49	32	2145	runtime::generated_json::generated::parse_object_value_at_direct::<bbnf_bench::direct_struct::JsonDigestSink>	/Users/mkbabb/Programming/bbnf-lang-skv15-profile-279a60646/skinny/crates/runtime/src/grammars/json/generated.rs	832	json_parity-b087d404a70eff21	/tmp/skv15-p1/profiles-interactive/p1c/mode3_json_probes__gsoc-2018.json.gz
p1c_json_probes	instruments	1	8.71	186	2135	core::str::validations::run_utf8_validation	/rustc/02c7f9bec0fd583160f8bcccb830216023b07bee/library/core/src/str/validations.rs	133	json_parity-b087d404a70eff21	/tmp/skv15-p1/profiles-interactive/p1c/mode3_json_probes__instruments.json.gz
p1c_json_probes	instruments	2	7.87	168	2135	core::intrinsics::rotate_right::<u32>	/Users/mkbabb/.rustup/toolchains/nightly-2026-04-11-aarch64-apple-darwin/lib/rustlib/src/rust/library/core/src/intrinsics/mod.rs		json_parity-b087d404a70eff21	/tmp/skv15-p1/profiles-interactive/p1c/mode3_json_probes__instruments.json.gz
p1c_json_probes	instruments	3	5.01	107	2135	<bbnf_bench::track2::json::Parser>::parse_value_at	/Users/mkbabb/Programming/bbnf-lang-skv15-profile-279a60646/skinny/crates/bbnf-bench/src/track2/json.rs	55	json_parity-b087d404a70eff21	/tmp/skv15-p1/profiles-interactive/p1c/mode3_json_probes__instruments.json.gz
p1c_json_probes	instruments	4	4.78	102	2135	<core::ptr::non_null::NonNull<u8> as core::cmp::PartialEq>::eq	/Users/mkbabb/.rustup/toolchains/nightly-2026-04-11-aarch64-apple-darwin/lib/rustlib/src/rust/library/core/src/ptr/non_null.rs	1717	json_parity-b087d404a70eff21	/tmp/skv15-p1/profiles-interactive/p1c/mode3_json_probes__instruments.json.gz
p1c_json_probes	instruments	5	4.73	101	2135	runtime::generated_json::view::string_body_range	/Users/mkbabb/Programming/bbnf-lang-skv15-profile-279a60646/skinny/crates/runtime/src/grammars/json/view.rs	384	json_parity-b087d404a70eff21	/tmp/skv15-p1/profiles-interactive/p1c/mode3_json_probes__instruments.json.gz
p1c_json_probes	instruments	6	4.17	89	2135	<alloc::vec::Vec<u32>>::as_slice	/Users/mkbabb/.rustup/toolchains/nightly-2026-04-11-aarch64-apple-darwin/lib/rustlib/src/rust/library/alloc/src/vec/mod.rs	1840	json_parity-b087d404a70eff21	/tmp/skv15-p1/profiles-interactive/p1c/mode3_json_probes__instruments.json.gz
p1c_json_probes	instruments	7	3.98	85	2135	_platform_memmove			libsystem_platform.dylib	/tmp/skv15-p1/profiles-interactive/p1c/mode3_json_probes__instruments.json.gz
p1c_json_probes	instruments	8	3.89	83	2135	<bbnf_bench::real_typed_struct::DecodedJsonString as serde_core::de::Deserialize>::deserialize::<&mut serde_json::de::Deserializer<serde_json::read::SliceRead>>	/Users/mkbabb/Programming/bbnf-lang-skv15-profile-279a60646/skinny/crates/bbnf-bench/src/real_typed_struct.rs	812	json_parity-b087d404a70eff21	/tmp/skv15-p1/profiles-interactive/p1c/mode3_json_probes__instruments.json.gz
p1c_json_probes	instruments	9	2.39	51	2135	<serde_json::read::SliceRead>::skip_to_escape	/Users/mkbabb/.cargo/registry/src/index.crates.io-1949cf8c6b5b557f/serde_json-1.0.149/src/read.rs	434	json_parity-b087d404a70eff21	/tmp/skv15-p1/profiles-interactive/p1c/mode3_json_probes__instruments.json.gz
p1c_json_probes	instruments	10	2.34	50	2135	<alloc::vec::Vec<u8>>::clear	/Users/mkbabb/.rustup/toolchains/nightly-2026-04-11-aarch64-apple-darwin/lib/rustlib/src/rust/library/alloc/src/vec/mod.rs		json_parity-b087d404a70eff21	/tmp/skv15-p1/profiles-interactive/p1c/mode3_json_probes__instruments.json.gz
p1c_json_probes	instruments	11	2.20	47	2135	__open			libsystem_kernel.dylib	/tmp/skv15-p1/profiles-interactive/p1c/mode3_json_probes__instruments.json.gz
p1c_json_probes	instruments	12	2.15	46	2135	poll			libsystem_kernel.dylib	/tmp/skv15-p1/profiles-interactive/p1c/mode3_json_probes__instruments.json.gz
p1c_json_probes	instruments	13	2.11	45	2135	<sonic_rs::reader::Read as sonic_rs::reader::Reader>::peek	/Users/mkbabb/.cargo/registry/src/index.crates.io-1949cf8c6b5b557f/sonic-rs-0.5.8/src/reader.rs	205	json_parity-b087d404a70eff21	/tmp/skv15-p1/profiles-interactive/p1c/mode3_json_probes__instruments.json.gz
p1c_json_probes	instruments	14	2.06	44	2135	<runtime::generated_json::value::JsonValue>::to_canonical_string	/Users/mkbabb/Programming/bbnf-lang-skv15-profile-279a60646/skinny/crates/runtime/src/grammars/json/value.rs	91	json_parity-b087d404a70eff21	/tmp/skv15-p1/profiles-interactive/p1c/mode3_json_probes__instruments.json.gz
p1c_json_probes	instruments	15	1.73	37	2135	runtime::generated_json::generated::dispatch_value	/Users/mkbabb/Programming/bbnf-lang-skv15-profile-279a60646/skinny/crates/runtime/src/grammars/json/generated.rs	45	json_parity-b087d404a70eff21	/tmp/skv15-p1/profiles-interactive/p1c/mode3_json_probes__instruments.json.gz
p1c_json_probes	instruments	16	1.55	33	2135	serde_json::de::from_trait::<serde_json::read::SliceRead, alloc::vec::Vec<f64>>	/Users/mkbabb/.cargo/registry/src/index.crates.io-1949cf8c6b5b557f/serde_json-1.0.149/src/de.rs	2503	json_parity-b087d404a70eff21	/tmp/skv15-p1/profiles-interactive/p1c/mode3_json_probes__instruments.json.gz
p1c_json_probes	instruments	17	1.45	31	2135	core::ptr::copy_nonoverlapping::<u8>	/Users/mkbabb/.rustup/toolchains/nightly-2026-04-11-aarch64-apple-darwin/lib/rustlib/src/rust/library/core/src/ptr/mod.rs	552	json_parity-b087d404a70eff21	/tmp/skv15-p1/profiles-interactive/p1c/mode3_json_probes__instruments.json.gz
p1c_json_probes	instruments	18	1.41	30	2135	<core::option::Option<&u8>>::copied	/Users/mkbabb/.rustup/toolchains/nightly-2026-04-11-aarch64-apple-darwin/lib/rustlib/src/rust/library/core/src/option.rs	2141	json_parity-b087d404a70eff21	/tmp/skv15-p1/profiles-interactive/p1c/mode3_json_probes__instruments.json.gz
p1c_json_probes	instruments	19	1.36	29	2135	<runtime::generated_json::view::JsonArrayValues as core::iter::traits::iterator::Iterator>::next	/Users/mkbabb/Programming/bbnf-lang-skv15-profile-279a60646/skinny/crates/runtime/src/grammars/json/view.rs	311	json_parity-b087d404a70eff21	/tmp/skv15-p1/profiles-interactive/p1c/mode3_json_probes__instruments.json.gz
p1c_json_probes	instruments	20	1.36	29	2135	<&mut sonic_rs::serde::de::Deserializer<sonic_rs::reader::Read> as serde_core::de::Deserializer>::deserialize_any::<bbnf_bench::direct_struct::DigestVisitor>	/Users/mkbabb/.cargo/registry/src/index.crates.io-1949cf8c6b5b557f/sonic-rs-0.5.8/src/serde/de.rs	454	json_parity-b087d404a70eff21	/tmp/skv15-p1/profiles-interactive/p1c/mode3_json_probes__instruments.json.gz
p1c_json_probes	marine_ik	1	7.36	169	2296	core::str::validations::run_utf8_validation	/rustc/02c7f9bec0fd583160f8bcccb830216023b07bee/library/core/src/str/validations.rs	133	json_parity-b087d404a70eff21	/tmp/skv15-p1/profiles-interactive/p1c/mode3_json_probes__marine_ik.json.gz
p1c_json_probes	marine_ik	2	6.97	160	2296	<alloc::vec::Vec<u32>>::as_slice	/Users/mkbabb/.rustup/toolchains/nightly-2026-04-11-aarch64-apple-darwin/lib/rustlib/src/rust/library/alloc/src/vec/mod.rs	1840	json_parity-b087d404a70eff21	/tmp/skv15-p1/profiles-interactive/p1c/mode3_json_probes__marine_ik.json.gz
p1c_json_probes	marine_ik	3	6.88	158	2296	sha2::sha256::soft::compress	/Users/mkbabb/.cargo/registry/src/index.crates.io-1949cf8c6b5b557f/sha2-0.10.9/src/sha256/soft.rs		json_parity-b087d404a70eff21	/tmp/skv15-p1/profiles-interactive/p1c/mode3_json_probes__marine_ik.json.gz
p1c_json_probes	marine_ik	4	4.92	113	2296	<bbnf_bench::track2::json::Parser>::parse_value_at	/Users/mkbabb/Programming/bbnf-lang-skv15-profile-279a60646/skinny/crates/bbnf-bench/src/track2/json.rs	55	json_parity-b087d404a70eff21	/tmp/skv15-p1/profiles-interactive/p1c/mode3_json_probes__marine_ik.json.gz
p1c_json_probes	marine_ik	5	4.49	103	2296	<core::ptr::non_null::NonNull<u8> as core::cmp::PartialEq>::eq	/Users/mkbabb/.rustup/toolchains/nightly-2026-04-11-aarch64-apple-darwin/lib/rustlib/src/rust/library/core/src/ptr/non_null.rs	1717	json_parity-b087d404a70eff21	/tmp/skv15-p1/profiles-interactive/p1c/mode3_json_probes__marine_ik.json.gz
p1c_json_probes	marine_ik	6	4.27	98	2296	<&mut serde_json::de::Deserializer<serde_json::read::SliceRead> as serde_core::de::Deserializer>::deserialize_str::<<bbnf_bench::real_typed_struct::DecodedJsonString as serde_core::de::Deserialize>::deserialize::DecodedJsonStringVisitor>	/Users/mkbabb/.cargo/registry/src/index.crates.io-1949cf8c6b5b557f/serde_json-1.0.149/src/de.rs	1539	json_parity-b087d404a70eff21	/tmp/skv15-p1/profiles-interactive/p1c/mode3_json_probes__marine_ik.json.gz
p1c_json_probes	marine_ik	7	4.14	95	2296	_platform_memmove			libsystem_platform.dylib	/tmp/skv15-p1/profiles-interactive/p1c/mode3_json_probes__marine_ik.json.gz
p1c_json_probes	marine_ik	8	3.79	87	2296	runtime::generated_json::view::string_body_range	/Users/mkbabb/Programming/bbnf-lang-skv15-profile-279a60646/skinny/crates/runtime/src/grammars/json/view.rs	384	json_parity-b087d404a70eff21	/tmp/skv15-p1/profiles-interactive/p1c/mode3_json_probes__marine_ik.json.gz
p1c_json_probes	marine_ik	9	2.57	59	2296	<serde_json::read::SliceRead as serde_json::read::Read>::next	/Users/mkbabb/.cargo/registry/src/index.crates.io-1949cf8c6b5b557f/serde_json-1.0.149/src/read.rs	548	json_parity-b087d404a70eff21	/tmp/skv15-p1/profiles-interactive/p1c/mode3_json_probes__marine_ik.json.gz
p1c_json_probes	marine_ik	10	2.44	56	2296	<serde_json::read::SliceRead>::skip_to_escape	/Users/mkbabb/.cargo/registry/src/index.crates.io-1949cf8c6b5b557f/serde_json-1.0.149/src/read.rs	434	json_parity-b087d404a70eff21	/tmp/skv15-p1/profiles-interactive/p1c/mode3_json_probes__marine_ik.json.gz
p1c_json_probes	marine_ik	11	2.40	55	2296	poll			libsystem_kernel.dylib	/tmp/skv15-p1/profiles-interactive/p1c/mode3_json_probes__marine_ik.json.gz
p1c_json_probes	marine_ik	12	2.35	54	2296	<alloc::vec::Vec<u8>>::clear	/Users/mkbabb/.rustup/toolchains/nightly-2026-04-11-aarch64-apple-darwin/lib/rustlib/src/rust/library/alloc/src/vec/mod.rs		json_parity-b087d404a70eff21	/tmp/skv15-p1/profiles-interactive/p1c/mode3_json_probes__marine_ik.json.gz
p1c_json_probes	marine_ik	13	2.18	50	2296	runtime::generated_json::generated::dispatch_value	/Users/mkbabb/Programming/bbnf-lang-skv15-profile-279a60646/skinny/crates/runtime/src/grammars/json/generated.rs	45	json_parity-b087d404a70eff21	/tmp/skv15-p1/profiles-interactive/p1c/mode3_json_probes__marine_ik.json.gz
p1c_json_probes	marine_ik	14	1.96	45	2296	__open			libsystem_kernel.dylib	/tmp/skv15-p1/profiles-interactive/p1c/mode3_json_probes__marine_ik.json.gz
p1c_json_probes	marine_ik	15	1.96	45	2296	<mimalloc::MiMalloc as core::alloc::global::GlobalAlloc>::alloc	/Users/mkbabb/.cargo/registry/src/index.crates.io-1949cf8c6b5b557f/mimalloc-0.1.50/src/lib.rs	51	json_parity-b087d404a70eff21	/tmp/skv15-p1/profiles-interactive/p1c/mode3_json_probes__marine_ik.json.gz
p1c_json_probes	marine_ik	16	1.92	44	2296	<sonic_rs::reader::PinnedInput>::as_ptr	/Users/mkbabb/.cargo/registry/src/index.crates.io-1949cf8c6b5b557f/sonic-rs-0.5.8/src/reader.rs	89	json_parity-b087d404a70eff21	/tmp/skv15-p1/profiles-interactive/p1c/mode3_json_probes__marine_ik.json.gz
p1c_json_probes	marine_ik	17	1.83	42	2296	<runtime::generated_json::value::JsonValue>::to_canonical_string	/Users/mkbabb/Programming/bbnf-lang-skv15-profile-279a60646/skinny/crates/runtime/src/grammars/json/value.rs	90	json_parity-b087d404a70eff21	/tmp/skv15-p1/profiles-interactive/p1c/mode3_json_probes__marine_ik.json.gz
p1c_json_probes	marine_ik	18	1.66	38	2296	<bbnf_bench::generated_real_typed::DirectParser>::take	/Users/mkbabb/Programming/bbnf-lang-skv15-profile-279a60646/skinny/crates/bbnf-bench/src/generated_real_typed.rs	3769	json_parity-b087d404a70eff21	/tmp/skv15-p1/profiles-interactive/p1c/mode3_json_probes__marine_ik.json.gz
p1c_json_probes	marine_ik	19	1.52	35	2296	serde_json::de::from_trait::<serde_json::read::SliceRead, alloc::vec::Vec<f64>>	/Users/mkbabb/.cargo/registry/src/index.crates.io-1949cf8c6b5b557f/serde_json-1.0.149/src/de.rs	2503	json_parity-b087d404a70eff21	/tmp/skv15-p1/profiles-interactive/p1c/mode3_json_probes__marine_ik.json.gz
p1c_json_probes	marine_ik	20	1.44	33	2296	<runtime::generated_json::view::JsonArrayValues as core::iter::traits::iterator::Iterator>::next	/Users/mkbabb/Programming/bbnf-lang-skv15-profile-279a60646/skinny/crates/runtime/src/grammars/json/view.rs	311	json_parity-b087d404a70eff21	/tmp/skv15-p1/profiles-interactive/p1c/mode3_json_probes__marine_ik.json.gz
p1c_json_probes	mesh	1	8.29	184	2220	core::str::validations::run_utf8_validation	/rustc/02c7f9bec0fd583160f8bcccb830216023b07bee/library/core/src/str/validations.rs	133	json_parity-b087d404a70eff21	/tmp/skv15-p1/profiles-interactive/p1c/mode3_json_probes__mesh.json.gz
p1c_json_probes	mesh	2	6.53	145	2220	<core::ptr::non_null::NonNull<u8> as core::cmp::PartialEq>::eq	/Users/mkbabb/.rustup/toolchains/nightly-2026-04-11-aarch64-apple-darwin/lib/rustlib/src/rust/library/core/src/ptr/non_null.rs	1717	json_parity-b087d404a70eff21	/tmp/skv15-p1/profiles-interactive/p1c/mode3_json_probes__mesh.json.gz
p1c_json_probes	mesh	3	5.32	118	2220	_platform_memmove			libsystem_platform.dylib	/tmp/skv15-p1/profiles-interactive/p1c/mode3_json_probes__mesh.json.gz
p1c_json_probes	mesh	4	5.23	116	2220	<u32>::wrapping_add	/Users/mkbabb/.rustup/toolchains/nightly-2026-04-11-aarch64-apple-darwin/lib/rustlib/src/rust/library/core/src/num/uint_macros.rs		json_parity-b087d404a70eff21	/tmp/skv15-p1/profiles-interactive/p1c/mode3_json_probes__mesh.json.gz
p1c_json_probes	mesh	5	4.68	104	2220	<bbnf_bench::track2::json::Parser>::parse_value_at	/Users/mkbabb/Programming/bbnf-lang-skv15-profile-279a60646/skinny/crates/bbnf-bench/src/track2/json.rs	55	json_parity-b087d404a70eff21	/tmp/skv15-p1/profiles-interactive/p1c/mode3_json_probes__mesh.json.gz
p1c_json_probes	mesh	6	4.55	101	2220	<runtime::generated_json::value::JsonNodeKind>::at_cursor	/Users/mkbabb/Programming/bbnf-lang-skv15-profile-279a60646/skinny/crates/runtime/src/grammars/json/value.rs	29	json_parity-b087d404a70eff21	/tmp/skv15-p1/profiles-interactive/p1c/mode3_json_probes__mesh.json.gz
p1c_json_probes	mesh	7	4.50	100	2220	<serde_json::read::SliceRead as serde_json::read::Read>::peek	/Users/mkbabb/.cargo/registry/src/index.crates.io-1949cf8c6b5b557f/serde_json-1.0.149/src/read.rs		json_parity-b087d404a70eff21	/tmp/skv15-p1/profiles-interactive/p1c/mode3_json_probes__mesh.json.gz
p1c_json_probes	mesh	8	3.69	82	2220	runtime::generated_json::view::string_body_range	/Users/mkbabb/Programming/bbnf-lang-skv15-profile-279a60646/skinny/crates/runtime/src/grammars/json/view.rs	384	json_parity-b087d404a70eff21	/tmp/skv15-p1/profiles-interactive/p1c/mode3_json_probes__mesh.json.gz
p1c_json_probes	mesh	9	2.84	63	2220	<serde_json::read::SliceRead>::skip_to_escape	/Users/mkbabb/.cargo/registry/src/index.crates.io-1949cf8c6b5b557f/serde_json-1.0.149/src/read.rs	434	json_parity-b087d404a70eff21	/tmp/skv15-p1/profiles-interactive/p1c/mode3_json_probes__mesh.json.gz
p1c_json_probes	mesh	10	2.21	49	2220	<serde_json::read::SliceRead as serde_json::read::Read>::next	/Users/mkbabb/.cargo/registry/src/index.crates.io-1949cf8c6b5b557f/serde_json-1.0.149/src/read.rs	548	json_parity-b087d404a70eff21	/tmp/skv15-p1/profiles-interactive/p1c/mode3_json_probes__mesh.json.gz
p1c_json_probes	mesh	11	2.16	48	2220	<runtime::generated_json::value::JsonValue>::to_canonical_string	/Users/mkbabb/Programming/bbnf-lang-skv15-profile-279a60646/skinny/crates/runtime/src/grammars/json/value.rs	90	json_parity-b087d404a70eff21	/tmp/skv15-p1/profiles-interactive/p1c/mode3_json_probes__mesh.json.gz
p1c_json_probes	mesh	12	2.16	48	2220	<alloc::vec::Vec<u8>>::clear	/Users/mkbabb/.rustup/toolchains/nightly-2026-04-11-aarch64-apple-darwin/lib/rustlib/src/rust/library/alloc/src/vec/mod.rs		json_parity-b087d404a70eff21	/tmp/skv15-p1/profiles-interactive/p1c/mode3_json_probes__mesh.json.gz
p1c_json_probes	mesh	13	2.07	46	2220	__open			libsystem_kernel.dylib	/tmp/skv15-p1/profiles-interactive/p1c/mode3_json_probes__mesh.json.gz
p1c_json_probes	mesh	14	1.89	42	2220	<serde_json::read::SliceRead as serde_json::read::Read>::peek	/Users/mkbabb/.cargo/registry/src/index.crates.io-1949cf8c6b5b557f/serde_json-1.0.149/src/read.rs	562	json_parity-b087d404a70eff21	/tmp/skv15-p1/profiles-interactive/p1c/mode3_json_probes__mesh.json.gz
p1c_json_probes	mesh	15	1.85	41	2220	poll			libsystem_kernel.dylib	/tmp/skv15-p1/profiles-interactive/p1c/mode3_json_probes__mesh.json.gz
p1c_json_probes	mesh	16	1.80	40	2220	runtime::generated_json::generated::dispatch_value	/Users/mkbabb/Programming/bbnf-lang-skv15-profile-279a60646/skinny/crates/runtime/src/grammars/json/generated.rs	45	json_parity-b087d404a70eff21	/tmp/skv15-p1/profiles-interactive/p1c/mode3_json_probes__mesh.json.gz
p1c_json_probes	mesh	17	1.67	37	2220	serde_json::de::from_trait::<serde_json::read::SliceRead, alloc::vec::Vec<f64>>	/Users/mkbabb/.cargo/registry/src/index.crates.io-1949cf8c6b5b557f/serde_json-1.0.149/src/de.rs	2503	json_parity-b087d404a70eff21	/tmp/skv15-p1/profiles-interactive/p1c/mode3_json_probes__mesh.json.gz
p1c_json_probes	mesh	18	1.62	36	2220	<&mut sonic_rs::serde::de::Deserializer<sonic_rs::reader::Read> as serde_core::de::Deserializer>::deserialize_any::<bbnf_bench::direct_struct::DigestVisitor>	/Users/mkbabb/.cargo/registry/src/index.crates.io-1949cf8c6b5b557f/sonic-rs-0.5.8/src/serde/de.rs	454	json_parity-b087d404a70eff21	/tmp/skv15-p1/profiles-interactive/p1c/mode3_json_probes__mesh.json.gz
p1c_json_probes	mesh	19	1.58	35	2220	<sonic_rs::util::string::StringBlock<sonic_simd::bits::NeonBits>>::new	/Users/mkbabb/.cargo/registry/src/index.crates.io-1949cf8c6b5b557f/sonic-rs-0.5.8/src/util/string.rs	65	json_parity-b087d404a70eff21	/tmp/skv15-p1/profiles-interactive/p1c/mode3_json_probes__mesh.json.gz
p1c_json_probes	mesh	20	1.40	31	2220	<[u8] as core::cmp::PartialEq>::eq	/Users/mkbabb/.rustup/toolchains/nightly-2026-04-11-aarch64-apple-darwin/lib/rustlib/src/rust/library/core/src/slice/cmp.rs	22	json_parity-b087d404a70eff21	/tmp/skv15-p1/profiles-interactive/p1c/mode3_json_probes__mesh.json.gz
p1c_json_probes	numbers	1	8.32	172	2068	core::str::validations::run_utf8_validation	/rustc/02c7f9bec0fd583160f8bcccb830216023b07bee/library/core/src/str/validations.rs	133	json_parity-b087d404a70eff21	/tmp/skv15-p1/profiles-interactive/p1c/mode3_json_probes__numbers.json.gz
p1c_json_probes	numbers	2	7.45	154	2068	sha2::sha256::soft::sha256_digest_round_x2	/Users/mkbabb/.cargo/registry/src/index.crates.io-1949cf8c6b5b557f/sha2-0.10.9/src/sha256/soft.rs		json_parity-b087d404a70eff21	/tmp/skv15-p1/profiles-interactive/p1c/mode3_json_probes__numbers.json.gz
p1c_json_probes	numbers	3	4.93	102	2068	<bbnf_bench::track2::json::Parser>::parse_value_at	/Users/mkbabb/Programming/bbnf-lang-skv15-profile-279a60646/skinny/crates/bbnf-bench/src/track2/json.rs	55	json_parity-b087d404a70eff21	/tmp/skv15-p1/profiles-interactive/p1c/mode3_json_probes__numbers.json.gz
p1c_json_probes	numbers	4	4.59	95	2068	<&mut serde_json::de::Deserializer<serde_json::read::SliceRead> as serde_core::de::Deserializer>::deserialize_str::<<bbnf_bench::real_typed_struct::DecodedJsonString as serde_core::de::Deserialize>::deserialize::DecodedJsonStringVisitor>	/Users/mkbabb/.cargo/registry/src/index.crates.io-1949cf8c6b5b557f/serde_json-1.0.149/src/de.rs	1539	json_parity-b087d404a70eff21	/tmp/skv15-p1/profiles-interactive/p1c/mode3_json_probes__numbers.json.gz
p1c_json_probes	numbers	5	4.45	92	2068	<core::ptr::non_null::NonNull<u8> as core::cmp::PartialEq>::eq	/Users/mkbabb/.rustup/toolchains/nightly-2026-04-11-aarch64-apple-darwin/lib/rustlib/src/rust/library/core/src/ptr/non_null.rs	1717	json_parity-b087d404a70eff21	/tmp/skv15-p1/profiles-interactive/p1c/mode3_json_probes__numbers.json.gz
p1c_json_probes	numbers	6	4.40	91	2068	_platform_memmove			libsystem_platform.dylib	/tmp/skv15-p1/profiles-interactive/p1c/mode3_json_probes__numbers.json.gz
p1c_json_probes	numbers	7	4.16	86	2068	<alloc::vec::Vec<u32>>::as_slice	/Users/mkbabb/.rustup/toolchains/nightly-2026-04-11-aarch64-apple-darwin/lib/rustlib/src/rust/library/alloc/src/vec/mod.rs	1840	json_parity-b087d404a70eff21	/tmp/skv15-p1/profiles-interactive/p1c/mode3_json_probes__numbers.json.gz
p1c_json_probes	numbers	8	3.82	79	2068	runtime::generated_json::view::string_body_range	/Users/mkbabb/Programming/bbnf-lang-skv15-profile-279a60646/skinny/crates/runtime/src/grammars/json/view.rs	384	json_parity-b087d404a70eff21	/tmp/skv15-p1/profiles-interactive/p1c/mode3_json_probes__numbers.json.gz
p1c_json_probes	numbers	9	2.76	57	2068	poll			libsystem_kernel.dylib	/tmp/skv15-p1/profiles-interactive/p1c/mode3_json_probes__numbers.json.gz
p1c_json_probes	numbers	10	2.42	50	2068	<serde_json::read::SliceRead>::skip_to_escape	/Users/mkbabb/.cargo/registry/src/index.crates.io-1949cf8c6b5b557f/serde_json-1.0.149/src/read.rs	434	json_parity-b087d404a70eff21	/tmp/skv15-p1/profiles-interactive/p1c/mode3_json_probes__numbers.json.gz
p1c_json_probes	numbers	11	2.42	50	2068	<runtime::generated_json::value::JsonValue>::to_canonical_string	/Users/mkbabb/Programming/bbnf-lang-skv15-profile-279a60646/skinny/crates/runtime/src/grammars/json/value.rs	90	json_parity-b087d404a70eff21	/tmp/skv15-p1/profiles-interactive/p1c/mode3_json_probes__numbers.json.gz
p1c_json_probes	numbers	12	2.27	47	2068	<serde_json::read::SliceRead as serde_json::read::Read>::next	/Users/mkbabb/.cargo/registry/src/index.crates.io-1949cf8c6b5b557f/serde_json-1.0.149/src/read.rs	548	json_parity-b087d404a70eff21	/tmp/skv15-p1/profiles-interactive/p1c/mode3_json_probes__numbers.json.gz
p1c_json_probes	numbers	13	2.22	46	2068	<serde_json::de::Deserializer<serde_json::read::SliceRead>>::ignore_value	/Users/mkbabb/.cargo/registry/src/index.crates.io-1949cf8c6b5b557f/serde_json-1.0.149/src/read.rs		json_parity-b087d404a70eff21	/tmp/skv15-p1/profiles-interactive/p1c/mode3_json_probes__numbers.json.gz
p1c_json_probes	numbers	14	1.89	39	2068	serde_json::de::from_trait::<serde_json::read::SliceRead, alloc::vec::Vec<f64>>	/Users/mkbabb/.cargo/registry/src/index.crates.io-1949cf8c6b5b557f/serde_json-1.0.149/src/de.rs	2503	json_parity-b087d404a70eff21	/tmp/skv15-p1/profiles-interactive/p1c/mode3_json_probes__numbers.json.gz
p1c_json_probes	numbers	15	1.74	36	2068	runtime::generated_json::generated::dispatch_value	/Users/mkbabb/Programming/bbnf-lang-skv15-profile-279a60646/skinny/crates/runtime/src/grammars/json/generated.rs	45	json_parity-b087d404a70eff21	/tmp/skv15-p1/profiles-interactive/p1c/mode3_json_probes__numbers.json.gz
p1c_json_probes	numbers	16	1.69	35	2068	<usize>::checked_sub	/Users/mkbabb/.rustup/toolchains/nightly-2026-04-11-aarch64-apple-darwin/lib/rustlib/src/rust/library/core/src/num/uint_macros.rs	977	json_parity-b087d404a70eff21	/tmp/skv15-p1/profiles-interactive/p1c/mode3_json_probes__numbers.json.gz
p1c_json_probes	numbers	17	1.64	34	2068	<&mut sonic_rs::serde::de::Deserializer<sonic_rs::reader::Read> as serde_core::de::Deserializer>::deserialize_any::<bbnf_bench::direct_struct::DigestVisitor>	/Users/mkbabb/.cargo/registry/src/index.crates.io-1949cf8c6b5b557f/sonic-rs-0.5.8/src/serde/de.rs	454	json_parity-b087d404a70eff21	/tmp/skv15-p1/profiles-interactive/p1c/mode3_json_probes__numbers.json.gz
p1c_json_probes	numbers	18	1.60	33	2068	__open			libsystem_kernel.dylib	/tmp/skv15-p1/profiles-interactive/p1c/mode3_json_probes__numbers.json.gz
p1c_json_probes	numbers	19	1.60	33	2068	runtime::generated_json::generated::parse_object_value_at_direct::<bbnf_bench::direct_struct::JsonDigestSink>	/Users/mkbabb/Programming/bbnf-lang-skv15-profile-279a60646/skinny/crates/runtime/src/grammars/json/generated.rs	829	json_parity-b087d404a70eff21	/tmp/skv15-p1/profiles-interactive/p1c/mode3_json_probes__numbers.json.gz
p1c_json_probes	numbers	20	1.55	32	2068	<alloc::vec::Vec<u8>>::set_len	/Users/mkbabb/.rustup/toolchains/nightly-2026-04-11-aarch64-apple-darwin/lib/rustlib/src/rust/library/alloc/src/vec/mod.rs	2194	json_parity-b087d404a70eff21	/tmp/skv15-p1/profiles-interactive/p1c/mode3_json_probes__numbers.json.gz
p1c_json_probes	random	1	9.49	203	2140	core::str::validations::run_utf8_validation	/rustc/02c7f9bec0fd583160f8bcccb830216023b07bee/library/core/src/str/validations.rs	133	json_parity-b087d404a70eff21	/tmp/skv15-p1/profiles-interactive/p1c/mode3_json_probes__random.json.gz
p1c_json_probes	random	2	5.56	119	2140	<alloc::vec::Vec<u32>>::as_slice	/Users/mkbabb/.rustup/toolchains/nightly-2026-04-11-aarch64-apple-darwin/lib/rustlib/src/rust/library/alloc/src/vec/mod.rs	1840	json_parity-b087d404a70eff21	/tmp/skv15-p1/profiles-interactive/p1c/mode3_json_probes__random.json.gz
p1c_json_probes	random	3	5.47	117	2140	<u32>::wrapping_add	/Users/mkbabb/.rustup/toolchains/nightly-2026-04-11-aarch64-apple-darwin/lib/rustlib/src/rust/library/core/src/num/uint_macros.rs	2511	json_parity-b087d404a70eff21	/tmp/skv15-p1/profiles-interactive/p1c/mode3_json_probes__random.json.gz
p1c_json_probes	random	4	5.28	113	2140	<bbnf_bench::track2::json::Parser>::parse_value_at	/Users/mkbabb/Programming/bbnf-lang-skv15-profile-279a60646/skinny/crates/bbnf-bench/src/track2/json.rs	55	json_parity-b087d404a70eff21	/tmp/skv15-p1/profiles-interactive/p1c/mode3_json_probes__random.json.gz
p1c_json_probes	random	5	4.91	105	2140	<core::ptr::non_null::NonNull<u8> as core::cmp::PartialEq>::eq	/Users/mkbabb/.rustup/toolchains/nightly-2026-04-11-aarch64-apple-darwin/lib/rustlib/src/rust/library/core/src/ptr/non_null.rs	1717	json_parity-b087d404a70eff21	/tmp/skv15-p1/profiles-interactive/p1c/mode3_json_probes__random.json.gz
p1c_json_probes	random	6	4.53	97	2140	runtime::generated_json::view::string_body_range	/Users/mkbabb/Programming/bbnf-lang-skv15-profile-279a60646/skinny/crates/runtime/src/grammars/json/view.rs	384	json_parity-b087d404a70eff21	/tmp/skv15-p1/profiles-interactive/p1c/mode3_json_probes__random.json.gz
p1c_json_probes	random	7	4.30	92	2140	<&mut serde_json::de::Deserializer<serde_json::read::SliceRead> as serde_core::de::Deserializer>::deserialize_str::<<bbnf_bench::real_typed_struct::DecodedJsonString as serde_core::de::Deserialize>::deserialize::DecodedJsonStringVisitor>	/Users/mkbabb/.cargo/registry/src/index.crates.io-1949cf8c6b5b557f/serde_json-1.0.149/src/de.rs	1539	json_parity-b087d404a70eff21	/tmp/skv15-p1/profiles-interactive/p1c/mode3_json_probes__random.json.gz
p1c_json_probes	random	8	4.16	89	2140	_platform_memmove			libsystem_platform.dylib	/tmp/skv15-p1/profiles-interactive/p1c/mode3_json_probes__random.json.gz
p1c_json_probes	random	9	2.99	64	2140	<serde_json::read::SliceRead as serde_json::read::Read>::next	/Users/mkbabb/.cargo/registry/src/index.crates.io-1949cf8c6b5b557f/serde_json-1.0.149/src/read.rs	548	json_parity-b087d404a70eff21	/tmp/skv15-p1/profiles-interactive/p1c/mode3_json_probes__random.json.gz
p1c_json_probes	random	10	2.62	56	2140	<serde_json::read::SliceRead>::skip_to_escape	/Users/mkbabb/.cargo/registry/src/index.crates.io-1949cf8c6b5b557f/serde_json-1.0.149/src/read.rs	434	json_parity-b087d404a70eff21	/tmp/skv15-p1/profiles-interactive/p1c/mode3_json_probes__random.json.gz
p1c_json_probes	random	11	2.52	54	2140	<sonic_rs::reader::Read as sonic_rs::reader::Reader>::peek	/Users/mkbabb/.cargo/registry/src/index.crates.io-1949cf8c6b5b557f/sonic-rs-0.5.8/src/reader.rs	205	json_parity-b087d404a70eff21	/tmp/skv15-p1/profiles-interactive/p1c/mode3_json_probes__random.json.gz
p1c_json_probes	random	12	2.20	47	2140	<serde_json::read::SliceRead as serde_json::read::Read>::peek	/Users/mkbabb/.cargo/registry/src/index.crates.io-1949cf8c6b5b557f/serde_json-1.0.149/src/read.rs	562	json_parity-b087d404a70eff21	/tmp/skv15-p1/profiles-interactive/p1c/mode3_json_probes__random.json.gz
p1c_json_probes	random	13	2.20	47	2140	<runtime::generated_json::value::JsonValue>::to_canonical_string	/Users/mkbabb/Programming/bbnf-lang-skv15-profile-279a60646/skinny/crates/runtime/src/grammars/json/value.rs	91	json_parity-b087d404a70eff21	/tmp/skv15-p1/profiles-interactive/p1c/mode3_json_probes__random.json.gz
p1c_json_probes	random	14	2.01	43	2140	<sonic_rs::reader::PinnedInput>::as_ptr	/Users/mkbabb/.cargo/registry/src/index.crates.io-1949cf8c6b5b557f/sonic-rs-0.5.8/src/reader.rs	89	json_parity-b087d404a70eff21	/tmp/skv15-p1/profiles-interactive/p1c/mode3_json_probes__random.json.gz
p1c_json_probes	random	15	1.92	41	2140	__open			libsystem_kernel.dylib	/tmp/skv15-p1/profiles-interactive/p1c/mode3_json_probes__random.json.gz
p1c_json_probes	random	16	1.92	41	2140	poll			libsystem_kernel.dylib	/tmp/skv15-p1/profiles-interactive/p1c/mode3_json_probes__random.json.gz
p1c_json_probes	random	17	1.82	39	2140	runtime::generated_json::generated::dispatch_value	/Users/mkbabb/Programming/bbnf-lang-skv15-profile-279a60646/skinny/crates/runtime/src/grammars/json/generated.rs	46	json_parity-b087d404a70eff21	/tmp/skv15-p1/profiles-interactive/p1c/mode3_json_probes__random.json.gz
p1c_json_probes	random	18	1.64	35	2140	<mimalloc::MiMalloc as core::alloc::global::GlobalAlloc>::alloc	/Users/mkbabb/.cargo/registry/src/index.crates.io-1949cf8c6b5b557f/mimalloc-0.1.50/src/lib.rs	51	json_parity-b087d404a70eff21	/tmp/skv15-p1/profiles-interactive/p1c/mode3_json_probes__random.json.gz
p1c_json_probes	random	19	1.59	34	2140	serde_json::de::from_trait::<serde_json::read::SliceRead, alloc::vec::Vec<f64>>	/Users/mkbabb/.cargo/registry/src/index.crates.io-1949cf8c6b5b557f/serde_json-1.0.149/src/de.rs	2503	json_parity-b087d404a70eff21	/tmp/skv15-p1/profiles-interactive/p1c/mode3_json_probes__random.json.gz
p1c_json_probes	random	20	1.59	34	2140	<sonic_rs::util::string::StringBlock<sonic_simd::bits::NeonBits>>::new	/Users/mkbabb/.cargo/registry/src/index.crates.io-1949cf8c6b5b557f/sonic-rs-0.5.8/src/util/string.rs	65	json_parity-b087d404a70eff21	/tmp/skv15-p1/profiles-interactive/p1c/mode3_json_probes__random.json.gz
p1c_json_probes	twitter	1	8.67	179	2064	core::str::validations::run_utf8_validation	/rustc/02c7f9bec0fd583160f8bcccb830216023b07bee/library/core/src/str/validations.rs	133	json_parity-b087d404a70eff21	/tmp/skv15-p1/profiles-interactive/p1c/mode3_json_probes__twitter.json.gz
p1c_json_probes	twitter	2	6.49	134	2064	sha2::sha256::compress256	/Users/mkbabb/.cargo/registry/src/index.crates.io-1949cf8c6b5b557f/sha2-0.10.9/src/sha256.rs	37	json_parity-b087d404a70eff21	/tmp/skv15-p1/profiles-interactive/p1c/mode3_json_probes__twitter.json.gz
p1c_json_probes	twitter	3	4.99	103	2064	<u64>::wrapping_add	/Users/mkbabb/.rustup/toolchains/nightly-2026-04-11-aarch64-apple-darwin/lib/rustlib/src/rust/library/core/src/num/uint_macros.rs	2511	json_parity-b087d404a70eff21	/tmp/skv15-p1/profiles-interactive/p1c/mode3_json_probes__twitter.json.gz
p1c_json_probes	twitter	4	4.84	100	2064	<alloc::vec::Vec<u32>>::as_slice	/Users/mkbabb/.rustup/toolchains/nightly-2026-04-11-aarch64-apple-darwin/lib/rustlib/src/rust/library/alloc/src/vec/mod.rs	1840	json_parity-b087d404a70eff21	/tmp/skv15-p1/profiles-interactive/p1c/mode3_json_probes__twitter.json.gz
p1c_json_probes	twitter	5	4.65	96	2064	<bbnf_bench::track2::json::Parser>::parse_value_at	/Users/mkbabb/Programming/bbnf-lang-skv15-profile-279a60646/skinny/crates/bbnf-bench/src/track2/json.rs	55	json_parity-b087d404a70eff21	/tmp/skv15-p1/profiles-interactive/p1c/mode3_json_probes__twitter.json.gz
p1c_json_probes	twitter	6	4.36	90	2064	<serde_json::read::SliceRead as serde_json::read::Read>::peek	/Users/mkbabb/.cargo/registry/src/index.crates.io-1949cf8c6b5b557f/serde_json-1.0.149/src/read.rs	562	json_parity-b087d404a70eff21	/tmp/skv15-p1/profiles-interactive/p1c/mode3_json_probes__twitter.json.gz
p1c_json_probes	twitter	7	3.68	76	2064	runtime::generated_json::view::string_body_range	/Users/mkbabb/Programming/bbnf-lang-skv15-profile-279a60646/skinny/crates/runtime/src/grammars/json/view.rs	384	json_parity-b087d404a70eff21	/tmp/skv15-p1/profiles-interactive/p1c/mode3_json_probes__twitter.json.gz
p1c_json_probes	twitter	8	3.49	72	2064	_platform_memmove			libsystem_platform.dylib	/tmp/skv15-p1/profiles-interactive/p1c/mode3_json_probes__twitter.json.gz
p1c_json_probes	twitter	9	3.00	62	2064	parse_that_regex::skip_ascii_whitespace	/Users/mkbabb/Programming/bbnf-lang-skv15-profile-279a60646/skinny/crates/parse-that-regex/src/lib.rs	121	json_parity-b087d404a70eff21	/tmp/skv15-p1/profiles-interactive/p1c/mode3_json_probes__twitter.json.gz
p1c_json_probes	twitter	10	2.76	57	2064	<serde_json::read::SliceRead>::skip_to_escape	/Users/mkbabb/.cargo/registry/src/index.crates.io-1949cf8c6b5b557f/serde_json-1.0.149/src/read.rs	434	json_parity-b087d404a70eff21	/tmp/skv15-p1/profiles-interactive/p1c/mode3_json_probes__twitter.json.gz
p1c_json_probes	twitter	11	2.18	45	2064	<alloc::vec::Vec<u8>>::clear	/Users/mkbabb/.rustup/toolchains/nightly-2026-04-11-aarch64-apple-darwin/lib/rustlib/src/rust/library/alloc/src/vec/mod.rs		json_parity-b087d404a70eff21	/tmp/skv15-p1/profiles-interactive/p1c/mode3_json_probes__twitter.json.gz
p1c_json_probes	twitter	12	2.08	43	2064	poll			libsystem_kernel.dylib	/tmp/skv15-p1/profiles-interactive/p1c/mode3_json_probes__twitter.json.gz
p1c_json_probes	twitter	13	1.89	39	2064	<serde_json::read::SliceRead as serde_json::read::Read>::next	/Users/mkbabb/.cargo/registry/src/index.crates.io-1949cf8c6b5b557f/serde_json-1.0.149/src/read.rs	550	json_parity-b087d404a70eff21	/tmp/skv15-p1/profiles-interactive/p1c/mode3_json_probes__twitter.json.gz
p1c_json_probes	twitter	14	1.89	39	2064	<sonic_rs::parser::Parser<sonic_rs::reader::Read>>::skip_space	/Users/mkbabb/.cargo/registry/src/index.crates.io-1949cf8c6b5b557f/sonic-rs-0.5.8/src/parser.rs	1214	json_parity-b087d404a70eff21	/tmp/skv15-p1/profiles-interactive/p1c/mode3_json_probes__twitter.json.gz
p1c_json_probes	twitter	15	1.89	39	2064	<serde_json::read::SliceRead as serde_json::read::Read>::next	/Users/mkbabb/.cargo/registry/src/index.crates.io-1949cf8c6b5b557f/serde_json-1.0.149/src/read.rs	548	json_parity-b087d404a70eff21	/tmp/skv15-p1/profiles-interactive/p1c/mode3_json_probes__twitter.json.gz
p1c_json_probes	twitter	16	1.84	38	2064	serde_json::de::from_trait::<serde_json::read::SliceRead, alloc::vec::Vec<f64>>	/Users/mkbabb/.cargo/registry/src/index.crates.io-1949cf8c6b5b557f/serde_json-1.0.149/src/de.rs	2503	json_parity-b087d404a70eff21	/tmp/skv15-p1/profiles-interactive/p1c/mode3_json_probes__twitter.json.gz
p1c_json_probes	twitter	17	1.79	37	2064	__open			libsystem_kernel.dylib	/tmp/skv15-p1/profiles-interactive/p1c/mode3_json_probes__twitter.json.gz
p1c_json_probes	twitter	18	1.74	36	2064	<runtime::generated_json::value::JsonValue>::to_canonical_string	/Users/mkbabb/Programming/bbnf-lang-skv15-profile-279a60646/skinny/crates/runtime/src/grammars/json/value.rs	90	json_parity-b087d404a70eff21	/tmp/skv15-p1/profiles-interactive/p1c/mode3_json_probes__twitter.json.gz
p1c_json_probes	twitter	19	1.70	35	2064	mkdir			libsystem_kernel.dylib	/tmp/skv15-p1/profiles-interactive/p1c/mode3_json_probes__twitter.json.gz
p1c_json_probes	twitter	20	1.70	35	2064	<usize>::checked_sub	/Users/mkbabb/.rustup/toolchains/nightly-2026-04-11-aarch64-apple-darwin/lib/rustlib/src/rust/library/core/src/num/uint_macros.rs	977	json_parity-b087d404a70eff21	/tmp/skv15-p1/profiles-interactive/p1c/mode3_json_probes__twitter.json.gz
p1c_json_probes	unicode_basic	1	9.42	195	2071	core::str::validations::run_utf8_validation	/rustc/02c7f9bec0fd583160f8bcccb830216023b07bee/library/core/src/str/validations.rs	133	json_parity-b087d404a70eff21	/tmp/skv15-p1/profiles-interactive/p1c/mode3_json_probes__unicode_basic.json.gz
p1c_json_probes	unicode_basic	2	7.87	163	2071	sha2::sha256::soft::sha256_digest_round_x2	/Users/mkbabb/.cargo/registry/src/index.crates.io-1949cf8c6b5b557f/sha2-0.10.9/src/sha256/soft.rs	87	json_parity-b087d404a70eff21	/tmp/skv15-p1/profiles-interactive/p1c/mode3_json_probes__unicode_basic.json.gz
p1c_json_probes	unicode_basic	3	6.57	136	2071	<serde_json::read::SliceRead as serde_json::read::Read>::peek	/Users/mkbabb/.cargo/registry/src/index.crates.io-1949cf8c6b5b557f/serde_json-1.0.149/src/read.rs	562	json_parity-b087d404a70eff21	/tmp/skv15-p1/profiles-interactive/p1c/mode3_json_probes__unicode_basic.json.gz
p1c_json_probes	unicode_basic	4	4.88	101	2071	<core::ptr::non_null::NonNull<u8> as core::cmp::PartialEq>::eq	/Users/mkbabb/.rustup/toolchains/nightly-2026-04-11-aarch64-apple-darwin/lib/rustlib/src/rust/library/core/src/ptr/non_null.rs	1717	json_parity-b087d404a70eff21	/tmp/skv15-p1/profiles-interactive/p1c/mode3_json_probes__unicode_basic.json.gz
p1c_json_probes	unicode_basic	5	4.49	93	2071	<bbnf_bench::track2::json::Parser>::parse_value_at	/Users/mkbabb/Programming/bbnf-lang-skv15-profile-279a60646/skinny/crates/bbnf-bench/src/track2/json.rs	55	json_parity-b087d404a70eff21	/tmp/skv15-p1/profiles-interactive/p1c/mode3_json_probes__unicode_basic.json.gz
p1c_json_probes	unicode_basic	6	4.49	93	2071	<alloc::vec::Vec<u32>>::as_slice	/Users/mkbabb/.rustup/toolchains/nightly-2026-04-11-aarch64-apple-darwin/lib/rustlib/src/rust/library/alloc/src/vec/mod.rs	1840	json_parity-b087d404a70eff21	/tmp/skv15-p1/profiles-interactive/p1c/mode3_json_probes__unicode_basic.json.gz
p1c_json_probes	unicode_basic	7	4.01	83	2071	_platform_memmove			libsystem_platform.dylib	/tmp/skv15-p1/profiles-interactive/p1c/mode3_json_probes__unicode_basic.json.gz
p1c_json_probes	unicode_basic	8	3.86	80	2071	runtime::generated_json::view::string_body_range	/Users/mkbabb/Programming/bbnf-lang-skv15-profile-279a60646/skinny/crates/runtime/src/grammars/json/view.rs	384	json_parity-b087d404a70eff21	/tmp/skv15-p1/profiles-interactive/p1c/mode3_json_probes__unicode_basic.json.gz
p1c_json_probes	unicode_basic	9	2.66	55	2071	<serde_json::read::SliceRead>::skip_to_escape	/Users/mkbabb/.cargo/registry/src/index.crates.io-1949cf8c6b5b557f/serde_json-1.0.149/src/read.rs	434	json_parity-b087d404a70eff21	/tmp/skv15-p1/profiles-interactive/p1c/mode3_json_probes__unicode_basic.json.gz
p1c_json_probes	unicode_basic	10	2.37	49	2071	poll			libsystem_kernel.dylib	/tmp/skv15-p1/profiles-interactive/p1c/mode3_json_probes__unicode_basic.json.gz
p1c_json_probes	unicode_basic	11	1.98	41	2071	<mimalloc::MiMalloc as core::alloc::global::GlobalAlloc>::alloc	/Users/mkbabb/.cargo/registry/src/index.crates.io-1949cf8c6b5b557f/mimalloc-0.1.50/src/lib.rs	51	json_parity-b087d404a70eff21	/tmp/skv15-p1/profiles-interactive/p1c/mode3_json_probes__unicode_basic.json.gz
p1c_json_probes	unicode_basic	12	1.74	36	2071	parse_that_regex::skip_ascii_whitespace	/Users/mkbabb/Programming/bbnf-lang-skv15-profile-279a60646/skinny/crates/parse-that-regex/src/lib.rs	121	json_parity-b087d404a70eff21	/tmp/skv15-p1/profiles-interactive/p1c/mode3_json_probes__unicode_basic.json.gz
p1c_json_probes	unicode_basic	13	1.69	35	2071	__open			libsystem_kernel.dylib	/tmp/skv15-p1/profiles-interactive/p1c/mode3_json_probes__unicode_basic.json.gz
p1c_json_probes	unicode_basic	14	1.69	35	2071	runtime::generated_json::generated::dispatch_value	/Users/mkbabb/Programming/bbnf-lang-skv15-profile-279a60646/skinny/crates/runtime/src/grammars/json/generated.rs	45	json_parity-b087d404a70eff21	/tmp/skv15-p1/profiles-interactive/p1c/mode3_json_probes__unicode_basic.json.gz
p1c_json_probes	unicode_basic	15	1.64	34	2071	<runtime::generated_json::value::JsonValue>::to_canonical_string	/Users/mkbabb/Programming/bbnf-lang-skv15-profile-279a60646/skinny/crates/runtime/src/grammars/json/value.rs	90	json_parity-b087d404a70eff21	/tmp/skv15-p1/profiles-interactive/p1c/mode3_json_probes__unicode_basic.json.gz
p1c_json_probes	unicode_basic	16	1.64	34	2071	<sonic_rs::reader::Read as sonic_rs::reader::Reader>::peek	/Users/mkbabb/.cargo/registry/src/index.crates.io-1949cf8c6b5b557f/sonic-rs-0.5.8/src/reader.rs	205	json_parity-b087d404a70eff21	/tmp/skv15-p1/profiles-interactive/p1c/mode3_json_probes__unicode_basic.json.gz
p1c_json_probes	unicode_basic	17	1.64	34	2071	serde_json::de::from_trait::<serde_json::read::SliceRead, alloc::vec::Vec<f64>>	/Users/mkbabb/.cargo/registry/src/index.crates.io-1949cf8c6b5b557f/serde_json-1.0.149/src/de.rs	2503	json_parity-b087d404a70eff21	/tmp/skv15-p1/profiles-interactive/p1c/mode3_json_probes__unicode_basic.json.gz
p1c_json_probes	unicode_basic	18	1.64	34	2071	<sonic_rs::parser::Parser<sonic_rs::reader::Read>>::parse_string_raw	/Users/mkbabb/.cargo/registry/src/index.crates.io-1949cf8c6b5b557f/sonic-rs-0.5.8/src/parser.rs		json_parity-b087d404a70eff21	/tmp/skv15-p1/profiles-interactive/p1c/mode3_json_probes__unicode_basic.json.gz
p1c_json_probes	unicode_basic	19	1.59	33	2071	<runtime::generated_json::view::JsonArrayValues as core::iter::traits::iterator::Iterator>::next	/Users/mkbabb/Programming/bbnf-lang-skv15-profile-279a60646/skinny/crates/runtime/src/grammars/json/view.rs	311	json_parity-b087d404a70eff21	/tmp/skv15-p1/profiles-interactive/p1c/mode3_json_probes__unicode_basic.json.gz
p1c_json_probes	unicode_basic	20	1.50	31	2071	core::ptr::write::<bbnf_bench::direct_struct::DigestFrame>	/Users/mkbabb/.rustup/toolchains/nightly-2026-04-11-aarch64-apple-darwin/lib/rustlib/src/rust/library/core/src/ptr/mod.rs	1921	json_parity-b087d404a70eff21	/tmp/skv15-p1/profiles-interactive/p1c/mode3_json_probes__unicode_basic.json.gz
p1c_json_probes	unicode_escapes	1	8.90	185	2078	<alloc::vec::Vec<u32>>::as_slice	/Users/mkbabb/.rustup/toolchains/nightly-2026-04-11-aarch64-apple-darwin/lib/rustlib/src/rust/library/alloc/src/vec/mod.rs	1840	json_parity-b087d404a70eff21	/tmp/skv15-p1/profiles-interactive/p1c/mode3_json_probes__unicode_escapes.json.gz
p1c_json_probes	unicode_escapes	2	8.28	172	2078	core::str::validations::run_utf8_validation	/rustc/02c7f9bec0fd583160f8bcccb830216023b07bee/library/core/src/str/validations.rs	133	json_parity-b087d404a70eff21	/tmp/skv15-p1/profiles-interactive/p1c/mode3_json_probes__unicode_escapes.json.gz
p1c_json_probes	unicode_escapes	3	7.84	163	2078	<u32>::wrapping_add	/Users/mkbabb/.rustup/toolchains/nightly-2026-04-11-aarch64-apple-darwin/lib/rustlib/src/rust/library/core/src/num/uint_macros.rs		json_parity-b087d404a70eff21	/tmp/skv15-p1/profiles-interactive/p1c/mode3_json_probes__unicode_escapes.json.gz
p1c_json_probes	unicode_escapes	4	5.05	105	2078	<core::ptr::non_null::NonNull<u8> as core::cmp::PartialEq>::eq	/Users/mkbabb/.rustup/toolchains/nightly-2026-04-11-aarch64-apple-darwin/lib/rustlib/src/rust/library/core/src/ptr/non_null.rs	1717	json_parity-b087d404a70eff21	/tmp/skv15-p1/profiles-interactive/p1c/mode3_json_probes__unicode_escapes.json.gz
p1c_json_probes	unicode_escapes	5	4.96	103	2078	<bbnf_bench::track2::json::Parser>::parse_value_at	/Users/mkbabb/Programming/bbnf-lang-skv15-profile-279a60646/skinny/crates/bbnf-bench/src/track2/json.rs	55	json_parity-b087d404a70eff21	/tmp/skv15-p1/profiles-interactive/p1c/mode3_json_probes__unicode_escapes.json.gz
p1c_json_probes	unicode_escapes	6	4.38	91	2078	<serde_json::de::Deserializer<serde_json::read::SliceRead>>::parse_whitespace	/Users/mkbabb/.cargo/registry/src/index.crates.io-1949cf8c6b5b557f/serde_json-1.0.149/src/lib.rs	412	json_parity-b087d404a70eff21	/tmp/skv15-p1/profiles-interactive/p1c/mode3_json_probes__unicode_escapes.json.gz
p1c_json_probes	unicode_escapes	7	4.33	90	2078	_platform_memmove			libsystem_platform.dylib	/tmp/skv15-p1/profiles-interactive/p1c/mode3_json_probes__unicode_escapes.json.gz
p1c_json_probes	unicode_escapes	8	4.23	88	2078	parse_that_regex::skip_ascii_whitespace	/Users/mkbabb/Programming/bbnf-lang-skv15-profile-279a60646/skinny/crates/parse-that-regex/src/lib.rs	121	json_parity-b087d404a70eff21	/tmp/skv15-p1/profiles-interactive/p1c/mode3_json_probes__unicode_escapes.json.gz
p1c_json_probes	unicode_escapes	9	2.65	55	2078	poll			libsystem_kernel.dylib	/tmp/skv15-p1/profiles-interactive/p1c/mode3_json_probes__unicode_escapes.json.gz
p1c_json_probes	unicode_escapes	10	2.65	55	2078	<serde_json::read::SliceRead>::skip_to_escape	/Users/mkbabb/.cargo/registry/src/index.crates.io-1949cf8c6b5b557f/serde_json-1.0.149/src/read.rs	434	json_parity-b087d404a70eff21	/tmp/skv15-p1/profiles-interactive/p1c/mode3_json_probes__unicode_escapes.json.gz
p1c_json_probes	unicode_escapes	11	2.17	45	2078	<runtime::generated_json::value::JsonValue>::to_canonical_string	/Users/mkbabb/Programming/bbnf-lang-skv15-profile-279a60646/skinny/crates/runtime/src/grammars/json/value.rs	90	json_parity-b087d404a70eff21	/tmp/skv15-p1/profiles-interactive/p1c/mode3_json_probes__unicode_escapes.json.gz
p1c_json_probes	unicode_escapes	12	2.17	45	2078	<sonic_rs::reader::Read as sonic_rs::reader::Reader>::peek	/Users/mkbabb/.cargo/registry/src/index.crates.io-1949cf8c6b5b557f/sonic-rs-0.5.8/src/reader.rs	205	json_parity-b087d404a70eff21	/tmp/skv15-p1/profiles-interactive/p1c/mode3_json_probes__unicode_escapes.json.gz
p1c_json_probes	unicode_escapes	13	2.12	44	2078	<serde_json::de::Deserializer<serde_json::read::SliceRead>>::ignore_value	/Users/mkbabb/.cargo/registry/src/index.crates.io-1949cf8c6b5b557f/serde_json-1.0.149/src/de.rs	1102	json_parity-b087d404a70eff21	/tmp/skv15-p1/profiles-interactive/p1c/mode3_json_probes__unicode_escapes.json.gz
p1c_json_probes	unicode_escapes	14	1.73	36	2078	<serde_json::read::SliceRead as serde_json::read::Read>::next	/Users/mkbabb/.cargo/registry/src/index.crates.io-1949cf8c6b5b557f/serde_json-1.0.149/src/read.rs	548	json_parity-b087d404a70eff21	/tmp/skv15-p1/profiles-interactive/p1c/mode3_json_probes__unicode_escapes.json.gz
p1c_json_probes	unicode_escapes	15	1.68	35	2078	<sonic_rs::reader::Read as sonic_rs::reader::Reader>::eat	/Users/mkbabb/.cargo/registry/src/index.crates.io-1949cf8c6b5b557f/sonic-rs-0.5.8/src/reader.rs	246	json_parity-b087d404a70eff21	/tmp/skv15-p1/profiles-interactive/p1c/mode3_json_probes__unicode_escapes.json.gz
p1c_json_probes	unicode_escapes	16	1.64	34	2078	runtime::generated_json::generated::dispatch_value	/Users/mkbabb/Programming/bbnf-lang-skv15-profile-279a60646/skinny/crates/runtime/src/grammars/json/generated.rs	45	json_parity-b087d404a70eff21	/tmp/skv15-p1/profiles-interactive/p1c/mode3_json_probes__unicode_escapes.json.gz
p1c_json_probes	unicode_escapes	17	1.59	33	2078	__open			libsystem_kernel.dylib	/tmp/skv15-p1/profiles-interactive/p1c/mode3_json_probes__unicode_escapes.json.gz
p1c_json_probes	unicode_escapes	18	1.59	33	2078	serde_json::de::from_trait::<serde_json::read::SliceRead, alloc::vec::Vec<f64>>	/Users/mkbabb/.cargo/registry/src/index.crates.io-1949cf8c6b5b557f/serde_json-1.0.149/src/de.rs	2503	json_parity-b087d404a70eff21	/tmp/skv15-p1/profiles-interactive/p1c/mode3_json_probes__unicode_escapes.json.gz
p1c_json_probes	unicode_escapes	19	1.44	30	2078	bbnf_bench::generated_real_typed::string_enum_mix	/Users/mkbabb/Programming/bbnf-lang-skv15-profile-279a60646/skinny/crates/bbnf-bench/src/generated_real_typed.rs		json_parity-b087d404a70eff21	/tmp/skv15-p1/profiles-interactive/p1c/mode3_json_probes__unicode_escapes.json.gz
p1c_json_probes	unicode_escapes	20	1.40	29	2078	<sonic_rs::parser::Parser<sonic_rs::reader::Read>>::skip_space	/Users/mkbabb/.cargo/registry/src/index.crates.io-1949cf8c6b5b557f/sonic-rs-0.5.8/src/parser.rs	1214	json_parity-b087d404a70eff21	/tmp/skv15-p1/profiles-interactive/p1c/mode3_json_probes__unicode_escapes.json.gz
p1c_json_probes	unicode_mixed	1	8.36	175	2093	core::str::validations::run_utf8_validation	/rustc/02c7f9bec0fd583160f8bcccb830216023b07bee/library/core/src/str/validations.rs	133	json_parity-b087d404a70eff21	/tmp/skv15-p1/profiles-interactive/p1c/mode3_json_probes__unicode_mixed.json.gz
p1c_json_probes	unicode_mixed	2	7.74	162	2093	sha2::sha256::soft::sha256_digest_round_x2	/Users/mkbabb/.cargo/registry/src/index.crates.io-1949cf8c6b5b557f/sha2-0.10.9/src/sha256/soft.rs		json_parity-b087d404a70eff21	/tmp/skv15-p1/profiles-interactive/p1c/mode3_json_probes__unicode_mixed.json.gz
p1c_json_probes	unicode_mixed	3	5.02	105	2093	<alloc::vec::Vec<u32>>::as_slice	/Users/mkbabb/.rustup/toolchains/nightly-2026-04-11-aarch64-apple-darwin/lib/rustlib/src/rust/library/alloc/src/vec/mod.rs	1840	json_parity-b087d404a70eff21	/tmp/skv15-p1/profiles-interactive/p1c/mode3_json_probes__unicode_mixed.json.gz
p1c_json_probes	unicode_mixed	4	4.87	102	2093	<bbnf_bench::track2::json::Parser>::parse_value_at	/Users/mkbabb/Programming/bbnf-lang-skv15-profile-279a60646/skinny/crates/bbnf-bench/src/track2/json.rs	55	json_parity-b087d404a70eff21	/tmp/skv15-p1/profiles-interactive/p1c/mode3_json_probes__unicode_mixed.json.gz
p1c_json_probes	unicode_mixed	5	4.73	99	2093	<core::ptr::non_null::NonNull<u8> as core::cmp::PartialEq>::eq	/Users/mkbabb/.rustup/toolchains/nightly-2026-04-11-aarch64-apple-darwin/lib/rustlib/src/rust/library/core/src/ptr/non_null.rs	1717	json_parity-b087d404a70eff21	/tmp/skv15-p1/profiles-interactive/p1c/mode3_json_probes__unicode_mixed.json.gz
p1c_json_probes	unicode_mixed	6	4.73	99	2093	<&mut serde_json::de::Deserializer<serde_json::read::SliceRead> as serde_core::de::Deserializer>::deserialize_str::<<bbnf_bench::real_typed_struct::DecodedJsonString as serde_core::de::Deserialize>::deserialize::DecodedJsonStringVisitor>	/Users/mkbabb/.cargo/registry/src/index.crates.io-1949cf8c6b5b557f/serde_json-1.0.149/src/de.rs		json_parity-b087d404a70eff21	/tmp/skv15-p1/profiles-interactive/p1c/mode3_json_probes__unicode_mixed.json.gz
p1c_json_probes	unicode_mixed	7	4.30	90	2093	runtime::generated_json::view::string_body_range	/Users/mkbabb/Programming/bbnf-lang-skv15-profile-279a60646/skinny/crates/runtime/src/grammars/json/view.rs	384	json_parity-b087d404a70eff21	/tmp/skv15-p1/profiles-interactive/p1c/mode3_json_probes__unicode_mixed.json.gz
p1c_json_probes	unicode_mixed	8	4.16	87	2093	_platform_memmove			libsystem_platform.dylib	/tmp/skv15-p1/profiles-interactive/p1c/mode3_json_probes__unicode_mixed.json.gz
p1c_json_probes	unicode_mixed	9	3.06	64	2093	<usize>::checked_sub	/Users/mkbabb/.rustup/toolchains/nightly-2026-04-11-aarch64-apple-darwin/lib/rustlib/src/rust/library/core/src/num/uint_macros.rs	977	json_parity-b087d404a70eff21	/tmp/skv15-p1/profiles-interactive/p1c/mode3_json_probes__unicode_mixed.json.gz
p1c_json_probes	unicode_mixed	10	2.82	59	2093	poll			libsystem_kernel.dylib	/tmp/skv15-p1/profiles-interactive/p1c/mode3_json_probes__unicode_mixed.json.gz
p1c_json_probes	unicode_mixed	11	2.63	55	2093	<serde_json::read::SliceRead>::skip_to_escape	/Users/mkbabb/.cargo/registry/src/index.crates.io-1949cf8c6b5b557f/serde_json-1.0.149/src/read.rs	434	json_parity-b087d404a70eff21	/tmp/skv15-p1/profiles-interactive/p1c/mode3_json_probes__unicode_mixed.json.gz
p1c_json_probes	unicode_mixed	12	2.20	46	2093	<runtime::generated_json::value::JsonValue>::to_canonical_string	/Users/mkbabb/Programming/bbnf-lang-skv15-profile-279a60646/skinny/crates/runtime/src/grammars/json/value.rs	91	json_parity-b087d404a70eff21	/tmp/skv15-p1/profiles-interactive/p1c/mode3_json_probes__unicode_mixed.json.gz
p1c_json_probes	unicode_mixed	13	2.20	46	2093	<serde_json::de::Deserializer<serde_json::read::SliceRead>>::ignore_value	/Users/mkbabb/.cargo/registry/src/index.crates.io-1949cf8c6b5b557f/serde_json-1.0.149/src/read.rs		json_parity-b087d404a70eff21	/tmp/skv15-p1/profiles-interactive/p1c/mode3_json_probes__unicode_mixed.json.gz
p1c_json_probes	unicode_mixed	14	1.86	39	2093	<serde_json::read::SliceRead as serde_json::read::Read>::next	/Users/mkbabb/.cargo/registry/src/index.crates.io-1949cf8c6b5b557f/serde_json-1.0.149/src/read.rs	548	json_parity-b087d404a70eff21	/tmp/skv15-p1/profiles-interactive/p1c/mode3_json_probes__unicode_mixed.json.gz
p1c_json_probes	unicode_mixed	15	1.67	35	2093	<&mut sonic_rs::serde::de::Deserializer<sonic_rs::reader::Read> as serde_core::de::Deserializer>::deserialize_any::<bbnf_bench::direct_struct::DigestVisitor>	/Users/mkbabb/.cargo/registry/src/index.crates.io-1949cf8c6b5b557f/sonic-rs-0.5.8/src/serde/de.rs	454	json_parity-b087d404a70eff21	/tmp/skv15-p1/profiles-interactive/p1c/mode3_json_probes__unicode_mixed.json.gz
p1c_json_probes	unicode_mixed	16	1.67	35	2093	<mimalloc::MiMalloc as core::alloc::global::GlobalAlloc>::alloc	/Users/mkbabb/.cargo/registry/src/index.crates.io-1949cf8c6b5b557f/mimalloc-0.1.50/src/lib.rs	51	json_parity-b087d404a70eff21	/tmp/skv15-p1/profiles-interactive/p1c/mode3_json_probes__unicode_mixed.json.gz
p1c_json_probes	unicode_mixed	17	1.62	34	2093	runtime::generated_json::generated::dispatch_value	/Users/mkbabb/Programming/bbnf-lang-skv15-profile-279a60646/skinny/crates/runtime/src/grammars/json/generated.rs	45	json_parity-b087d404a70eff21	/tmp/skv15-p1/profiles-interactive/p1c/mode3_json_probes__unicode_mixed.json.gz
p1c_json_probes	unicode_mixed	18	1.62	34	2093	<sonic_rs::reader::PinnedInput>::as_ptr	/Users/mkbabb/.cargo/registry/src/index.crates.io-1949cf8c6b5b557f/sonic-rs-0.5.8/src/reader.rs	87	json_parity-b087d404a70eff21	/tmp/skv15-p1/profiles-interactive/p1c/mode3_json_probes__unicode_mixed.json.gz
p1c_json_probes	unicode_mixed	19	1.62	34	2093	core::slice::memchr::memchr	/Users/mkbabb/.rustup/toolchains/nightly-2026-04-11-aarch64-apple-darwin/lib/rustlib/src/rust/library/core/src/slice/memchr.rs	31	json_parity-b087d404a70eff21	/tmp/skv15-p1/profiles-interactive/p1c/mode3_json_probes__unicode_mixed.json.gz
p1c_json_probes	unicode_mixed	20	1.58	33	2093	serde_json::de::from_trait::<serde_json::read::SliceRead, alloc::vec::Vec<f64>>	/Users/mkbabb/.cargo/registry/src/index.crates.io-1949cf8c6b5b557f/serde_json-1.0.149/src/de.rs	2503	json_parity-b087d404a70eff21	/tmp/skv15-p1/profiles-interactive/p1c/mode3_json_probes__unicode_mixed.json.gz
p1c_json_probes	update_center	1	9.21	192	2084	core::str::validations::run_utf8_validation	/rustc/02c7f9bec0fd583160f8bcccb830216023b07bee/library/core/src/str/validations.rs	133	json_parity-b087d404a70eff21	/tmp/skv15-p1/profiles-interactive/p1c/mode3_json_probes__update_center.json.gz
p1c_json_probes	update_center	2	7.29	152	2084	<u32>::wrapping_add	/Users/mkbabb/.rustup/toolchains/nightly-2026-04-11-aarch64-apple-darwin/lib/rustlib/src/rust/library/core/src/num/uint_macros.rs	2511	json_parity-b087d404a70eff21	/tmp/skv15-p1/profiles-interactive/p1c/mode3_json_probes__update_center.json.gz
p1c_json_probes	update_center	3	5.90	123	2084	_platform_memmove			libsystem_platform.dylib	/tmp/skv15-p1/profiles-interactive/p1c/mode3_json_probes__update_center.json.gz
p1c_json_probes	update_center	4	4.94	103	2084	<bbnf_bench::track2::json::Parser>::parse_value_at	/Users/mkbabb/Programming/bbnf-lang-skv15-profile-279a60646/skinny/crates/bbnf-bench/src/track2/json.rs	55	json_parity-b087d404a70eff21	/tmp/skv15-p1/profiles-interactive/p1c/mode3_json_probes__update_center.json.gz
p1c_json_probes	update_center	5	4.65	97	2084	bbnf_bench::real_typed_struct::hash_str	/Users/mkbabb/Programming/bbnf-lang-skv15-profile-279a60646/skinny/crates/bbnf-bench/src/real_typed_struct.rs	2465	json_parity-b087d404a70eff21	/tmp/skv15-p1/profiles-interactive/p1c/mode3_json_probes__update_center.json.gz
p1c_json_probes	update_center	6	4.37	91	2084	<&mut serde_json::de::Deserializer<serde_json::read::SliceRead> as serde_core::de::Deserializer>::deserialize_str::<<bbnf_bench::real_typed_struct::DecodedJsonString as serde_core::de::Deserialize>::deserialize::DecodedJsonStringVisitor>	/Users/mkbabb/.cargo/registry/src/index.crates.io-1949cf8c6b5b557f/serde_json-1.0.149/src/de.rs	1539	json_parity-b087d404a70eff21	/tmp/skv15-p1/profiles-interactive/p1c/mode3_json_probes__update_center.json.gz
p1c_json_probes	update_center	7	4.22	88	2084	<alloc::vec::Vec<u32>>::as_slice	/Users/mkbabb/.rustup/toolchains/nightly-2026-04-11-aarch64-apple-darwin/lib/rustlib/src/rust/library/alloc/src/vec/mod.rs	1840	json_parity-b087d404a70eff21	/tmp/skv15-p1/profiles-interactive/p1c/mode3_json_probes__update_center.json.gz
p1c_json_probes	update_center	8	3.45	72	2084	runtime::generated_json::view::string_body_range	/Users/mkbabb/Programming/bbnf-lang-skv15-profile-279a60646/skinny/crates/runtime/src/grammars/json/view.rs	384	json_parity-b087d404a70eff21	/tmp/skv15-p1/profiles-interactive/p1c/mode3_json_probes__update_center.json.gz
p1c_json_probes	update_center	9	2.74	57	2084	<serde_json::read::SliceRead>::skip_to_escape	/Users/mkbabb/.cargo/registry/src/index.crates.io-1949cf8c6b5b557f/serde_json-1.0.149/src/read.rs	434	json_parity-b087d404a70eff21	/tmp/skv15-p1/profiles-interactive/p1c/mode3_json_probes__update_center.json.gz
p1c_json_probes	update_center	10	2.35	49	2084	poll			libsystem_kernel.dylib	/tmp/skv15-p1/profiles-interactive/p1c/mode3_json_probes__update_center.json.gz
p1c_json_probes	update_center	11	2.26	47	2084	<sonic_rs::reader::Read as sonic_rs::reader::Reader>::peek	/Users/mkbabb/.cargo/registry/src/index.crates.io-1949cf8c6b5b557f/sonic-rs-0.5.8/src/reader.rs	205	json_parity-b087d404a70eff21	/tmp/skv15-p1/profiles-interactive/p1c/mode3_json_probes__update_center.json.gz
p1c_json_probes	update_center	12	2.16	45	2084	<alloc::vec::Vec<u8>>::clear	/Users/mkbabb/.rustup/toolchains/nightly-2026-04-11-aarch64-apple-darwin/lib/rustlib/src/rust/library/alloc/src/vec/mod.rs	3004	json_parity-b087d404a70eff21	/tmp/skv15-p1/profiles-interactive/p1c/mode3_json_probes__update_center.json.gz
p1c_json_probes	update_center	13	2.11	44	2084	<runtime::generated_json::value::JsonValue>::to_canonical_string	/Users/mkbabb/Programming/bbnf-lang-skv15-profile-279a60646/skinny/crates/runtime/src/grammars/json/value.rs	90	json_parity-b087d404a70eff21	/tmp/skv15-p1/profiles-interactive/p1c/mode3_json_probes__update_center.json.gz
p1c_json_probes	update_center	14	1.87	39	2084	__open			libsystem_kernel.dylib	/tmp/skv15-p1/profiles-interactive/p1c/mode3_json_probes__update_center.json.gz
p1c_json_probes	update_center	15	1.82	38	2084	<serde_json::read::SliceRead as serde_json::read::Read>::next	/Users/mkbabb/.cargo/registry/src/index.crates.io-1949cf8c6b5b557f/serde_json-1.0.149/src/read.rs	550	json_parity-b087d404a70eff21	/tmp/skv15-p1/profiles-interactive/p1c/mode3_json_probes__update_center.json.gz
p1c_json_probes	update_center	16	1.73	36	2084	<mimalloc::MiMalloc as core::alloc::global::GlobalAlloc>::alloc	/Users/mkbabb/.cargo/registry/src/index.crates.io-1949cf8c6b5b557f/mimalloc-0.1.50/src/lib.rs	51	json_parity-b087d404a70eff21	/tmp/skv15-p1/profiles-interactive/p1c/mode3_json_probes__update_center.json.gz
p1c_json_probes	update_center	17	1.68	35	2084	serde_json::de::from_trait::<serde_json::read::SliceRead, alloc::vec::Vec<f64>>	/Users/mkbabb/.cargo/registry/src/index.crates.io-1949cf8c6b5b557f/serde_json-1.0.149/src/de.rs	2503	json_parity-b087d404a70eff21	/tmp/skv15-p1/profiles-interactive/p1c/mode3_json_probes__update_center.json.gz
p1c_json_probes	update_center	18	1.58	33	2084	runtime::generated_json::generated::dispatch_value	/Users/mkbabb/Programming/bbnf-lang-skv15-profile-279a60646/skinny/crates/runtime/src/grammars/json/generated.rs	45	json_parity-b087d404a70eff21	/tmp/skv15-p1/profiles-interactive/p1c/mode3_json_probes__update_center.json.gz
p1c_json_probes	update_center	19	1.54	32	2084	<&mut sonic_rs::serde::de::Deserializer<sonic_rs::reader::Read> as serde_core::de::Deserializer>::deserialize_any::<bbnf_bench::direct_struct::DigestVisitor>	/Users/mkbabb/.cargo/registry/src/index.crates.io-1949cf8c6b5b557f/sonic-rs-0.5.8/src/serde/de.rs	454	json_parity-b087d404a70eff21	/tmp/skv15-p1/profiles-interactive/p1c/mode3_json_probes__update_center.json.gz
p1c_json_probes	update_center	20	1.49	31	2084	<bbnf_bench::generated_real_typed::DirectParser>::parse_decoded_string_facts	/Users/mkbabb/Programming/bbnf-lang-skv15-profile-279a60646/skinny/crates/bbnf-bench/src/generated_real_typed.rs	4003	json_parity-b087d404a70eff21	/tmp/skv15-p1/profiles-interactive/p1c/mode3_json_probes__update_center.json.gz
p1c_json_probes	y_string_unicode	1	9.21	189	2052	core::str::validations::run_utf8_validation	/rustc/02c7f9bec0fd583160f8bcccb830216023b07bee/library/core/src/str/validations.rs	133	json_parity-b087d404a70eff21	/tmp/skv15-p1/profiles-interactive/p1c/mode3_json_probes__y_string_unicode.json.gz
p1c_json_probes	y_string_unicode	2	7.55	155	2052	<u32>::wrapping_add	/Users/mkbabb/.rustup/toolchains/nightly-2026-04-11-aarch64-apple-darwin/lib/rustlib/src/rust/library/core/src/num/uint_macros.rs	2511	json_parity-b087d404a70eff21	/tmp/skv15-p1/profiles-interactive/p1c/mode3_json_probes__y_string_unicode.json.gz
p1c_json_probes	y_string_unicode	3	5.17	106	2052	<alloc::vec::Vec<u32>>::as_slice	/Users/mkbabb/.rustup/toolchains/nightly-2026-04-11-aarch64-apple-darwin/lib/rustlib/src/rust/library/alloc/src/vec/mod.rs	1840	json_parity-b087d404a70eff21	/tmp/skv15-p1/profiles-interactive/p1c/mode3_json_probes__y_string_unicode.json.gz
p1c_json_probes	y_string_unicode	4	5.02	103	2052	<bbnf_bench::track2::json::Parser>::parse_value_at	/Users/mkbabb/Programming/bbnf-lang-skv15-profile-279a60646/skinny/crates/bbnf-bench/src/track2/json.rs	55	json_parity-b087d404a70eff21	/tmp/skv15-p1/profiles-interactive/p1c/mode3_json_probes__y_string_unicode.json.gz
p1c_json_probes	y_string_unicode	5	4.78	98	2052	<core::ptr::non_null::NonNull<u8> as core::cmp::PartialEq>::eq	/Users/mkbabb/.rustup/toolchains/nightly-2026-04-11-aarch64-apple-darwin/lib/rustlib/src/rust/library/core/src/ptr/non_null.rs	1717	json_parity-b087d404a70eff21	/tmp/skv15-p1/profiles-interactive/p1c/mode3_json_probes__y_string_unicode.json.gz
p1c_json_probes	y_string_unicode	6	4.73	97	2052	_platform_memmove			libsystem_platform.dylib	/tmp/skv15-p1/profiles-interactive/p1c/mode3_json_probes__y_string_unicode.json.gz
p1c_json_probes	y_string_unicode	7	4.39	90	2052	<&mut serde_json::de::Deserializer<serde_json::read::SliceRead> as serde_core::de::Deserializer>::deserialize_str::<<bbnf_bench::real_typed_struct::DecodedJsonString as serde_core::de::Deserialize>::deserialize::DecodedJsonStringVisitor>	/Users/mkbabb/.cargo/registry/src/index.crates.io-1949cf8c6b5b557f/serde_json-1.0.149/src/de.rs	1539	json_parity-b087d404a70eff21	/tmp/skv15-p1/profiles-interactive/p1c/mode3_json_probes__y_string_unicode.json.gz
p1c_json_probes	y_string_unicode	8	3.95	81	2052	runtime::generated_json::view::string_body_range	/Users/mkbabb/Programming/bbnf-lang-skv15-profile-279a60646/skinny/crates/runtime/src/grammars/json/view.rs	384	json_parity-b087d404a70eff21	/tmp/skv15-p1/profiles-interactive/p1c/mode3_json_probes__y_string_unicode.json.gz
p1c_json_probes	y_string_unicode	9	2.68	55	2052	<serde_json::read::SliceRead as serde_json::read::Read>::next	/Users/mkbabb/.cargo/registry/src/index.crates.io-1949cf8c6b5b557f/serde_json-1.0.149/src/read.rs	548	json_parity-b087d404a70eff21	/tmp/skv15-p1/profiles-interactive/p1c/mode3_json_probes__y_string_unicode.json.gz
p1c_json_probes	y_string_unicode	10	2.53	52	2052	<serde_json::read::SliceRead>::skip_to_escape	/Users/mkbabb/.cargo/registry/src/index.crates.io-1949cf8c6b5b557f/serde_json-1.0.149/src/read.rs	434	json_parity-b087d404a70eff21	/tmp/skv15-p1/profiles-interactive/p1c/mode3_json_probes__y_string_unicode.json.gz
p1c_json_probes	y_string_unicode	11	2.34	48	2052	poll			libsystem_kernel.dylib	/tmp/skv15-p1/profiles-interactive/p1c/mode3_json_probes__y_string_unicode.json.gz
p1c_json_probes	y_string_unicode	12	2.34	48	2052	<alloc::vec::Vec<u8>>::clear	/Users/mkbabb/.rustup/toolchains/nightly-2026-04-11-aarch64-apple-darwin/lib/rustlib/src/rust/library/alloc/src/vec/mod.rs	3004	json_parity-b087d404a70eff21	/tmp/skv15-p1/profiles-interactive/p1c/mode3_json_probes__y_string_unicode.json.gz
p1c_json_probes	y_string_unicode	13	2.14	44	2052	<sonic_rs::reader::PinnedInput>::as_ptr	/Users/mkbabb/.cargo/registry/src/index.crates.io-1949cf8c6b5b557f/sonic-rs-0.5.8/src/reader.rs	87	json_parity-b087d404a70eff21	/tmp/skv15-p1/profiles-interactive/p1c/mode3_json_probes__y_string_unicode.json.gz
p1c_json_probes	y_string_unicode	14	1.80	37	2052	mi_page_map_at	/Users/mkbabb/.cargo/registry/src/index.crates.io-1949cf8c6b5b557f/libmimalloc-sys-0.1.47/c_src/mimalloc/v3/include/mimalloc/internal.h	649	json_parity-b087d404a70eff21	/tmp/skv15-p1/profiles-interactive/p1c/mode3_json_probes__y_string_unicode.json.gz
p1c_json_probes	y_string_unicode	15	1.75	36	2052	<runtime::generated_json::value::JsonValue>::to_canonical_string	/Users/mkbabb/Programming/bbnf-lang-skv15-profile-279a60646/skinny/crates/runtime/src/grammars/json/value.rs	91	json_parity-b087d404a70eff21	/tmp/skv15-p1/profiles-interactive/p1c/mode3_json_probes__y_string_unicode.json.gz
p1c_json_probes	y_string_unicode	16	1.61	33	2052	__open			libsystem_kernel.dylib	/tmp/skv15-p1/profiles-interactive/p1c/mode3_json_probes__y_string_unicode.json.gz
p1c_json_probes	y_string_unicode	17	1.61	33	2052	<&mut sonic_rs::serde::de::Deserializer<sonic_rs::reader::Read> as serde_core::de::Deserializer>::deserialize_any::<bbnf_bench::direct_struct::DigestVisitor>	/Users/mkbabb/.cargo/registry/src/index.crates.io-1949cf8c6b5b557f/sonic-rs-0.5.8/src/serde/de.rs	454	json_parity-b087d404a70eff21	/tmp/skv15-p1/profiles-interactive/p1c/mode3_json_probes__y_string_unicode.json.gz
p1c_json_probes	y_string_unicode	18	1.61	33	2052	serde_json::de::from_trait::<serde_json::read::SliceRead, alloc::vec::Vec<f64>>	/Users/mkbabb/.cargo/registry/src/index.crates.io-1949cf8c6b5b557f/serde_json-1.0.149/src/de.rs	2503	json_parity-b087d404a70eff21	/tmp/skv15-p1/profiles-interactive/p1c/mode3_json_probes__y_string_unicode.json.gz
p1c_json_probes	y_string_unicode	19	1.56	32	2052	<bbnf_bench::direct_struct::hand::HandParser>::value	/Users/mkbabb/Programming/bbnf-lang-skv15-profile-279a60646/skinny/crates/bbnf-bench/src/direct_struct.rs	536	json_parity-b087d404a70eff21	/tmp/skv15-p1/profiles-interactive/p1c/mode3_json_probes__y_string_unicode.json.gz
p1c_json_probes	y_string_unicode	20	1.51	31	2052	runtime::generated_json::generated::dispatch_value	/Users/mkbabb/Programming/bbnf-lang-skv15-profile-279a60646/skinny/crates/runtime/src/grammars/json/generated.rs	45	json_parity-b087d404a70eff21	/tmp/skv15-p1/profiles-interactive/p1c/mode3_json_probes__y_string_unicode.json.gz
p1c_simd_scan	apache_builds	1	42.70	158	370	<u32>::wrapping_add	/Users/mkbabb/.rustup/toolchains/nightly-2026-04-11-aarch64-apple-darwin/lib/rustlib/src/rust/library/core/src/num/uint_macros.rs	2511	simd_scan-881ea41e6e7f9c9f	/tmp/skv15-p1/profiles-interactive/p1c/mode3_simd_scan__apache_builds.json.gz
p1c_simd_scan	apache_builds	2	18.92	70	370	runtime::generated_json::scan::scan_tail	/Users/mkbabb/Programming/bbnf-lang-skv15-profile-279a60646/skinny/crates/runtime/src/grammars/json/scan.rs		simd_scan-881ea41e6e7f9c9f	/tmp/skv15-p1/profiles-interactive/p1c/mode3_simd_scan__apache_builds.json.gz
p1c_simd_scan	apache_builds	3	13.51	50	370	poll			libsystem_kernel.dylib	/tmp/skv15-p1/profiles-interactive/p1c/mode3_simd_scan__apache_builds.json.gz
p1c_simd_scan	apache_builds	4	7.30	27	370	add_128	/Users/mkbabb/.cargo/registry/src/index.crates.io-1949cf8c6b5b557f/blake3-1.8.5/c/blake3_neon.c		simd_scan-881ea41e6e7f9c9f	/tmp/skv15-p1/profiles-interactive/p1c/mode3_simd_scan__apache_builds.json.gz
p1c_simd_scan	apache_builds	5	4.59	17	370	__posix_spawn			libsystem_kernel.dylib	/tmp/skv15-p1/profiles-interactive/p1c/mode3_simd_scan__apache_builds.json.gz
p1c_simd_scan	apache_builds	6	4.05	15	370	runtime::generated_json::scan::neon::scan	/Users/mkbabb/Programming/bbnf-lang-skv15-profile-279a60646/skinny/crates/runtime/src/grammars/json/scan.rs	217	simd_scan-881ea41e6e7f9c9f	/tmp/skv15-p1/profiles-interactive/p1c/mode3_simd_scan__apache_builds.json.gz
p1c_simd_scan	apache_builds	7	2.43	9	370	<u64>::trailing_zeros	/Users/mkbabb/.rustup/toolchains/nightly-2026-04-11-aarch64-apple-darwin/lib/rustlib/src/rust/library/core/src/num/uint_macros.rs	178	simd_scan-881ea41e6e7f9c9f	/tmp/skv15-p1/profiles-interactive/p1c/mode3_simd_scan__apache_builds.json.gz
p1c_simd_scan	apache_builds	8	1.35	5	370	read			libsystem_kernel.dylib	/tmp/skv15-p1/profiles-interactive/p1c/mode3_simd_scan__apache_builds.json.gz
p1c_simd_scan	apache_builds	9	1.08	4	370	__open			libsystem_kernel.dylib	/tmp/skv15-p1/profiles-interactive/p1c/mode3_simd_scan__apache_builds.json.gz
p1c_simd_scan	apache_builds	10	0.54	2	370	write			libsystem_kernel.dylib	/tmp/skv15-p1/profiles-interactive/p1c/mode3_simd_scan__apache_builds.json.gz
p1c_simd_scan	apache_builds	11	0.54	2	370	close			libsystem_kernel.dylib	/tmp/skv15-p1/profiles-interactive/p1c/mode3_simd_scan__apache_builds.json.gz
p1c_simd_scan	apache_builds	12	0.54	2	370	_platform_memmove			libsystem_platform.dylib	/tmp/skv15-p1/profiles-interactive/p1c/mode3_simd_scan__apache_builds.json.gz
p1c_simd_scan	apache_builds	13	0.54	2	370	madvise			libsystem_kernel.dylib	/tmp/skv15-p1/profiles-interactive/p1c/mode3_simd_scan__apache_builds.json.gz
p1c_simd_scan	apache_builds	14	0.27	1	370	__pipe			libsystem_kernel.dylib	/tmp/skv15-p1/profiles-interactive/p1c/mode3_simd_scan__apache_builds.json.gz
p1c_simd_scan	apache_builds	15	0.27	1	370	std::fs::read::inner	/rustc/02c7f9bec0fd583160f8bcccb830216023b07bee/library/std/src/fs.rs	346	simd_scan-881ea41e6e7f9c9f	/tmp/skv15-p1/profiles-interactive/p1c/mode3_simd_scan__apache_builds.json.gz
p1c_simd_scan	apache_builds	16	0.27	1	370	mi_malloc_aligned	/Users/mkbabb/.cargo/registry/src/index.crates.io-1949cf8c6b5b557f/libmimalloc-sys-0.1.47/c_src/mimalloc/v3/src/alloc-aligned.c	273	simd_scan-881ea41e6e7f9c9f	/tmp/skv15-p1/profiles-interactive/p1c/mode3_simd_scan__apache_builds.json.gz
p1c_simd_scan	apache_builds	17	0.27	1	370	mi_block_set_nextx	/Users/mkbabb/.cargo/registry/src/index.crates.io-1949cf8c6b5b557f/libmimalloc-sys-0.1.47/c_src/mimalloc/v3/include/mimalloc/internal.h	1070	simd_scan-881ea41e6e7f9c9f	/tmp/skv15-p1/profiles-interactive/p1c/mode3_simd_scan__apache_builds.json.gz
p1c_simd_scan	apache_builds	18	0.27	1	370	mi_theap_collect_retired	/Users/mkbabb/.cargo/registry/src/index.crates.io-1949cf8c6b5b557f/libmimalloc-sys-0.1.47/c_src/mimalloc/v3/src/page.c	477	simd_scan-881ea41e6e7f9c9f	/tmp/skv15-p1/profiles-interactive/p1c/mode3_simd_scan__apache_builds.json.gz
p1c_simd_scan	apache_builds	19	0.27	1	370	bbnf_simd::scalar::bitmap_prefix_xor_64::bitmap_prefix_xor_64_scalar	/Users/mkbabb/Programming/bbnf-lang-skv15-profile-279a60646/skinny/crates/bbnf-simd/src/scalar/bitmap_prefix_xor_64.rs	9	simd_scan-881ea41e6e7f9c9f	/tmp/skv15-p1/profiles-interactive/p1c/mode3_simd_scan__apache_builds.json.gz
p1c_simd_scan	apache_builds	20	0.27	1	370	<toml::fmt::DocumentFormatter as toml_edit::visit_mut::VisitMut>::visit_item_mut	/Users/mkbabb/.cargo/registry/src/index.crates.io-1949cf8c6b5b557f/toml-0.8.23/src/fmt.rs	33	simd_scan-881ea41e6e7f9c9f	/tmp/skv15-p1/profiles-interactive/p1c/mode3_simd_scan__apache_builds.json.gz
p1c_simd_scan	canada	1	37.58	121	322	<u32>::wrapping_add	/Users/mkbabb/.rustup/toolchains/nightly-2026-04-11-aarch64-apple-darwin/lib/rustlib/src/rust/library/core/src/num/uint_macros.rs	2511	simd_scan-881ea41e6e7f9c9f	/tmp/skv15-p1/profiles-interactive/p1c/mode3_simd_scan__canada.json.gz
p1c_simd_scan	canada	2	23.29	75	322	runtime::generated_json::scan::scan_tail	/Users/mkbabb/Programming/bbnf-lang-skv15-profile-279a60646/skinny/crates/runtime/src/grammars/json/scan.rs		simd_scan-881ea41e6e7f9c9f	/tmp/skv15-p1/profiles-interactive/p1c/mode3_simd_scan__canada.json.gz
p1c_simd_scan	canada	3	12.42	40	322	poll			libsystem_kernel.dylib	/tmp/skv15-p1/profiles-interactive/p1c/mode3_simd_scan__canada.json.gz
p1c_simd_scan	canada	4	7.14	23	322	xor_128	/Users/mkbabb/.cargo/registry/src/index.crates.io-1949cf8c6b5b557f/blake3-1.8.5/c/blake3_neon.c		simd_scan-881ea41e6e7f9c9f	/tmp/skv15-p1/profiles-interactive/p1c/mode3_simd_scan__canada.json.gz
p1c_simd_scan	canada	5	6.21	20	322	runtime::generated_json::scan::neon::scan	/Users/mkbabb/Programming/bbnf-lang-skv15-profile-279a60646/skinny/crates/runtime/src/grammars/json/scan.rs	217	simd_scan-881ea41e6e7f9c9f	/tmp/skv15-p1/profiles-interactive/p1c/mode3_simd_scan__canada.json.gz
p1c_simd_scan	canada	6	3.73	12	322	__posix_spawn			libsystem_kernel.dylib	/tmp/skv15-p1/profiles-interactive/p1c/mode3_simd_scan__canada.json.gz
p1c_simd_scan	canada	7	2.17	7	322	__open			libsystem_kernel.dylib	/tmp/skv15-p1/profiles-interactive/p1c/mode3_simd_scan__canada.json.gz
p1c_simd_scan	canada	8	2.17	7	322	<u64>::trailing_zeros	/Users/mkbabb/.rustup/toolchains/nightly-2026-04-11-aarch64-apple-darwin/lib/rustlib/src/rust/library/core/src/num/uint_macros.rs	178	simd_scan-881ea41e6e7f9c9f	/tmp/skv15-p1/profiles-interactive/p1c/mode3_simd_scan__canada.json.gz
p1c_simd_scan	canada	9	1.55	5	322	read			libsystem_kernel.dylib	/tmp/skv15-p1/profiles-interactive/p1c/mode3_simd_scan__canada.json.gz
p1c_simd_scan	canada	10	1.24	4	322	_platform_memmove			libsystem_platform.dylib	/tmp/skv15-p1/profiles-interactive/p1c/mode3_simd_scan__canada.json.gz
p1c_simd_scan	canada	11	0.62	2	322	close			libsystem_kernel.dylib	/tmp/skv15-p1/profiles-interactive/p1c/mode3_simd_scan__canada.json.gz
p1c_simd_scan	canada	12	0.62	2	322	madvise			libsystem_kernel.dylib	/tmp/skv15-p1/profiles-interactive/p1c/mode3_simd_scan__canada.json.gz
p1c_simd_scan	canada	13	0.31	1	322	<fn() -> core::result::Result<criterion_plot::Version, criterion_plot::VersionError> as core::ops::function::FnOnce<()>>::call_once	/Users/mkbabb/.rustup/toolchains/nightly-2026-04-11-aarch64-apple-darwin/lib/rustlib/src/rust/library/core/src/ops/function.rs	250	simd_scan-881ea41e6e7f9c9f	/tmp/skv15-p1/profiles-interactive/p1c/mode3_simd_scan__canada.json.gz
p1c_simd_scan	canada	14	0.31	1	322	stat			libsystem_kernel.dylib	/tmp/skv15-p1/profiles-interactive/p1c/mode3_simd_scan__canada.json.gz
p1c_simd_scan	canada	15	0.31	1	322	write			libsystem_kernel.dylib	/tmp/skv15-p1/profiles-interactive/p1c/mode3_simd_scan__canada.json.gz
p1c_simd_scan	canada	16	0.31	1	322	core::intrinsics::rotate_right::<u32>	/Users/mkbabb/.rustup/toolchains/nightly-2026-04-11-aarch64-apple-darwin/lib/rustlib/src/rust/library/core/src/intrinsics/mod.rs	2052	simd_scan-881ea41e6e7f9c9f	/tmp/skv15-p1/profiles-interactive/p1c/mode3_simd_scan__canada.json.gz
p1c_simd_scan	citm_catalog	1	40.77	148	363	<u32>::wrapping_add	/Users/mkbabb/.rustup/toolchains/nightly-2026-04-11-aarch64-apple-darwin/lib/rustlib/src/rust/library/core/src/num/uint_macros.rs		simd_scan-881ea41e6e7f9c9f	/tmp/skv15-p1/profiles-interactive/p1c/mode3_simd_scan__citm_catalog.json.gz
p1c_simd_scan	citm_catalog	2	21.76	79	363	runtime::generated_json::scan::scan_tail	/Users/mkbabb/Programming/bbnf-lang-skv15-profile-279a60646/skinny/crates/runtime/src/grammars/json/scan.rs		simd_scan-881ea41e6e7f9c9f	/tmp/skv15-p1/profiles-interactive/p1c/mode3_simd_scan__citm_catalog.json.gz
p1c_simd_scan	citm_catalog	3	12.12	44	363	poll			libsystem_kernel.dylib	/tmp/skv15-p1/profiles-interactive/p1c/mode3_simd_scan__citm_catalog.json.gz
p1c_simd_scan	citm_catalog	4	6.89	25	363	add_128	/Users/mkbabb/.cargo/registry/src/index.crates.io-1949cf8c6b5b557f/blake3-1.8.5/c/blake3_neon.c		simd_scan-881ea41e6e7f9c9f	/tmp/skv15-p1/profiles-interactive/p1c/mode3_simd_scan__citm_catalog.json.gz
p1c_simd_scan	citm_catalog	5	4.41	16	363	bbnf_simd::aarch64::movemask::movemask_u8x16	/Users/mkbabb/Programming/bbnf-lang-skv15-profile-279a60646/skinny/crates/bbnf-simd/src/aarch64/movemask.rs	22	simd_scan-881ea41e6e7f9c9f	/tmp/skv15-p1/profiles-interactive/p1c/mode3_simd_scan__citm_catalog.json.gz
p1c_simd_scan	citm_catalog	6	3.58	13	363	__posix_spawn			libsystem_kernel.dylib	/tmp/skv15-p1/profiles-interactive/p1c/mode3_simd_scan__citm_catalog.json.gz
p1c_simd_scan	citm_catalog	7	3.31	12	363	<u64>::trailing_zeros	/Users/mkbabb/.rustup/toolchains/nightly-2026-04-11-aarch64-apple-darwin/lib/rustlib/src/rust/library/core/src/num/uint_macros.rs	178	simd_scan-881ea41e6e7f9c9f	/tmp/skv15-p1/profiles-interactive/p1c/mode3_simd_scan__citm_catalog.json.gz
p1c_simd_scan	citm_catalog	8	1.65	6	363	read			libsystem_kernel.dylib	/tmp/skv15-p1/profiles-interactive/p1c/mode3_simd_scan__citm_catalog.json.gz
p1c_simd_scan	citm_catalog	9	1.10	4	363	__open			libsystem_kernel.dylib	/tmp/skv15-p1/profiles-interactive/p1c/mode3_simd_scan__citm_catalog.json.gz
p1c_simd_scan	citm_catalog	10	1.10	4	363	_platform_memmove			libsystem_platform.dylib	/tmp/skv15-p1/profiles-interactive/p1c/mode3_simd_scan__citm_catalog.json.gz
p1c_simd_scan	citm_catalog	11	0.83	3	363	madvise			libsystem_kernel.dylib	/tmp/skv15-p1/profiles-interactive/p1c/mode3_simd_scan__citm_catalog.json.gz
p1c_simd_scan	citm_catalog	12	0.55	2	363	close			libsystem_kernel.dylib	/tmp/skv15-p1/profiles-interactive/p1c/mode3_simd_scan__citm_catalog.json.gz
p1c_simd_scan	citm_catalog	13	0.55	2	363	write			libsystem_kernel.dylib	/tmp/skv15-p1/profiles-interactive/p1c/mode3_simd_scan__citm_catalog.json.gz
p1c_simd_scan	citm_catalog	14	0.28	1	363	mi_block_set_nextx	/Users/mkbabb/.cargo/registry/src/index.crates.io-1949cf8c6b5b557f/libmimalloc-sys-0.1.47/c_src/mimalloc/v3/include/mimalloc/internal.h	1070	simd_scan-881ea41e6e7f9c9f	/tmp/skv15-p1/profiles-interactive/p1c/mode3_simd_scan__citm_catalog.json.gz
p1c_simd_scan	citm_catalog	15	0.28	1	363	stat			libsystem_kernel.dylib	/tmp/skv15-p1/profiles-interactive/p1c/mode3_simd_scan__citm_catalog.json.gz
p1c_simd_scan	citm_catalog	16	0.28	1	363	<alloc::raw_vec::RawVecInner>::finish_grow	/Users/mkbabb/.rustup/toolchains/nightly-2026-04-11-aarch64-apple-darwin/lib/rustlib/src/rust/library/alloc/src/raw_vec/mod.rs	567	simd_scan-881ea41e6e7f9c9f	/tmp/skv15-p1/profiles-interactive/p1c/mode3_simd_scan__citm_catalog.json.gz
p1c_simd_scan	citm_catalog	17	0.28	1	363	<toml_write::string::ValueMetrics>::calculate	/Users/mkbabb/.cargo/registry/src/index.crates.io-1949cf8c6b5b557f/toml_write-0.1.2/src/string.rs	326	simd_scan-881ea41e6e7f9c9f	/tmp/skv15-p1/profiles-interactive/p1c/mode3_simd_scan__citm_catalog.json.gz
p1c_simd_scan	citm_catalog	18	0.28	1	363	mi_memcpy	/Users/mkbabb/.cargo/registry/src/index.crates.io-1949cf8c6b5b557f/libmimalloc-sys-0.1.47/c_src/mimalloc/v3/include/mimalloc/internal.h	1228	simd_scan-881ea41e6e7f9c9f	/tmp/skv15-p1/profiles-interactive/p1c/mode3_simd_scan__citm_catalog.json.gz
p1c_simd_scan	distinct_values	1	43.51	161	370	<u32>::wrapping_add	/Users/mkbabb/.rustup/toolchains/nightly-2026-04-11-aarch64-apple-darwin/lib/rustlib/src/rust/library/core/src/num/uint_macros.rs	2511	simd_scan-881ea41e6e7f9c9f	/tmp/skv15-p1/profiles-interactive/p1c/mode3_simd_scan__distinct_values.json.gz
p1c_simd_scan	distinct_values	2	17.30	64	370	runtime::generated_json::scan::scan_tail	/Users/mkbabb/Programming/bbnf-lang-skv15-profile-279a60646/skinny/crates/runtime/src/grammars/json/scan.rs		simd_scan-881ea41e6e7f9c9f	/tmp/skv15-p1/profiles-interactive/p1c/mode3_simd_scan__distinct_values.json.gz
p1c_simd_scan	distinct_values	3	14.05	52	370	poll			libsystem_kernel.dylib	/tmp/skv15-p1/profiles-interactive/p1c/mode3_simd_scan__distinct_values.json.gz
p1c_simd_scan	distinct_values	4	6.22	23	370	loadu_128	/Users/mkbabb/.cargo/registry/src/index.crates.io-1949cf8c6b5b557f/blake3-1.8.5/c/blake3_neon.c	13	simd_scan-881ea41e6e7f9c9f	/tmp/skv15-p1/profiles-interactive/p1c/mode3_simd_scan__distinct_values.json.gz
p1c_simd_scan	distinct_values	5	4.05	15	370	<u64>::trailing_zeros	/Users/mkbabb/.rustup/toolchains/nightly-2026-04-11-aarch64-apple-darwin/lib/rustlib/src/rust/library/core/src/num/uint_macros.rs	178	simd_scan-881ea41e6e7f9c9f	/tmp/skv15-p1/profiles-interactive/p1c/mode3_simd_scan__distinct_values.json.gz
p1c_simd_scan	distinct_values	6	4.05	15	370	bbnf_simd::aarch64::classify_tbl4::classify_structural_terminator_block_from_table	/Users/mkbabb/Programming/bbnf-lang-skv15-profile-279a60646/skinny/crates/bbnf-simd/src/aarch64/classify_tbl4.rs	101	simd_scan-881ea41e6e7f9c9f	/tmp/skv15-p1/profiles-interactive/p1c/mode3_simd_scan__distinct_values.json.gz
p1c_simd_scan	distinct_values	7	3.51	13	370	__posix_spawn			libsystem_kernel.dylib	/tmp/skv15-p1/profiles-interactive/p1c/mode3_simd_scan__distinct_values.json.gz
p1c_simd_scan	distinct_values	8	1.62	6	370	read			libsystem_kernel.dylib	/tmp/skv15-p1/profiles-interactive/p1c/mode3_simd_scan__distinct_values.json.gz
p1c_simd_scan	distinct_values	9	1.35	5	370	_platform_memmove			libsystem_platform.dylib	/tmp/skv15-p1/profiles-interactive/p1c/mode3_simd_scan__distinct_values.json.gz
p1c_simd_scan	distinct_values	10	1.35	5	370	close			libsystem_kernel.dylib	/tmp/skv15-p1/profiles-interactive/p1c/mode3_simd_scan__distinct_values.json.gz
p1c_simd_scan	distinct_values	11	0.54	2	370	bbnf_simd::scalar::eob_pad_clamp::eob_pad_clamp_scalar	/Users/mkbabb/Programming/bbnf-lang-skv15-profile-279a60646/skinny/crates/bbnf-simd/src/scalar/eob_pad_clamp.rs	11	simd_scan-881ea41e6e7f9c9f	/tmp/skv15-p1/profiles-interactive/p1c/mode3_simd_scan__distinct_values.json.gz
p1c_simd_scan	distinct_values	12	0.54	2	370	__open			libsystem_kernel.dylib	/tmp/skv15-p1/profiles-interactive/p1c/mode3_simd_scan__distinct_values.json.gz
p1c_simd_scan	distinct_values	13	0.54	2	370	madvise			libsystem_kernel.dylib	/tmp/skv15-p1/profiles-interactive/p1c/mode3_simd_scan__distinct_values.json.gz
p1c_simd_scan	distinct_values	14	0.27	1	370	stat			libsystem_kernel.dylib	/tmp/skv15-p1/profiles-interactive/p1c/mode3_simd_scan__distinct_values.json.gz
p1c_simd_scan	distinct_values	15	0.27	1	370	<alloc::collections::btree::node::Handle<alloc::collections::btree::node::NodeRef<alloc::collections::btree::node::marker::Mut, alloc::string::String, test_fixtures::ManifestEntry, alloc::collections::btree::node::marker::Leaf>, alloc::collections::btree::node::marker::KV>>::remove_leaf_kv::<<alloc::collections::btree::map::entry::OccupiedEntry<alloc::string::String, test_fixtures::ManifestEntry>>::remove_kv::{closure#0}, alloc::alloc::Global>	/Users/mkbabb/.rustup/toolchains/nightly-2026-04-11-aarch64-apple-darwin/lib/rustlib/src/rust/library/alloc/src/collections/btree/remove.rs	74	simd_scan-881ea41e6e7f9c9f	/tmp/skv15-p1/profiles-interactive/p1c/mode3_simd_scan__distinct_values.json.gz
p1c_simd_scan	distinct_values	16	0.27	1	370	write			libsystem_kernel.dylib	/tmp/skv15-p1/profiles-interactive/p1c/mode3_simd_scan__distinct_values.json.gz
p1c_simd_scan	distinct_values	17	0.27	1	370	bbnf_simd::scalar::bitmap_prefix_xor_64::bitmap_prefix_xor_64_scalar	/Users/mkbabb/Programming/bbnf-lang-skv15-profile-279a60646/skinny/crates/bbnf-simd/src/scalar/bitmap_prefix_xor_64.rs	9	simd_scan-881ea41e6e7f9c9f	/tmp/skv15-p1/profiles-interactive/p1c/mode3_simd_scan__distinct_values.json.gz
p1c_simd_scan	distinct_values	18	0.27	1	370	core::fmt::write	/rustc/02c7f9bec0fd583160f8bcccb830216023b07bee/library/core/src/fmt/mod.rs		simd_scan-881ea41e6e7f9c9f	/tmp/skv15-p1/profiles-interactive/p1c/mode3_simd_scan__distinct_values.json.gz
p1c_simd_scan	github_events	1	39.87	124	311	<u32>::wrapping_add	/Users/mkbabb/.rustup/toolchains/nightly-2026-04-11-aarch64-apple-darwin/lib/rustlib/src/rust/library/core/src/num/uint_macros.rs	2511	simd_scan-881ea41e6e7f9c9f	/tmp/skv15-p1/profiles-interactive/p1c/mode3_simd_scan__github_events.json.gz
p1c_simd_scan	github_events	2	19.94	62	311	runtime::generated_json::scan::scan_tail	/Users/mkbabb/Programming/bbnf-lang-skv15-profile-279a60646/skinny/crates/runtime/src/grammars/json/scan.rs		simd_scan-881ea41e6e7f9c9f	/tmp/skv15-p1/profiles-interactive/p1c/mode3_simd_scan__github_events.json.gz
p1c_simd_scan	github_events	3	12.86	40	311	poll			libsystem_kernel.dylib	/tmp/skv15-p1/profiles-interactive/p1c/mode3_simd_scan__github_events.json.gz
p1c_simd_scan	github_events	4	6.75	21	311	rot7_128	/Users/mkbabb/.cargo/registry/src/index.crates.io-1949cf8c6b5b557f/blake3-1.8.5/c/blake3_neon.c	66	simd_scan-881ea41e6e7f9c9f	/tmp/skv15-p1/profiles-interactive/p1c/mode3_simd_scan__github_events.json.gz
p1c_simd_scan	github_events	5	6.11	19	311	core::core_arch::arm_shared::neon::generated::vceqq_u8	/Users/mkbabb/.rustup/toolchains/nightly-2026-04-11-aarch64-apple-darwin/lib/rustlib/src/rust/library/core/src/../../stdarch/crates/core_arch/src/arm_shared/neon/generated.rs	5180	simd_scan-881ea41e6e7f9c9f	/tmp/skv15-p1/profiles-interactive/p1c/mode3_simd_scan__github_events.json.gz
p1c_simd_scan	github_events	6	4.50	14	311	__posix_spawn			libsystem_kernel.dylib	/tmp/skv15-p1/profiles-interactive/p1c/mode3_simd_scan__github_events.json.gz
p1c_simd_scan	github_events	7	2.25	7	311	read			libsystem_kernel.dylib	/tmp/skv15-p1/profiles-interactive/p1c/mode3_simd_scan__github_events.json.gz
p1c_simd_scan	github_events	8	2.25	7	311	core::ptr::write::<u32>	/Users/mkbabb/.rustup/toolchains/nightly-2026-04-11-aarch64-apple-darwin/lib/rustlib/src/rust/library/core/src/ptr/mod.rs	1921	simd_scan-881ea41e6e7f9c9f	/tmp/skv15-p1/profiles-interactive/p1c/mode3_simd_scan__github_events.json.gz
p1c_simd_scan	github_events	9	1.29	4	311	_platform_memmove			libsystem_platform.dylib	/tmp/skv15-p1/profiles-interactive/p1c/mode3_simd_scan__github_events.json.gz
p1c_simd_scan	github_events	10	0.96	3	311	__open			libsystem_kernel.dylib	/tmp/skv15-p1/profiles-interactive/p1c/mode3_simd_scan__github_events.json.gz
p1c_simd_scan	github_events	11	0.64	2	311	close			libsystem_kernel.dylib	/tmp/skv15-p1/profiles-interactive/p1c/mode3_simd_scan__github_events.json.gz
p1c_simd_scan	github_events	12	0.64	2	311	0x1afe14			simd_scan-881ea41e6e7f9c9f	/tmp/skv15-p1/profiles-interactive/p1c/mode3_simd_scan__github_events.json.gz
p1c_simd_scan	github_events	13	0.32	1	311	core::ptr::write::<regex_syntax::ast::parse::GroupState>	/Users/mkbabb/.rustup/toolchains/nightly-2026-04-11-aarch64-apple-darwin/lib/rustlib/src/rust/library/core/src/ptr/mod.rs	1921	simd_scan-881ea41e6e7f9c9f	/tmp/skv15-p1/profiles-interactive/p1c/mode3_simd_scan__github_events.json.gz
p1c_simd_scan	github_events	14	0.32	1	311	stat			libsystem_kernel.dylib	/tmp/skv15-p1/profiles-interactive/p1c/mode3_simd_scan__github_events.json.gz
p1c_simd_scan	github_events	15	0.32	1	311	<std::sys::fs::unix::OpenOptions>::get_creation_mode	/rustc/02c7f9bec0fd583160f8bcccb830216023b07bee/library/std/src/sys/fs/unix.rs	1327	simd_scan-881ea41e6e7f9c9f	/tmp/skv15-p1/profiles-interactive/p1c/mode3_simd_scan__github_events.json.gz
p1c_simd_scan	github_events	16	0.32	1	311	write			libsystem_kernel.dylib	/tmp/skv15-p1/profiles-interactive/p1c/mode3_simd_scan__github_events.json.gz
p1c_simd_scan	github_events	17	0.32	1	311	mi_checked_ptr_page	/Users/mkbabb/.cargo/registry/src/index.crates.io-1949cf8c6b5b557f/libmimalloc-sys-0.1.47/c_src/mimalloc/v3/include/mimalloc/internal.h	663	simd_scan-881ea41e6e7f9c9f	/tmp/skv15-p1/profiles-interactive/p1c/mode3_simd_scan__github_events.json.gz
p1c_simd_scan	github_events	18	0.32	1	311	0x790d4			libsystem_c.dylib	/tmp/skv15-p1/profiles-interactive/p1c/mode3_simd_scan__github_events.json.gz
p1c_simd_scan	gsoc-2018	1	37.54	119	317	<u32>::wrapping_add	/Users/mkbabb/.rustup/toolchains/nightly-2026-04-11-aarch64-apple-darwin/lib/rustlib/src/rust/library/core/src/num/uint_macros.rs	2511	simd_scan-881ea41e6e7f9c9f	/tmp/skv15-p1/profiles-interactive/p1c/mode3_simd_scan__gsoc-2018.json.gz
p1c_simd_scan	gsoc-2018	2	21.77	69	317	runtime::generated_json::scan::scan_tail	/Users/mkbabb/Programming/bbnf-lang-skv15-profile-279a60646/skinny/crates/runtime/src/grammars/json/scan.rs		simd_scan-881ea41e6e7f9c9f	/tmp/skv15-p1/profiles-interactive/p1c/mode3_simd_scan__gsoc-2018.json.gz
p1c_simd_scan	gsoc-2018	3	12.93	41	317	poll			libsystem_kernel.dylib	/tmp/skv15-p1/profiles-interactive/p1c/mode3_simd_scan__gsoc-2018.json.gz
p1c_simd_scan	gsoc-2018	4	7.26	23	317	rot16_128	/Users/mkbabb/.cargo/registry/src/index.crates.io-1949cf8c6b5b557f/blake3-1.8.5/c/blake3_neon.c	41	simd_scan-881ea41e6e7f9c9f	/tmp/skv15-p1/profiles-interactive/p1c/mode3_simd_scan__gsoc-2018.json.gz
p1c_simd_scan	gsoc-2018	5	6.94	22	317	bbnf_simd::aarch64::classify_tbl4::classify_structural_terminator_block_from_table	/Users/mkbabb/Programming/bbnf-lang-skv15-profile-279a60646/skinny/crates/bbnf-simd/src/aarch64/classify_tbl4.rs	101	simd_scan-881ea41e6e7f9c9f	/tmp/skv15-p1/profiles-interactive/p1c/mode3_simd_scan__gsoc-2018.json.gz
p1c_simd_scan	gsoc-2018	6	3.79	12	317	__posix_spawn			libsystem_kernel.dylib	/tmp/skv15-p1/profiles-interactive/p1c/mode3_simd_scan__gsoc-2018.json.gz
p1c_simd_scan	gsoc-2018	7	2.21	7	317	core::ptr::write::<u32>	/Users/mkbabb/.rustup/toolchains/nightly-2026-04-11-aarch64-apple-darwin/lib/rustlib/src/rust/library/core/src/ptr/mod.rs	1921	simd_scan-881ea41e6e7f9c9f	/tmp/skv15-p1/profiles-interactive/p1c/mode3_simd_scan__gsoc-2018.json.gz
p1c_simd_scan	gsoc-2018	8	1.58	5	317	__open			libsystem_kernel.dylib	/tmp/skv15-p1/profiles-interactive/p1c/mode3_simd_scan__gsoc-2018.json.gz
p1c_simd_scan	gsoc-2018	9	1.58	5	317	read			libsystem_kernel.dylib	/tmp/skv15-p1/profiles-interactive/p1c/mode3_simd_scan__gsoc-2018.json.gz
p1c_simd_scan	gsoc-2018	10	1.26	4	317	_platform_memmove			libsystem_platform.dylib	/tmp/skv15-p1/profiles-interactive/p1c/mode3_simd_scan__gsoc-2018.json.gz
p1c_simd_scan	gsoc-2018	11	0.95	3	317	bbnf_simd::scalar::eob_pad_clamp::eob_pad_clamp_scalar	/Users/mkbabb/Programming/bbnf-lang-skv15-profile-279a60646/skinny/crates/bbnf-simd/src/scalar/eob_pad_clamp.rs	18	simd_scan-881ea41e6e7f9c9f	/tmp/skv15-p1/profiles-interactive/p1c/mode3_simd_scan__gsoc-2018.json.gz
p1c_simd_scan	gsoc-2018	12	0.63	2	317	close			libsystem_kernel.dylib	/tmp/skv15-p1/profiles-interactive/p1c/mode3_simd_scan__gsoc-2018.json.gz
p1c_simd_scan	gsoc-2018	13	0.63	2	317	madvise			libsystem_kernel.dylib	/tmp/skv15-p1/profiles-interactive/p1c/mode3_simd_scan__gsoc-2018.json.gz
p1c_simd_scan	gsoc-2018	14	0.32	1	317	bbnf_simd::scalar::bitmap_prefix_xor_64::bitmap_prefix_xor_64_scalar	/Users/mkbabb/Programming/bbnf-lang-skv15-profile-279a60646/skinny/crates/bbnf-simd/src/scalar/bitmap_prefix_xor_64.rs	9	simd_scan-881ea41e6e7f9c9f	/tmp/skv15-p1/profiles-interactive/p1c/mode3_simd_scan__gsoc-2018.json.gz
p1c_simd_scan	gsoc-2018	15	0.32	1	317	toml_edit::encode::encode_key_path_ref	/Users/mkbabb/.cargo/registry/src/index.crates.io-1949cf8c6b5b557f/toml_edit-0.22.27/src/encode.rs	66	simd_scan-881ea41e6e7f9c9f	/tmp/skv15-p1/profiles-interactive/p1c/mode3_simd_scan__gsoc-2018.json.gz
p1c_simd_scan	gsoc-2018	16	0.32	1	317	mkdir			libsystem_kernel.dylib	/tmp/skv15-p1/profiles-interactive/p1c/mode3_simd_scan__gsoc-2018.json.gz
p1c_simd_scan	instruments	1	39.18	143	365	<u32>::wrapping_add	/Users/mkbabb/.rustup/toolchains/nightly-2026-04-11-aarch64-apple-darwin/lib/rustlib/src/rust/library/core/src/num/uint_macros.rs	2511	simd_scan-881ea41e6e7f9c9f	/tmp/skv15-p1/profiles-interactive/p1c/mode3_simd_scan__instruments.json.gz
p1c_simd_scan	instruments	2	18.63	68	365	runtime::generated_json::scan::scan_tail	/Users/mkbabb/Programming/bbnf-lang-skv15-profile-279a60646/skinny/crates/runtime/src/grammars/json/scan.rs		simd_scan-881ea41e6e7f9c9f	/tmp/skv15-p1/profiles-interactive/p1c/mode3_simd_scan__instruments.json.gz
p1c_simd_scan	instruments	3	12.60	46	365	poll			libsystem_kernel.dylib	/tmp/skv15-p1/profiles-interactive/p1c/mode3_simd_scan__instruments.json.gz
p1c_simd_scan	instruments	4	7.12	26	365	transpose_vecs_128	/Users/mkbabb/.cargo/registry/src/index.crates.io-1949cf8c6b5b557f/blake3-1.8.5/c/blake3_neon.c	204	simd_scan-881ea41e6e7f9c9f	/tmp/skv15-p1/profiles-interactive/p1c/mode3_simd_scan__instruments.json.gz
p1c_simd_scan	instruments	5	6.03	22	365	runtime::generated_json::scan::neon::scan	/Users/mkbabb/Programming/bbnf-lang-skv15-profile-279a60646/skinny/crates/runtime/src/grammars/json/scan.rs	217	simd_scan-881ea41e6e7f9c9f	/tmp/skv15-p1/profiles-interactive/p1c/mode3_simd_scan__instruments.json.gz
p1c_simd_scan	instruments	6	3.29	12	365	<u64>::trailing_zeros	/Users/mkbabb/.rustup/toolchains/nightly-2026-04-11-aarch64-apple-darwin/lib/rustlib/src/rust/library/core/src/num/uint_macros.rs	178	simd_scan-881ea41e6e7f9c9f	/tmp/skv15-p1/profiles-interactive/p1c/mode3_simd_scan__instruments.json.gz
p1c_simd_scan	instruments	7	3.01	11	365	__posix_spawn			libsystem_kernel.dylib	/tmp/skv15-p1/profiles-interactive/p1c/mode3_simd_scan__instruments.json.gz
p1c_simd_scan	instruments	8	3.01	11	365	__open			libsystem_kernel.dylib	/tmp/skv15-p1/profiles-interactive/p1c/mode3_simd_scan__instruments.json.gz
p1c_simd_scan	instruments	9	1.92	7	365	read			libsystem_kernel.dylib	/tmp/skv15-p1/profiles-interactive/p1c/mode3_simd_scan__instruments.json.gz
p1c_simd_scan	instruments	10	1.64	6	365	_platform_memmove			libsystem_platform.dylib	/tmp/skv15-p1/profiles-interactive/p1c/mode3_simd_scan__instruments.json.gz
p1c_simd_scan	instruments	11	0.82	3	365	madvise			libsystem_kernel.dylib	/tmp/skv15-p1/profiles-interactive/p1c/mode3_simd_scan__instruments.json.gz
p1c_simd_scan	instruments	12	0.55	2	365	<usize as core::cmp::Ord>::min	/Users/mkbabb/.rustup/toolchains/nightly-2026-04-11-aarch64-apple-darwin/lib/rustlib/src/rust/library/core/src/cmp.rs	1076	simd_scan-881ea41e6e7f9c9f	/tmp/skv15-p1/profiles-interactive/p1c/mode3_simd_scan__instruments.json.gz
p1c_simd_scan	instruments	13	0.27	1	365	<core::ptr::non_null::NonNull<clap_builder::builder::arg::Arg>>::add	/Users/mkbabb/.rustup/toolchains/nightly-2026-04-11-aarch64-apple-darwin/lib/rustlib/src/rust/library/core/src/ptr/non_null.rs	659	simd_scan-881ea41e6e7f9c9f	/tmp/skv15-p1/profiles-interactive/p1c/mode3_simd_scan__instruments.json.gz
p1c_simd_scan	instruments	14	0.27	1	365	mi_size_of_slices	/Users/mkbabb/.cargo/registry/src/index.crates.io-1949cf8c6b5b557f/libmimalloc-sys-0.1.47/c_src/mimalloc/v3/include/mimalloc/internal.h	1111	simd_scan-881ea41e6e7f9c9f	/tmp/skv15-p1/profiles-interactive/p1c/mode3_simd_scan__instruments.json.gz
p1c_simd_scan	instruments	15	0.27	1	365	write			libsystem_kernel.dylib	/tmp/skv15-p1/profiles-interactive/p1c/mode3_simd_scan__instruments.json.gz
p1c_simd_scan	instruments	16	0.27	1	365	0x2b18			libsamply_mac_preload.dylib	/tmp/skv15-p1/profiles-interactive/p1c/mode3_simd_scan__instruments.json.gz
p1c_simd_scan	instruments	17	0.27	1	365	0x1afe14			simd_scan-881ea41e6e7f9c9f	/tmp/skv15-p1/profiles-interactive/p1c/mode3_simd_scan__instruments.json.gz
p1c_simd_scan	instruments	18	0.27	1	365	std::sys::env::unix::env_read_lock	/rustc/02c7f9bec0fd583160f8bcccb830216023b07bee/library/std/src/sys/env/unix.rs	69	simd_scan-881ea41e6e7f9c9f	/tmp/skv15-p1/profiles-interactive/p1c/mode3_simd_scan__instruments.json.gz
p1c_simd_scan	instruments	19	0.27	1	365	close			libsystem_kernel.dylib	/tmp/skv15-p1/profiles-interactive/p1c/mode3_simd_scan__instruments.json.gz
p1c_simd_scan	instruments	20	0.27	1	365	<clap_builder::parser::parser::Parser>::react	/Users/mkbabb/.cargo/registry/src/index.crates.io-1949cf8c6b5b557f/clap_builder-4.6.0/src/parser/parser.rs	1199	simd_scan-881ea41e6e7f9c9f	/tmp/skv15-p1/profiles-interactive/p1c/mode3_simd_scan__instruments.json.gz
p1c_simd_scan	marine_ik	1	34.85	138	396	<u32>::wrapping_add	/Users/mkbabb/.rustup/toolchains/nightly-2026-04-11-aarch64-apple-darwin/lib/rustlib/src/rust/library/core/src/num/uint_macros.rs	2511	simd_scan-881ea41e6e7f9c9f	/tmp/skv15-p1/profiles-interactive/p1c/mode3_simd_scan__marine_ik.json.gz
p1c_simd_scan	marine_ik	2	20.45	81	396	runtime::generated_json::scan::scan_tail	/Users/mkbabb/Programming/bbnf-lang-skv15-profile-279a60646/skinny/crates/runtime/src/grammars/json/scan.rs		simd_scan-881ea41e6e7f9c9f	/tmp/skv15-p1/profiles-interactive/p1c/mode3_simd_scan__marine_ik.json.gz
p1c_simd_scan	marine_ik	3	12.37	49	396	poll			libsystem_kernel.dylib	/tmp/skv15-p1/profiles-interactive/p1c/mode3_simd_scan__marine_ik.json.gz
p1c_simd_scan	marine_ik	4	7.58	30	396	__posix_spawn			libsystem_kernel.dylib	/tmp/skv15-p1/profiles-interactive/p1c/mode3_simd_scan__marine_ik.json.gz
p1c_simd_scan	marine_ik	5	5.56	22	396	transpose_vecs_128	/Users/mkbabb/.cargo/registry/src/index.crates.io-1949cf8c6b5b557f/blake3-1.8.5/c/blake3_neon.c		simd_scan-881ea41e6e7f9c9f	/tmp/skv15-p1/profiles-interactive/p1c/mode3_simd_scan__marine_ik.json.gz
p1c_simd_scan	marine_ik	6	4.55	18	396	<u64>::trailing_zeros	/Users/mkbabb/.rustup/toolchains/nightly-2026-04-11-aarch64-apple-darwin/lib/rustlib/src/rust/library/core/src/num/uint_macros.rs	178	simd_scan-881ea41e6e7f9c9f	/tmp/skv15-p1/profiles-interactive/p1c/mode3_simd_scan__marine_ik.json.gz
p1c_simd_scan	marine_ik	7	4.55	18	396	bbnf_simd::aarch64::movemask::movemask_u8x16	/Users/mkbabb/Programming/bbnf-lang-skv15-profile-279a60646/skinny/crates/bbnf-simd/src/aarch64/movemask.rs	22	simd_scan-881ea41e6e7f9c9f	/tmp/skv15-p1/profiles-interactive/p1c/mode3_simd_scan__marine_ik.json.gz
p1c_simd_scan	marine_ik	8	2.78	11	396	read			libsystem_kernel.dylib	/tmp/skv15-p1/profiles-interactive/p1c/mode3_simd_scan__marine_ik.json.gz
p1c_simd_scan	marine_ik	9	2.53	10	396	__open			libsystem_kernel.dylib	/tmp/skv15-p1/profiles-interactive/p1c/mode3_simd_scan__marine_ik.json.gz
p1c_simd_scan	marine_ik	10	1.26	5	396	_platform_memmove			libsystem_platform.dylib	/tmp/skv15-p1/profiles-interactive/p1c/mode3_simd_scan__marine_ik.json.gz
p1c_simd_scan	marine_ik	11	1.01	4	396	madvise			libsystem_kernel.dylib	/tmp/skv15-p1/profiles-interactive/p1c/mode3_simd_scan__marine_ik.json.gz
p1c_simd_scan	marine_ik	12	0.51	2	396	0x1afe14			simd_scan-881ea41e6e7f9c9f	/tmp/skv15-p1/profiles-interactive/p1c/mode3_simd_scan__marine_ik.json.gz
p1c_simd_scan	marine_ik	13	0.25	1	396	<str>::find::<&str>	/Users/mkbabb/.rustup/toolchains/nightly-2026-04-11-aarch64-apple-darwin/lib/rustlib/src/rust/library/core/src/str/mod.rs	1477	simd_scan-881ea41e6e7f9c9f	/tmp/skv15-p1/profiles-interactive/p1c/mode3_simd_scan__marine_ik.json.gz
p1c_simd_scan	marine_ik	14	0.25	1	396	<indexmap::map::IndexMap<toml_edit::key::Key, toml_edit::item::Item>>::insert	/Users/mkbabb/.cargo/registry/src/index.crates.io-1949cf8c6b5b557f/indexmap-2.14.0/src/map.rs	451	simd_scan-881ea41e6e7f9c9f	/tmp/skv15-p1/profiles-interactive/p1c/mode3_simd_scan__marine_ik.json.gz
p1c_simd_scan	marine_ik	15	0.25	1	396	blake3::platform::words_from_le_bytes_64	/Users/mkbabb/.cargo/registry/src/index.crates.io-1949cf8c6b5b557f/blake3-1.8.5/src/platform.rs		simd_scan-881ea41e6e7f9c9f	/tmp/skv15-p1/profiles-interactive/p1c/mode3_simd_scan__marine_ik.json.gz
p1c_simd_scan	marine_ik	16	0.25	1	396	0x2aac			libsamply_mac_preload.dylib	/tmp/skv15-p1/profiles-interactive/p1c/mode3_simd_scan__marine_ik.json.gz
p1c_simd_scan	marine_ik	17	0.25	1	396	bbnf_simd::scalar::bitmap_prefix_xor_64::bitmap_prefix_xor_64_scalar	/Users/mkbabb/Programming/bbnf-lang-skv15-profile-279a60646/skinny/crates/bbnf-simd/src/scalar/bitmap_prefix_xor_64.rs	9	simd_scan-881ea41e6e7f9c9f	/tmp/skv15-p1/profiles-interactive/p1c/mode3_simd_scan__marine_ik.json.gz
p1c_simd_scan	marine_ik	18	0.25	1	396	mkdir			libsystem_kernel.dylib	/tmp/skv15-p1/profiles-interactive/p1c/mode3_simd_scan__marine_ik.json.gz
p1c_simd_scan	marine_ik	19	0.25	1	396	core::ptr::copy_nonoverlapping::<u8>	/Users/mkbabb/.rustup/toolchains/nightly-2026-04-11-aarch64-apple-darwin/lib/rustlib/src/rust/library/core/src/ptr/mod.rs	552	simd_scan-881ea41e6e7f9c9f	/tmp/skv15-p1/profiles-interactive/p1c/mode3_simd_scan__marine_ik.json.gz
p1c_simd_scan	marine_ik	20	0.25	1	396	mi_malloc_is_naturally_aligned	/Users/mkbabb/.cargo/registry/src/index.crates.io-1949cf8c6b5b557f/libmimalloc-sys-0.1.47/c_src/mimalloc/v3/src/alloc-aligned.c	24	simd_scan-881ea41e6e7f9c9f	/tmp/skv15-p1/profiles-interactive/p1c/mode3_simd_scan__marine_ik.json.gz
p1c_simd_scan	mesh	1	38.51	119	309	<u32>::wrapping_add	/Users/mkbabb/.rustup/toolchains/nightly-2026-04-11-aarch64-apple-darwin/lib/rustlib/src/rust/library/core/src/num/uint_macros.rs		simd_scan-881ea41e6e7f9c9f	/tmp/skv15-p1/profiles-interactive/p1c/mode3_simd_scan__mesh.json.gz
p1c_simd_scan	mesh	2	22.65	70	309	runtime::generated_json::scan::scan_tail	/Users/mkbabb/Programming/bbnf-lang-skv15-profile-279a60646/skinny/crates/runtime/src/grammars/json/scan.rs		simd_scan-881ea41e6e7f9c9f	/tmp/skv15-p1/profiles-interactive/p1c/mode3_simd_scan__mesh.json.gz
p1c_simd_scan	mesh	3	12.94	40	309	poll			libsystem_kernel.dylib	/tmp/skv15-p1/profiles-interactive/p1c/mode3_simd_scan__mesh.json.gz
p1c_simd_scan	mesh	4	7.44	23	309	rot16_128	/Users/mkbabb/.cargo/registry/src/index.crates.io-1949cf8c6b5b557f/blake3-1.8.5/c/blake3_neon.c	41	simd_scan-881ea41e6e7f9c9f	/tmp/skv15-p1/profiles-interactive/p1c/mode3_simd_scan__mesh.json.gz
p1c_simd_scan	mesh	5	3.88	12	309	core::core_arch::arm_shared::neon::generated::vand_u8	/Users/mkbabb/.rustup/toolchains/nightly-2026-04-11-aarch64-apple-darwin/lib/rustlib/src/rust/library/core/src/../../stdarch/crates/core_arch/src/arm_shared/neon/generated.rs	3369	simd_scan-881ea41e6e7f9c9f	/tmp/skv15-p1/profiles-interactive/p1c/mode3_simd_scan__mesh.json.gz
p1c_simd_scan	mesh	6	3.56	11	309	__posix_spawn			libsystem_kernel.dylib	/tmp/skv15-p1/profiles-interactive/p1c/mode3_simd_scan__mesh.json.gz
p1c_simd_scan	mesh	7	3.56	11	309	<u64>::trailing_zeros	/Users/mkbabb/.rustup/toolchains/nightly-2026-04-11-aarch64-apple-darwin/lib/rustlib/src/rust/library/core/src/num/uint_macros.rs	178	simd_scan-881ea41e6e7f9c9f	/tmp/skv15-p1/profiles-interactive/p1c/mode3_simd_scan__mesh.json.gz
p1c_simd_scan	mesh	8	1.94	6	309	read			libsystem_kernel.dylib	/tmp/skv15-p1/profiles-interactive/p1c/mode3_simd_scan__mesh.json.gz
p1c_simd_scan	mesh	9	1.29	4	309	__open			libsystem_kernel.dylib	/tmp/skv15-p1/profiles-interactive/p1c/mode3_simd_scan__mesh.json.gz
p1c_simd_scan	mesh	10	0.97	3	309	_platform_memmove			libsystem_platform.dylib	/tmp/skv15-p1/profiles-interactive/p1c/mode3_simd_scan__mesh.json.gz
p1c_simd_scan	mesh	11	0.65	2	309	close			libsystem_kernel.dylib	/tmp/skv15-p1/profiles-interactive/p1c/mode3_simd_scan__mesh.json.gz
p1c_simd_scan	mesh	12	0.65	2	309	madvise			libsystem_kernel.dylib	/tmp/skv15-p1/profiles-interactive/p1c/mode3_simd_scan__mesh.json.gz
p1c_simd_scan	mesh	13	0.32	1	309	mi_block_set_nextx	/Users/mkbabb/.cargo/registry/src/index.crates.io-1949cf8c6b5b557f/libmimalloc-sys-0.1.47/c_src/mimalloc/v3/include/mimalloc/internal.h	1070	simd_scan-881ea41e6e7f9c9f	/tmp/skv15-p1/profiles-interactive/p1c/mode3_simd_scan__mesh.json.gz
p1c_simd_scan	mesh	14	0.32	1	309	stat			libsystem_kernel.dylib	/tmp/skv15-p1/profiles-interactive/p1c/mode3_simd_scan__mesh.json.gz
p1c_simd_scan	mesh	15	0.32	1	309	0x1afe14			simd_scan-881ea41e6e7f9c9f	/tmp/skv15-p1/profiles-interactive/p1c/mode3_simd_scan__mesh.json.gz
p1c_simd_scan	mesh	16	0.32	1	309	bbnf_simd::scalar::bitmap_prefix_xor_64::bitmap_prefix_xor_64_scalar	/Users/mkbabb/Programming/bbnf-lang-skv15-profile-279a60646/skinny/crates/bbnf-simd/src/scalar/bitmap_prefix_xor_64.rs	9	simd_scan-881ea41e6e7f9c9f	/tmp/skv15-p1/profiles-interactive/p1c/mode3_simd_scan__mesh.json.gz
p1c_simd_scan	mesh	17	0.32	1	309	<regex_automata::nfa::thompson::pikevm::PikeVM>::epsilon_closure	/Users/mkbabb/.cargo/registry/src/index.crates.io-1949cf8c6b5b557f/regex-automata-0.4.14/src/nfa/thompson/pikevm.rs	1637	simd_scan-881ea41e6e7f9c9f	/tmp/skv15-p1/profiles-interactive/p1c/mode3_simd_scan__mesh.json.gz
p1c_simd_scan	mesh	18	0.32	1	309	core::ptr::copy_nonoverlapping::<u8>	/Users/mkbabb/.rustup/toolchains/nightly-2026-04-11-aarch64-apple-darwin/lib/rustlib/src/rust/library/core/src/ptr/mod.rs	552	simd_scan-881ea41e6e7f9c9f	/tmp/skv15-p1/profiles-interactive/p1c/mode3_simd_scan__mesh.json.gz
p1c_simd_scan	numbers	1	39.15	139	355	<u32>::wrapping_add	/Users/mkbabb/.rustup/toolchains/nightly-2026-04-11-aarch64-apple-darwin/lib/rustlib/src/rust/library/core/src/num/uint_macros.rs	2511	simd_scan-881ea41e6e7f9c9f	/tmp/skv15-p1/profiles-interactive/p1c/mode3_simd_scan__numbers.json.gz
p1c_simd_scan	numbers	2	18.31	65	355	runtime::generated_json::scan::scan_tail	/Users/mkbabb/Programming/bbnf-lang-skv15-profile-279a60646/skinny/crates/runtime/src/grammars/json/scan.rs		simd_scan-881ea41e6e7f9c9f	/tmp/skv15-p1/profiles-interactive/p1c/mode3_simd_scan__numbers.json.gz
p1c_simd_scan	numbers	3	14.65	52	355	poll			libsystem_kernel.dylib	/tmp/skv15-p1/profiles-interactive/p1c/mode3_simd_scan__numbers.json.gz
p1c_simd_scan	numbers	4	6.20	22	355	__posix_spawn			libsystem_kernel.dylib	/tmp/skv15-p1/profiles-interactive/p1c/mode3_simd_scan__numbers.json.gz
p1c_simd_scan	numbers	5	5.92	21	355	transpose_vecs_128	/Users/mkbabb/.cargo/registry/src/index.crates.io-1949cf8c6b5b557f/blake3-1.8.5/c/blake3_neon.c		simd_scan-881ea41e6e7f9c9f	/tmp/skv15-p1/profiles-interactive/p1c/mode3_simd_scan__numbers.json.gz
p1c_simd_scan	numbers	6	5.07	18	355	core::ptr::copy_nonoverlapping::<u8>	/Users/mkbabb/.rustup/toolchains/nightly-2026-04-11-aarch64-apple-darwin/lib/rustlib/src/rust/library/core/src/ptr/mod.rs	552	simd_scan-881ea41e6e7f9c9f	/tmp/skv15-p1/profiles-interactive/p1c/mode3_simd_scan__numbers.json.gz
p1c_simd_scan	numbers	7	3.10	11	355	<u64>::trailing_zeros	/Users/mkbabb/.rustup/toolchains/nightly-2026-04-11-aarch64-apple-darwin/lib/rustlib/src/rust/library/core/src/num/uint_macros.rs	178	simd_scan-881ea41e6e7f9c9f	/tmp/skv15-p1/profiles-interactive/p1c/mode3_simd_scan__numbers.json.gz
p1c_simd_scan	numbers	8	2.54	9	355	read			libsystem_kernel.dylib	/tmp/skv15-p1/profiles-interactive/p1c/mode3_simd_scan__numbers.json.gz
p1c_simd_scan	numbers	9	0.85	3	355	__open			libsystem_kernel.dylib	/tmp/skv15-p1/profiles-interactive/p1c/mode3_simd_scan__numbers.json.gz
p1c_simd_scan	numbers	10	0.85	3	355	_platform_memmove			libsystem_platform.dylib	/tmp/skv15-p1/profiles-interactive/p1c/mode3_simd_scan__numbers.json.gz
p1c_simd_scan	numbers	11	0.56	2	355	madvise			libsystem_kernel.dylib	/tmp/skv15-p1/profiles-interactive/p1c/mode3_simd_scan__numbers.json.gz
p1c_simd_scan	numbers	12	0.28	1	355	mi_block_set_nextx	/Users/mkbabb/.cargo/registry/src/index.crates.io-1949cf8c6b5b557f/libmimalloc-sys-0.1.47/c_src/mimalloc/v3/include/mimalloc/internal.h	1070	simd_scan-881ea41e6e7f9c9f	/tmp/skv15-p1/profiles-interactive/p1c/mode3_simd_scan__numbers.json.gz
p1c_simd_scan	numbers	13	0.28	1	355	stat			libsystem_kernel.dylib	/tmp/skv15-p1/profiles-interactive/p1c/mode3_simd_scan__numbers.json.gz
p1c_simd_scan	numbers	14	0.28	1	355	close			libsystem_kernel.dylib	/tmp/skv15-p1/profiles-interactive/p1c/mode3_simd_scan__numbers.json.gz
p1c_simd_scan	numbers	15	0.28	1	355	0x1afe14			simd_scan-881ea41e6e7f9c9f	/tmp/skv15-p1/profiles-interactive/p1c/mode3_simd_scan__numbers.json.gz
p1c_simd_scan	numbers	16	0.28	1	355	mkdir			libsystem_kernel.dylib	/tmp/skv15-p1/profiles-interactive/p1c/mode3_simd_scan__numbers.json.gz
p1c_simd_scan	numbers	17	0.28	1	355	0xf18			libsystem_c.dylib	/tmp/skv15-p1/profiles-interactive/p1c/mode3_simd_scan__numbers.json.gz
p1c_simd_scan	numbers	18	0.28	1	355	<core::ops::range::RangeFrom<usize> as core::slice::index::SliceIndex<str>>::get	/Users/mkbabb/.rustup/toolchains/nightly-2026-04-11-aarch64-apple-darwin/lib/rustlib/src/rust/library/core/src/str/traits.rs	508	simd_scan-881ea41e6e7f9c9f	/tmp/skv15-p1/profiles-interactive/p1c/mode3_simd_scan__numbers.json.gz
p1c_simd_scan	numbers	19	0.28	1	355	<toml::fmt::DocumentFormatter as toml_edit::visit_mut::VisitMut>::visit_item_mut	/Users/mkbabb/.cargo/registry/src/index.crates.io-1949cf8c6b5b557f/toml-0.8.23/src/fmt.rs		simd_scan-881ea41e6e7f9c9f	/tmp/skv15-p1/profiles-interactive/p1c/mode3_simd_scan__numbers.json.gz
p1c_simd_scan	numbers	20	0.28	1	355	core::intrinsics::rotate_right::<u32>	/Users/mkbabb/.rustup/toolchains/nightly-2026-04-11-aarch64-apple-darwin/lib/rustlib/src/rust/library/core/src/intrinsics/mod.rs	2052	simd_scan-881ea41e6e7f9c9f	/tmp/skv15-p1/profiles-interactive/p1c/mode3_simd_scan__numbers.json.gz
p1c_simd_scan	random	1	38.22	120	314	<u32>::wrapping_add	/Users/mkbabb/.rustup/toolchains/nightly-2026-04-11-aarch64-apple-darwin/lib/rustlib/src/rust/library/core/src/num/uint_macros.rs		simd_scan-881ea41e6e7f9c9f	/tmp/skv15-p1/profiles-interactive/p1c/mode3_simd_scan__random.json.gz
p1c_simd_scan	random	2	20.06	63	314	runtime::generated_json::scan::scan_tail	/Users/mkbabb/Programming/bbnf-lang-skv15-profile-279a60646/skinny/crates/runtime/src/grammars/json/scan.rs		simd_scan-881ea41e6e7f9c9f	/tmp/skv15-p1/profiles-interactive/p1c/mode3_simd_scan__random.json.gz
p1c_simd_scan	random	3	12.10	38	314	poll			libsystem_kernel.dylib	/tmp/skv15-p1/profiles-interactive/p1c/mode3_simd_scan__random.json.gz
p1c_simd_scan	random	4	7.32	23	314	transpose_vecs_128	/Users/mkbabb/.cargo/registry/src/index.crates.io-1949cf8c6b5b557f/blake3-1.8.5/c/blake3_neon.c		simd_scan-881ea41e6e7f9c9f	/tmp/skv15-p1/profiles-interactive/p1c/mode3_simd_scan__random.json.gz
p1c_simd_scan	random	5	5.41	17	314	core::core_arch::arm_shared::neon::generated::vceqq_u8	/Users/mkbabb/.rustup/toolchains/nightly-2026-04-11-aarch64-apple-darwin/lib/rustlib/src/rust/library/core/src/../../stdarch/crates/core_arch/src/arm_shared/neon/generated.rs	5180	simd_scan-881ea41e6e7f9c9f	/tmp/skv15-p1/profiles-interactive/p1c/mode3_simd_scan__random.json.gz
p1c_simd_scan	random	6	4.78	15	314	__posix_spawn			libsystem_kernel.dylib	/tmp/skv15-p1/profiles-interactive/p1c/mode3_simd_scan__random.json.gz
p1c_simd_scan	random	7	3.50	11	314	__open			libsystem_kernel.dylib	/tmp/skv15-p1/profiles-interactive/p1c/mode3_simd_scan__random.json.gz
p1c_simd_scan	random	8	2.55	8	314	<u64>::trailing_zeros	/Users/mkbabb/.rustup/toolchains/nightly-2026-04-11-aarch64-apple-darwin/lib/rustlib/src/rust/library/core/src/num/uint_macros.rs	178	simd_scan-881ea41e6e7f9c9f	/tmp/skv15-p1/profiles-interactive/p1c/mode3_simd_scan__random.json.gz
p1c_simd_scan	random	9	1.59	5	314	read			libsystem_kernel.dylib	/tmp/skv15-p1/profiles-interactive/p1c/mode3_simd_scan__random.json.gz
p1c_simd_scan	random	10	0.96	3	314	close			libsystem_kernel.dylib	/tmp/skv15-p1/profiles-interactive/p1c/mode3_simd_scan__random.json.gz
p1c_simd_scan	random	11	0.96	3	314	_platform_memmove			libsystem_platform.dylib	/tmp/skv15-p1/profiles-interactive/p1c/mode3_simd_scan__random.json.gz
p1c_simd_scan	random	12	0.32	1	314	toml_write::string::write_toml_value::<alloc::string::String>	/Users/mkbabb/.cargo/registry/src/index.crates.io-1949cf8c6b5b557f/toml_write-0.1.2/src/string.rs	236	simd_scan-881ea41e6e7f9c9f	/tmp/skv15-p1/profiles-interactive/p1c/mode3_simd_scan__random.json.gz
p1c_simd_scan	random	13	0.32	1	314	0x1afe14			simd_scan-881ea41e6e7f9c9f	/tmp/skv15-p1/profiles-interactive/p1c/mode3_simd_scan__random.json.gz
p1c_simd_scan	random	14	0.32	1	314	bbnf_simd::scalar::eob_pad_clamp::eob_pad_clamp_scalar	/Users/mkbabb/Programming/bbnf-lang-skv15-profile-279a60646/skinny/crates/bbnf-simd/src/scalar/eob_pad_clamp.rs	11	simd_scan-881ea41e6e7f9c9f	/tmp/skv15-p1/profiles-interactive/p1c/mode3_simd_scan__random.json.gz
p1c_simd_scan	random	15	0.32	1	314	<alloc::raw_vec::RawVecInner>::capacity	/Users/mkbabb/.rustup/toolchains/nightly-2026-04-11-aarch64-apple-darwin/lib/rustlib/src/rust/library/alloc/src/raw_vec/mod.rs	619	simd_scan-881ea41e6e7f9c9f	/tmp/skv15-p1/profiles-interactive/p1c/mode3_simd_scan__random.json.gz
p1c_simd_scan	random	16	0.32	1	314	mkdir			libsystem_kernel.dylib	/tmp/skv15-p1/profiles-interactive/p1c/mode3_simd_scan__random.json.gz
p1c_simd_scan	random	17	0.32	1	314	bbnf_simd::scalar::bitmap_prefix_xor_64::bitmap_prefix_xor_64_scalar	/Users/mkbabb/Programming/bbnf-lang-skv15-profile-279a60646/skinny/crates/bbnf-simd/src/scalar/bitmap_prefix_xor_64.rs	9	simd_scan-881ea41e6e7f9c9f	/tmp/skv15-p1/profiles-interactive/p1c/mode3_simd_scan__random.json.gz
p1c_simd_scan	random	18	0.32	1	314	<regex_syntax::ast::parse::ParserI<&mut regex_syntax::ast::parse::Parser>>::char	/Users/mkbabb/.cargo/registry/src/index.crates.io-1949cf8c6b5b557f/regex-syntax-0.8.10/src/ast/parse.rs	476	simd_scan-881ea41e6e7f9c9f	/tmp/skv15-p1/profiles-interactive/p1c/mode3_simd_scan__random.json.gz
p1c_simd_scan	random	19	0.32	1	314	madvise			libsystem_kernel.dylib	/tmp/skv15-p1/profiles-interactive/p1c/mode3_simd_scan__random.json.gz
p1c_simd_scan	twitter	1	39.49	124	314	<u32>::wrapping_add	/Users/mkbabb/.rustup/toolchains/nightly-2026-04-11-aarch64-apple-darwin/lib/rustlib/src/rust/library/core/src/num/uint_macros.rs		simd_scan-881ea41e6e7f9c9f	/tmp/skv15-p1/profiles-interactive/p1c/mode3_simd_scan__twitter.json.gz
p1c_simd_scan	twitter	2	19.11	60	314	runtime::generated_json::scan::scan_tail	/Users/mkbabb/Programming/bbnf-lang-skv15-profile-279a60646/skinny/crates/runtime/src/grammars/json/scan.rs		simd_scan-881ea41e6e7f9c9f	/tmp/skv15-p1/profiles-interactive/p1c/mode3_simd_scan__twitter.json.gz
p1c_simd_scan	twitter	3	12.74	40	314	poll			libsystem_kernel.dylib	/tmp/skv15-p1/profiles-interactive/p1c/mode3_simd_scan__twitter.json.gz
p1c_simd_scan	twitter	4	7.01	22	314	rot12_128	/Users/mkbabb/.cargo/registry/src/index.crates.io-1949cf8c6b5b557f/blake3-1.8.5/c/blake3_neon.c		simd_scan-881ea41e6e7f9c9f	/tmp/skv15-p1/profiles-interactive/p1c/mode3_simd_scan__twitter.json.gz
p1c_simd_scan	twitter	5	5.41	17	314	runtime::generated_json::scan::neon::scan	/Users/mkbabb/Programming/bbnf-lang-skv15-profile-279a60646/skinny/crates/runtime/src/grammars/json/scan.rs	217	simd_scan-881ea41e6e7f9c9f	/tmp/skv15-p1/profiles-interactive/p1c/mode3_simd_scan__twitter.json.gz
p1c_simd_scan	twitter	6	3.82	12	314	__posix_spawn			libsystem_kernel.dylib	/tmp/skv15-p1/profiles-interactive/p1c/mode3_simd_scan__twitter.json.gz
p1c_simd_scan	twitter	7	3.18	10	314	core::ptr::write::<u32>	/Users/mkbabb/.rustup/toolchains/nightly-2026-04-11-aarch64-apple-darwin/lib/rustlib/src/rust/library/core/src/ptr/mod.rs	1921	simd_scan-881ea41e6e7f9c9f	/tmp/skv15-p1/profiles-interactive/p1c/mode3_simd_scan__twitter.json.gz
p1c_simd_scan	twitter	8	1.59	5	314	read			libsystem_kernel.dylib	/tmp/skv15-p1/profiles-interactive/p1c/mode3_simd_scan__twitter.json.gz
p1c_simd_scan	twitter	9	1.59	5	314	__open			libsystem_kernel.dylib	/tmp/skv15-p1/profiles-interactive/p1c/mode3_simd_scan__twitter.json.gz
p1c_simd_scan	twitter	10	1.59	5	314	mkdir			libsystem_kernel.dylib	/tmp/skv15-p1/profiles-interactive/p1c/mode3_simd_scan__twitter.json.gz
p1c_simd_scan	twitter	11	1.27	4	314	_platform_memmove			libsystem_platform.dylib	/tmp/skv15-p1/profiles-interactive/p1c/mode3_simd_scan__twitter.json.gz
p1c_simd_scan	twitter	12	0.96	3	314	bbnf_simd::scalar::eob_pad_clamp::eob_pad_clamp_scalar	/Users/mkbabb/Programming/bbnf-lang-skv15-profile-279a60646/skinny/crates/bbnf-simd/src/scalar/eob_pad_clamp.rs	11	simd_scan-881ea41e6e7f9c9f	/tmp/skv15-p1/profiles-interactive/p1c/mode3_simd_scan__twitter.json.gz
p1c_simd_scan	twitter	13	0.64	2	314	core::fmt::write	/rustc/02c7f9bec0fd583160f8bcccb830216023b07bee/library/core/src/fmt/mod.rs	1631	simd_scan-881ea41e6e7f9c9f	/tmp/skv15-p1/profiles-interactive/p1c/mode3_simd_scan__twitter.json.gz
p1c_simd_scan	twitter	14	0.64	2	314	madvise			libsystem_kernel.dylib	/tmp/skv15-p1/profiles-interactive/p1c/mode3_simd_scan__twitter.json.gz
p1c_simd_scan	twitter	15	0.32	1	314	__fcntl			libsystem_kernel.dylib	/tmp/skv15-p1/profiles-interactive/p1c/mode3_simd_scan__twitter.json.gz
p1c_simd_scan	twitter	16	0.32	1	314	close			libsystem_kernel.dylib	/tmp/skv15-p1/profiles-interactive/p1c/mode3_simd_scan__twitter.json.gz
p1c_simd_scan	twitter	17	0.32	1	314	<toml_write::string::KeyMetrics>::calculate	/Users/mkbabb/.cargo/registry/src/index.crates.io-1949cf8c6b5b557f/toml_write-0.1.2/src/string.rs	390	simd_scan-881ea41e6e7f9c9f	/tmp/skv15-p1/profiles-interactive/p1c/mode3_simd_scan__twitter.json.gz
p1c_simd_scan	unicode_basic	1	41.10	150	365	<u32>::wrapping_add	/Users/mkbabb/.rustup/toolchains/nightly-2026-04-11-aarch64-apple-darwin/lib/rustlib/src/rust/library/core/src/num/uint_macros.rs	2511	simd_scan-881ea41e6e7f9c9f	/tmp/skv15-p1/profiles-interactive/p1c/mode3_simd_scan__unicode_basic.json.gz
p1c_simd_scan	unicode_basic	2	18.36	67	365	runtime::generated_json::scan::scan_tail	/Users/mkbabb/Programming/bbnf-lang-skv15-profile-279a60646/skinny/crates/runtime/src/grammars/json/scan.rs		simd_scan-881ea41e6e7f9c9f	/tmp/skv15-p1/profiles-interactive/p1c/mode3_simd_scan__unicode_basic.json.gz
p1c_simd_scan	unicode_basic	3	13.97	51	365	poll			libsystem_kernel.dylib	/tmp/skv15-p1/profiles-interactive/p1c/mode3_simd_scan__unicode_basic.json.gz
p1c_simd_scan	unicode_basic	4	5.48	20	365	runtime::generated_json::scan::neon::scan	/Users/mkbabb/Programming/bbnf-lang-skv15-profile-279a60646/skinny/crates/runtime/src/grammars/json/scan.rs	217	simd_scan-881ea41e6e7f9c9f	/tmp/skv15-p1/profiles-interactive/p1c/mode3_simd_scan__unicode_basic.json.gz
p1c_simd_scan	unicode_basic	5	5.21	19	365	transpose_vecs_128	/Users/mkbabb/.cargo/registry/src/index.crates.io-1949cf8c6b5b557f/blake3-1.8.5/c/blake3_neon.c	204	simd_scan-881ea41e6e7f9c9f	/tmp/skv15-p1/profiles-interactive/p1c/mode3_simd_scan__unicode_basic.json.gz
p1c_simd_scan	unicode_basic	6	4.38	16	365	__posix_spawn			libsystem_kernel.dylib	/tmp/skv15-p1/profiles-interactive/p1c/mode3_simd_scan__unicode_basic.json.gz
p1c_simd_scan	unicode_basic	7	2.19	8	365	__open			libsystem_kernel.dylib	/tmp/skv15-p1/profiles-interactive/p1c/mode3_simd_scan__unicode_basic.json.gz
p1c_simd_scan	unicode_basic	8	1.64	6	365	_platform_memmove			libsystem_platform.dylib	/tmp/skv15-p1/profiles-interactive/p1c/mode3_simd_scan__unicode_basic.json.gz
p1c_simd_scan	unicode_basic	9	1.37	5	365	<u64>::trailing_zeros	/Users/mkbabb/.rustup/toolchains/nightly-2026-04-11-aarch64-apple-darwin/lib/rustlib/src/rust/library/core/src/num/uint_macros.rs	178	simd_scan-881ea41e6e7f9c9f	/tmp/skv15-p1/profiles-interactive/p1c/mode3_simd_scan__unicode_basic.json.gz
p1c_simd_scan	unicode_basic	10	0.82	3	365	read			libsystem_kernel.dylib	/tmp/skv15-p1/profiles-interactive/p1c/mode3_simd_scan__unicode_basic.json.gz
p1c_simd_scan	unicode_basic	11	0.82	3	365	madvise			libsystem_kernel.dylib	/tmp/skv15-p1/profiles-interactive/p1c/mode3_simd_scan__unicode_basic.json.gz
p1c_simd_scan	unicode_basic	12	0.55	2	365	close			libsystem_kernel.dylib	/tmp/skv15-p1/profiles-interactive/p1c/mode3_simd_scan__unicode_basic.json.gz
p1c_simd_scan	unicode_basic	13	0.55	2	365	bbnf_simd::scalar::eob_pad_clamp::eob_pad_clamp_scalar	/Users/mkbabb/Programming/bbnf-lang-skv15-profile-279a60646/skinny/crates/bbnf-simd/src/scalar/eob_pad_clamp.rs	11	simd_scan-881ea41e6e7f9c9f	/tmp/skv15-p1/profiles-interactive/p1c/mode3_simd_scan__unicode_basic.json.gz
p1c_simd_scan	unicode_basic	14	0.27	1	365	mi_free_block_local	/Users/mkbabb/.cargo/registry/src/index.crates.io-1949cf8c6b5b557f/libmimalloc-sys-0.1.47/c_src/mimalloc/v3/src/free.c	44	simd_scan-881ea41e6e7f9c9f	/tmp/skv15-p1/profiles-interactive/p1c/mode3_simd_scan__unicode_basic.json.gz
p1c_simd_scan	unicode_basic	15	0.27	1	365	winnow::token::take_while::<(u8, u8), winnow::stream::stateful::Stateful<winnow::stream::locating::LocatingSlice<&winnow::stream::bstr::BStr>, toml_edit::parser::prelude::RecursionCheck>, winnow::error::ErrMode<winnow::error::ContextError>, core::ops::range::RangeFrom<usize>>::{closure#0}	/Users/mkbabb/.cargo/registry/src/index.crates.io-1949cf8c6b5b557f/winnow-0.7.15/src/token/mod.rs	492	simd_scan-881ea41e6e7f9c9f	/tmp/skv15-p1/profiles-interactive/p1c/mode3_simd_scan__unicode_basic.json.gz
p1c_simd_scan	unicode_basic	16	0.27	1	365	<winnow::token::take_while<(u8, u8), winnow::stream::stateful::Stateful<winnow::stream::locating::LocatingSlice<&winnow::stream::bstr::BStr>, toml_edit::parser::prelude::RecursionCheck>, winnow::error::ErrMode<winnow::error::ContextError>, core::ops::range::RangeFrom<usize>>::{closure#0} as winnow::parser::Parser<winnow::stream::stateful::Stateful<winnow::stream::locating::LocatingSlice<&winnow::stream::bstr::BStr>, toml_edit::parser::prelude::RecursionCheck>, &[u8], winnow::error::ErrMode<winnow::error::ContextError>>>::parse_next	/Users/mkbabb/.cargo/registry/src/index.crates.io-1949cf8c6b5b557f/winnow-0.7.15/src/parser.rs	1003	simd_scan-881ea41e6e7f9c9f	/tmp/skv15-p1/profiles-interactive/p1c/mode3_simd_scan__unicode_basic.json.gz
p1c_simd_scan	unicode_basic	17	0.27	1	365	mi_block_set_nextx	/Users/mkbabb/.cargo/registry/src/index.crates.io-1949cf8c6b5b557f/libmimalloc-sys-0.1.47/c_src/mimalloc/v3/include/mimalloc/internal.h	1070	simd_scan-881ea41e6e7f9c9f	/tmp/skv15-p1/profiles-interactive/p1c/mode3_simd_scan__unicode_basic.json.gz
p1c_simd_scan	unicode_basic	18	0.27	1	365	<indexmap::map::IndexMap<toml_edit::key::Key, toml_edit::item::Item>>::insert	/Users/mkbabb/.cargo/registry/src/index.crates.io-1949cf8c6b5b557f/indexmap-2.14.0/src/map.rs	451	simd_scan-881ea41e6e7f9c9f	/tmp/skv15-p1/profiles-interactive/p1c/mode3_simd_scan__unicode_basic.json.gz
p1c_simd_scan	unicode_basic	19	0.27	1	365	<core::fmt::Formatter>::pad	/rustc/02c7f9bec0fd583160f8bcccb830216023b07bee/library/core/src/fmt/mod.rs	1910	simd_scan-881ea41e6e7f9c9f	/tmp/skv15-p1/profiles-interactive/p1c/mode3_simd_scan__unicode_basic.json.gz
p1c_simd_scan	unicode_basic	20	0.27	1	365	core::core_arch::arm_shared::neon::generated::vreinterpret_u64_u8	/Users/mkbabb/.rustup/toolchains/nightly-2026-04-11-aarch64-apple-darwin/lib/rustlib/src/rust/library/core/src/../../stdarch/crates/core_arch/src/arm_shared/neon/generated.rs	47784	simd_scan-881ea41e6e7f9c9f	/tmp/skv15-p1/profiles-interactive/p1c/mode3_simd_scan__unicode_basic.json.gz
p1c_simd_scan	unicode_escapes	1	41.15	158	384	sha2::sha256::soft::sha256_digest_round_x2	/Users/mkbabb/.cargo/registry/src/index.crates.io-1949cf8c6b5b557f/sha2-0.10.9/src/sha256/soft.rs		simd_scan-881ea41e6e7f9c9f	/tmp/skv15-p1/profiles-interactive/p1c/mode3_simd_scan__unicode_escapes.json.gz
p1c_simd_scan	unicode_escapes	2	18.23	70	384	runtime::generated_json::scan::scan_tail	/Users/mkbabb/Programming/bbnf-lang-skv15-profile-279a60646/skinny/crates/runtime/src/grammars/json/scan.rs		simd_scan-881ea41e6e7f9c9f	/tmp/skv15-p1/profiles-interactive/p1c/mode3_simd_scan__unicode_escapes.json.gz
p1c_simd_scan	unicode_escapes	3	15.89	61	384	poll			libsystem_kernel.dylib	/tmp/skv15-p1/profiles-interactive/p1c/mode3_simd_scan__unicode_escapes.json.gz
p1c_simd_scan	unicode_escapes	4	6.77	26	384	rot16_128	/Users/mkbabb/.cargo/registry/src/index.crates.io-1949cf8c6b5b557f/blake3-1.8.5/c/blake3_neon.c	41	simd_scan-881ea41e6e7f9c9f	/tmp/skv15-p1/profiles-interactive/p1c/mode3_simd_scan__unicode_escapes.json.gz
p1c_simd_scan	unicode_escapes	5	4.95	19	384	runtime::generated_json::scan::neon::scan	/Users/mkbabb/Programming/bbnf-lang-skv15-profile-279a60646/skinny/crates/runtime/src/grammars/json/scan.rs	217	simd_scan-881ea41e6e7f9c9f	/tmp/skv15-p1/profiles-interactive/p1c/mode3_simd_scan__unicode_escapes.json.gz
p1c_simd_scan	unicode_escapes	6	3.91	15	384	__posix_spawn			libsystem_kernel.dylib	/tmp/skv15-p1/profiles-interactive/p1c/mode3_simd_scan__unicode_escapes.json.gz
p1c_simd_scan	unicode_escapes	7	2.86	11	384	<u64>::trailing_zeros	/Users/mkbabb/.rustup/toolchains/nightly-2026-04-11-aarch64-apple-darwin/lib/rustlib/src/rust/library/core/src/num/uint_macros.rs	178	simd_scan-881ea41e6e7f9c9f	/tmp/skv15-p1/profiles-interactive/p1c/mode3_simd_scan__unicode_escapes.json.gz
p1c_simd_scan	unicode_escapes	8	1.82	7	384	read			libsystem_kernel.dylib	/tmp/skv15-p1/profiles-interactive/p1c/mode3_simd_scan__unicode_escapes.json.gz
p1c_simd_scan	unicode_escapes	9	1.04	4	384	__open			libsystem_kernel.dylib	/tmp/skv15-p1/profiles-interactive/p1c/mode3_simd_scan__unicode_escapes.json.gz
p1c_simd_scan	unicode_escapes	10	0.52	2	384	close			libsystem_kernel.dylib	/tmp/skv15-p1/profiles-interactive/p1c/mode3_simd_scan__unicode_escapes.json.gz
p1c_simd_scan	unicode_escapes	11	0.52	2	384	_platform_memmove			libsystem_platform.dylib	/tmp/skv15-p1/profiles-interactive/p1c/mode3_simd_scan__unicode_escapes.json.gz
p1c_simd_scan	unicode_escapes	12	0.52	2	384	write			libsystem_kernel.dylib	/tmp/skv15-p1/profiles-interactive/p1c/mode3_simd_scan__unicode_escapes.json.gz
p1c_simd_scan	unicode_escapes	13	0.52	2	384	madvise			libsystem_kernel.dylib	/tmp/skv15-p1/profiles-interactive/p1c/mode3_simd_scan__unicode_escapes.json.gz
p1c_simd_scan	unicode_escapes	14	0.26	1	384	core::slice::memchr::memchr_aligned::runtime	/rustc/02c7f9bec0fd583160f8bcccb830216023b07bee/library/core/src/slice/memchr.rs		simd_scan-881ea41e6e7f9c9f	/tmp/skv15-p1/profiles-interactive/p1c/mode3_simd_scan__unicode_escapes.json.gz
p1c_simd_scan	unicode_escapes	15	0.26	1	384	0x1afe10			simd_scan-881ea41e6e7f9c9f	/tmp/skv15-p1/profiles-interactive/p1c/mode3_simd_scan__unicode_escapes.json.gz
p1c_simd_scan	unicode_escapes	16	0.26	1	384	core::ptr::copy_nonoverlapping::<u8>	/Users/mkbabb/.rustup/toolchains/nightly-2026-04-11-aarch64-apple-darwin/lib/rustlib/src/rust/library/core/src/ptr/mod.rs	552	simd_scan-881ea41e6e7f9c9f	/tmp/skv15-p1/profiles-interactive/p1c/mode3_simd_scan__unicode_escapes.json.gz
p1c_simd_scan	unicode_escapes	17	0.26	1	384	core::intrinsics::rotate_right::<u32>	/Users/mkbabb/.rustup/toolchains/nightly-2026-04-11-aarch64-apple-darwin/lib/rustlib/src/rust/library/core/src/intrinsics/mod.rs	2052	simd_scan-881ea41e6e7f9c9f	/tmp/skv15-p1/profiles-interactive/p1c/mode3_simd_scan__unicode_escapes.json.gz
p1c_simd_scan	unicode_escapes	18	0.26	1	384	core::ptr::drop_in_place::<alloc::string::String>	/Users/mkbabb/.rustup/toolchains/nightly-2026-04-11-aarch64-apple-darwin/lib/rustlib/src/rust/library/core/src/ptr/mod.rs	810	simd_scan-881ea41e6e7f9c9f	/tmp/skv15-p1/profiles-interactive/p1c/mode3_simd_scan__unicode_escapes.json.gz
p1c_simd_scan	unicode_mixed	1	38.41	121	315	sha2::sha256::soft::compress	/Users/mkbabb/.cargo/registry/src/index.crates.io-1949cf8c6b5b557f/sha2-0.10.9/src/sha256/soft.rs		simd_scan-881ea41e6e7f9c9f	/tmp/skv15-p1/profiles-interactive/p1c/mode3_simd_scan__unicode_mixed.json.gz
p1c_simd_scan	unicode_mixed	2	21.27	67	315	runtime::generated_json::scan::scan_tail	/Users/mkbabb/Programming/bbnf-lang-skv15-profile-279a60646/skinny/crates/runtime/src/grammars/json/scan.rs		simd_scan-881ea41e6e7f9c9f	/tmp/skv15-p1/profiles-interactive/p1c/mode3_simd_scan__unicode_mixed.json.gz
p1c_simd_scan	unicode_mixed	3	12.06	38	315	poll			libsystem_kernel.dylib	/tmp/skv15-p1/profiles-interactive/p1c/mode3_simd_scan__unicode_mixed.json.gz
p1c_simd_scan	unicode_mixed	4	6.35	20	315	runtime::generated_json::scan::neon::scan	/Users/mkbabb/Programming/bbnf-lang-skv15-profile-279a60646/skinny/crates/runtime/src/grammars/json/scan.rs	217	simd_scan-881ea41e6e7f9c9f	/tmp/skv15-p1/profiles-interactive/p1c/mode3_simd_scan__unicode_mixed.json.gz
p1c_simd_scan	unicode_mixed	5	6.35	20	315	add_128	/Users/mkbabb/.cargo/registry/src/index.crates.io-1949cf8c6b5b557f/blake3-1.8.5/c/blake3_neon.c		simd_scan-881ea41e6e7f9c9f	/tmp/skv15-p1/profiles-interactive/p1c/mode3_simd_scan__unicode_mixed.json.gz
p1c_simd_scan	unicode_mixed	6	5.71	18	315	__posix_spawn			libsystem_kernel.dylib	/tmp/skv15-p1/profiles-interactive/p1c/mode3_simd_scan__unicode_mixed.json.gz
p1c_simd_scan	unicode_mixed	7	2.54	8	315	__open			libsystem_kernel.dylib	/tmp/skv15-p1/profiles-interactive/p1c/mode3_simd_scan__unicode_mixed.json.gz
p1c_simd_scan	unicode_mixed	8	2.22	7	315	<u64>::trailing_zeros	/Users/mkbabb/.rustup/toolchains/nightly-2026-04-11-aarch64-apple-darwin/lib/rustlib/src/rust/library/core/src/num/uint_macros.rs	178	simd_scan-881ea41e6e7f9c9f	/tmp/skv15-p1/profiles-interactive/p1c/mode3_simd_scan__unicode_mixed.json.gz
p1c_simd_scan	unicode_mixed	9	1.27	4	315	read			libsystem_kernel.dylib	/tmp/skv15-p1/profiles-interactive/p1c/mode3_simd_scan__unicode_mixed.json.gz
p1c_simd_scan	unicode_mixed	10	0.95	3	315	_platform_memmove			libsystem_platform.dylib	/tmp/skv15-p1/profiles-interactive/p1c/mode3_simd_scan__unicode_mixed.json.gz
p1c_simd_scan	unicode_mixed	11	0.63	2	315	stat			libsystem_kernel.dylib	/tmp/skv15-p1/profiles-interactive/p1c/mode3_simd_scan__unicode_mixed.json.gz
p1c_simd_scan	unicode_mixed	12	0.63	2	315	close			libsystem_kernel.dylib	/tmp/skv15-p1/profiles-interactive/p1c/mode3_simd_scan__unicode_mixed.json.gz
p1c_simd_scan	unicode_mixed	13	0.63	2	315	madvise			libsystem_kernel.dylib	/tmp/skv15-p1/profiles-interactive/p1c/mode3_simd_scan__unicode_mixed.json.gz
p1c_simd_scan	unicode_mixed	14	0.32	1	315	<mimalloc::MiMalloc as core::alloc::global::GlobalAlloc>::alloc	/Users/mkbabb/.cargo/registry/src/index.crates.io-1949cf8c6b5b557f/mimalloc-0.1.50/src/lib.rs	51	simd_scan-881ea41e6e7f9c9f	/tmp/skv15-p1/profiles-interactive/p1c/mode3_simd_scan__unicode_mixed.json.gz
p1c_simd_scan	unicode_mixed	15	0.32	1	315	0x1afe10			simd_scan-881ea41e6e7f9c9f	/tmp/skv15-p1/profiles-interactive/p1c/mode3_simd_scan__unicode_mixed.json.gz
p1c_simd_scan	unicode_mixed	16	0.32	1	315	<core::hash::sip::Hasher<core::hash::sip::Sip13Rounds> as core::hash::Hasher>::write	/Users/mkbabb/.rustup/toolchains/nightly-2026-04-11-aarch64-apple-darwin/lib/rustlib/src/rust/library/core/src/hash/sip.rs		simd_scan-881ea41e6e7f9c9f	/tmp/skv15-p1/profiles-interactive/p1c/mode3_simd_scan__unicode_mixed.json.gz
p1c_simd_scan	update_center	1	37.58	121	322	<u32>::wrapping_add	/Users/mkbabb/.rustup/toolchains/nightly-2026-04-11-aarch64-apple-darwin/lib/rustlib/src/rust/library/core/src/num/uint_macros.rs	2511	simd_scan-881ea41e6e7f9c9f	/tmp/skv15-p1/profiles-interactive/p1c/mode3_simd_scan__update_center.json.gz
p1c_simd_scan	update_center	2	20.50	66	322	runtime::generated_json::scan::scan_tail	/Users/mkbabb/Programming/bbnf-lang-skv15-profile-279a60646/skinny/crates/runtime/src/grammars/json/scan.rs		simd_scan-881ea41e6e7f9c9f	/tmp/skv15-p1/profiles-interactive/p1c/mode3_simd_scan__update_center.json.gz
p1c_simd_scan	update_center	3	13.35	43	322	poll			libsystem_kernel.dylib	/tmp/skv15-p1/profiles-interactive/p1c/mode3_simd_scan__update_center.json.gz
p1c_simd_scan	update_center	4	6.83	22	322	add_128	/Users/mkbabb/.cargo/registry/src/index.crates.io-1949cf8c6b5b557f/blake3-1.8.5/c/blake3_neon.c		simd_scan-881ea41e6e7f9c9f	/tmp/skv15-p1/profiles-interactive/p1c/mode3_simd_scan__update_center.json.gz
p1c_simd_scan	update_center	5	4.35	14	322	runtime::generated_json::scan::neon::scan	/Users/mkbabb/Programming/bbnf-lang-skv15-profile-279a60646/skinny/crates/runtime/src/grammars/json/scan.rs	217	simd_scan-881ea41e6e7f9c9f	/tmp/skv15-p1/profiles-interactive/p1c/mode3_simd_scan__update_center.json.gz
p1c_simd_scan	update_center	6	4.35	14	322	<u64>::trailing_zeros	/Users/mkbabb/.rustup/toolchains/nightly-2026-04-11-aarch64-apple-darwin/lib/rustlib/src/rust/library/core/src/num/uint_macros.rs	178	simd_scan-881ea41e6e7f9c9f	/tmp/skv15-p1/profiles-interactive/p1c/mode3_simd_scan__update_center.json.gz
p1c_simd_scan	update_center	7	4.04	13	322	__posix_spawn			libsystem_kernel.dylib	/tmp/skv15-p1/profiles-interactive/p1c/mode3_simd_scan__update_center.json.gz
p1c_simd_scan	update_center	8	1.86	6	322	__open			libsystem_kernel.dylib	/tmp/skv15-p1/profiles-interactive/p1c/mode3_simd_scan__update_center.json.gz
p1c_simd_scan	update_center	9	1.55	5	322	bbnf_simd::scalar::eob_pad_clamp::eob_pad_clamp_scalar	/Users/mkbabb/Programming/bbnf-lang-skv15-profile-279a60646/skinny/crates/bbnf-simd/src/scalar/eob_pad_clamp.rs	11	simd_scan-881ea41e6e7f9c9f	/tmp/skv15-p1/profiles-interactive/p1c/mode3_simd_scan__update_center.json.gz
p1c_simd_scan	update_center	10	1.24	4	322	_platform_memmove			libsystem_platform.dylib	/tmp/skv15-p1/profiles-interactive/p1c/mode3_simd_scan__update_center.json.gz
p1c_simd_scan	update_center	11	1.24	4	322	read			libsystem_kernel.dylib	/tmp/skv15-p1/profiles-interactive/p1c/mode3_simd_scan__update_center.json.gz
p1c_simd_scan	update_center	12	0.62	2	322	madvise			libsystem_kernel.dylib	/tmp/skv15-p1/profiles-interactive/p1c/mode3_simd_scan__update_center.json.gz
p1c_simd_scan	update_center	13	0.31	1	322	<clap_builder::parser::parser::Parser>::possible_subcommand	/Users/mkbabb/.cargo/registry/src/index.crates.io-1949cf8c6b5b557f/clap_builder-4.6.0/src/parser/parser.rs	584	simd_scan-881ea41e6e7f9c9f	/tmp/skv15-p1/profiles-interactive/p1c/mode3_simd_scan__update_center.json.gz
p1c_simd_scan	update_center	14	0.31	1	322	posix_spawn			libsystem_kernel.dylib	/tmp/skv15-p1/profiles-interactive/p1c/mode3_simd_scan__update_center.json.gz
p1c_simd_scan	update_center	15	0.31	1	322	mi_block_set_nextx	/Users/mkbabb/.cargo/registry/src/index.crates.io-1949cf8c6b5b557f/libmimalloc-sys-0.1.47/c_src/mimalloc/v3/include/mimalloc/internal.h	1070	simd_scan-881ea41e6e7f9c9f	/tmp/skv15-p1/profiles-interactive/p1c/mode3_simd_scan__update_center.json.gz
p1c_simd_scan	update_center	16	0.31	1	322	close			libsystem_kernel.dylib	/tmp/skv15-p1/profiles-interactive/p1c/mode3_simd_scan__update_center.json.gz
p1c_simd_scan	update_center	17	0.31	1	322	<core::fmt::Formatter>::pad_integral	/rustc/02c7f9bec0fd583160f8bcccb830216023b07bee/library/core/src/fmt/mod.rs	1826	simd_scan-881ea41e6e7f9c9f	/tmp/skv15-p1/profiles-interactive/p1c/mode3_simd_scan__update_center.json.gz
p1c_simd_scan	update_center	18	0.31	1	322	getrusage			libsystem_kernel.dylib	/tmp/skv15-p1/profiles-interactive/p1c/mode3_simd_scan__update_center.json.gz
p1c_simd_scan	update_center	19	0.31	1	322	bbnf_simd::scalar::bitmap_prefix_xor_64::bitmap_prefix_xor_64_scalar	/Users/mkbabb/Programming/bbnf-lang-skv15-profile-279a60646/skinny/crates/bbnf-simd/src/scalar/bitmap_prefix_xor_64.rs	9	simd_scan-881ea41e6e7f9c9f	/tmp/skv15-p1/profiles-interactive/p1c/mode3_simd_scan__update_center.json.gz
p1c_simd_scan	update_center	20	0.31	1	322	mach_absolute_time			libsystem_kernel.dylib	/tmp/skv15-p1/profiles-interactive/p1c/mode3_simd_scan__update_center.json.gz
p1c_simd_scan	y_string_unicode	1	38.66	121	313	sha2::sha256::soft::sha256_digest_round_x2	/Users/mkbabb/.cargo/registry/src/index.crates.io-1949cf8c6b5b557f/sha2-0.10.9/src/sha256/soft.rs	82	simd_scan-881ea41e6e7f9c9f	/tmp/skv15-p1/profiles-interactive/p1c/mode3_simd_scan__y_string_unicode.json.gz
p1c_simd_scan	y_string_unicode	2	18.53	58	313	runtime::generated_json::scan::scan_tail	/Users/mkbabb/Programming/bbnf-lang-skv15-profile-279a60646/skinny/crates/runtime/src/grammars/json/scan.rs		simd_scan-881ea41e6e7f9c9f	/tmp/skv15-p1/profiles-interactive/p1c/mode3_simd_scan__y_string_unicode.json.gz
p1c_simd_scan	y_string_unicode	3	13.10	41	313	poll			libsystem_kernel.dylib	/tmp/skv15-p1/profiles-interactive/p1c/mode3_simd_scan__y_string_unicode.json.gz
p1c_simd_scan	y_string_unicode	4	6.71	21	313	set1_128	/Users/mkbabb/.cargo/registry/src/index.crates.io-1949cf8c6b5b557f/blake3-1.8.5/c/blake3_neon.c	29	simd_scan-881ea41e6e7f9c9f	/tmp/skv15-p1/profiles-interactive/p1c/mode3_simd_scan__y_string_unicode.json.gz
p1c_simd_scan	y_string_unicode	5	5.43	17	313	<mimalloc::MiMalloc as core::alloc::global::GlobalAlloc>::alloc	/Users/mkbabb/.cargo/registry/src/index.crates.io-1949cf8c6b5b557f/mimalloc-0.1.50/src/lib.rs	51	simd_scan-881ea41e6e7f9c9f	/tmp/skv15-p1/profiles-interactive/p1c/mode3_simd_scan__y_string_unicode.json.gz
p1c_simd_scan	y_string_unicode	6	3.83	12	313	__posix_spawn			libsystem_kernel.dylib	/tmp/skv15-p1/profiles-interactive/p1c/mode3_simd_scan__y_string_unicode.json.gz
p1c_simd_scan	y_string_unicode	7	3.51	11	313	<u64>::trailing_zeros	/Users/mkbabb/.rustup/toolchains/nightly-2026-04-11-aarch64-apple-darwin/lib/rustlib/src/rust/library/core/src/num/uint_macros.rs	178	simd_scan-881ea41e6e7f9c9f	/tmp/skv15-p1/profiles-interactive/p1c/mode3_simd_scan__y_string_unicode.json.gz
p1c_simd_scan	y_string_unicode	8	3.19	10	313	__open			libsystem_kernel.dylib	/tmp/skv15-p1/profiles-interactive/p1c/mode3_simd_scan__y_string_unicode.json.gz
p1c_simd_scan	y_string_unicode	9	2.88	9	313	read			libsystem_kernel.dylib	/tmp/skv15-p1/profiles-interactive/p1c/mode3_simd_scan__y_string_unicode.json.gz
p1c_simd_scan	y_string_unicode	10	0.64	2	313	close			libsystem_kernel.dylib	/tmp/skv15-p1/profiles-interactive/p1c/mode3_simd_scan__y_string_unicode.json.gz
p1c_simd_scan	y_string_unicode	11	0.64	2	313	_platform_memmove			libsystem_platform.dylib	/tmp/skv15-p1/profiles-interactive/p1c/mode3_simd_scan__y_string_unicode.json.gz
p1c_simd_scan	y_string_unicode	12	0.64	2	313	mi_block_set_nextx	/Users/mkbabb/.cargo/registry/src/index.crates.io-1949cf8c6b5b557f/libmimalloc-sys-0.1.47/c_src/mimalloc/v3/include/mimalloc/internal.h	1070	simd_scan-881ea41e6e7f9c9f	/tmp/skv15-p1/profiles-interactive/p1c/mode3_simd_scan__y_string_unicode.json.gz
p1c_simd_scan	y_string_unicode	13	0.64	2	313	madvise			libsystem_kernel.dylib	/tmp/skv15-p1/profiles-interactive/p1c/mode3_simd_scan__y_string_unicode.json.gz
p1c_simd_scan	y_string_unicode	14	0.32	1	313	<alloc::raw_vec::RawVecInner>::current_memory	/Users/mkbabb/.rustup/toolchains/nightly-2026-04-11-aarch64-apple-darwin/lib/rustlib/src/rust/library/alloc/src/raw_vec/mod.rs	634	simd_scan-881ea41e6e7f9c9f	/tmp/skv15-p1/profiles-interactive/p1c/mode3_simd_scan__y_string_unicode.json.gz
p1c_simd_scan	y_string_unicode	15	0.32	1	313	core::ptr::copy_nonoverlapping::<u8>	/Users/mkbabb/.rustup/toolchains/nightly-2026-04-11-aarch64-apple-darwin/lib/rustlib/src/rust/library/core/src/ptr/mod.rs	552	simd_scan-881ea41e6e7f9c9f	/tmp/skv15-p1/profiles-interactive/p1c/mode3_simd_scan__y_string_unicode.json.gz
p1c_simd_scan	y_string_unicode	16	0.32	1	313	mi_option_get	/Users/mkbabb/.cargo/registry/src/index.crates.io-1949cf8c6b5b557f/libmimalloc-sys-0.1.47/c_src/mimalloc/v3/src/options.c	275	simd_scan-881ea41e6e7f9c9f	/tmp/skv15-p1/profiles-interactive/p1c/mode3_simd_scan__y_string_unicode.json.gz
p1c_simd_scan	y_string_unicode	17	0.32	1	313	0x1afe10			simd_scan-881ea41e6e7f9c9f	/tmp/skv15-p1/profiles-interactive/p1c/mode3_simd_scan__y_string_unicode.json.gz
p1c_simd_scan	y_string_unicode	18	0.32	1	313	mi_page_fresh_alloc	/Users/mkbabb/.cargo/registry/src/index.crates.io-1949cf8c6b5b557f/libmimalloc-sys-0.1.47/c_src/mimalloc/v3/src/page.c	324	simd_scan-881ea41e6e7f9c9f	/tmp/skv15-p1/profiles-interactive/p1c/mode3_simd_scan__y_string_unicode.json.gz
