lane	family	plane	corpus	mode	alias	iters	cwd	binary	expected_rc_policy	output_artifact	status_artifact	command	notes
pmu	pmu-direct	direct	apache_builds	track1	apache_builds	31429	/Users/mkbabb/Programming/bbnf-lang/skinny	/tmp/skv12-profile-target-50bd1648/release/profile_direct	rc=0 required	/tmp/skv12-p1/logs/pmu-direct-apache_builds-track1.rerun.log.out	/tmp/skv12-p1/pmu/capture_status.tsv	cd /Users/mkbabb/Programming/bbnf-lang/skinny && /tmp/skv12-profile-target-50bd1648/release/profile_direct 31429 apache_builds track1 > /tmp/skv12-p1/logs/pmu-direct-apache_builds-track1.rerun.log.out 2> /tmp/skv12-p1/logs/pmu-direct-apache_builds-track1.rerun.log.err	PMU row authority; cycles and instructions are emitted by the probe binary via proc_pid_rusage.
pmu	pmu-direct	direct	apache_builds	track2	apache_builds	31429	/Users/mkbabb/Programming/bbnf-lang/skinny	/tmp/skv12-profile-target-50bd1648/release/profile_direct	rc=0 required	/tmp/skv12-p1/logs/pmu-direct-apache_builds-track2.rerun.log.out	/tmp/skv12-p1/pmu/capture_status.tsv	cd /Users/mkbabb/Programming/bbnf-lang/skinny && /tmp/skv12-profile-target-50bd1648/release/profile_direct 31429 apache_builds track2 > /tmp/skv12-p1/logs/pmu-direct-apache_builds-track2.rerun.log.out 2> /tmp/skv12-p1/logs/pmu-direct-apache_builds-track2.rerun.log.err	PMU row authority; cycles and instructions are emitted by the probe binary via proc_pid_rusage.
pmu	pmu-direct	direct	canada	track1	canada	1777	/Users/mkbabb/Programming/bbnf-lang/skinny	/tmp/skv12-profile-target-50bd1648/release/profile_direct	rc=0 required	/tmp/skv12-p1/logs/pmu-direct-canada-track1.rerun.log.out	/tmp/skv12-p1/pmu/capture_status.tsv	cd /Users/mkbabb/Programming/bbnf-lang/skinny && /tmp/skv12-profile-target-50bd1648/release/profile_direct 1777 canada track1 > /tmp/skv12-p1/logs/pmu-direct-canada-track1.rerun.log.out 2> /tmp/skv12-p1/logs/pmu-direct-canada-track1.rerun.log.err	PMU row authority; cycles and instructions are emitted by the probe binary via proc_pid_rusage.
pmu	pmu-direct	direct	canada	track2	canada	1777	/Users/mkbabb/Programming/bbnf-lang/skinny	/tmp/skv12-profile-target-50bd1648/release/profile_direct	rc=0 required	/tmp/skv12-p1/logs/pmu-direct-canada-track2.rerun.log.out	/tmp/skv12-p1/pmu/capture_status.tsv	cd /Users/mkbabb/Programming/bbnf-lang/skinny && /tmp/skv12-profile-target-50bd1648/release/profile_direct 1777 canada track2 > /tmp/skv12-p1/logs/pmu-direct-canada-track2.rerun.log.out 2> /tmp/skv12-p1/logs/pmu-direct-canada-track2.rerun.log.err	PMU row authority; cycles and instructions are emitted by the probe binary via proc_pid_rusage.
pmu	pmu-direct	direct	citm_catalog	track1	citm_catalog	2316	/Users/mkbabb/Programming/bbnf-lang/skinny	/tmp/skv12-profile-target-50bd1648/release/profile_direct	rc=0 required	/tmp/skv12-p1/logs/pmu-direct-citm_catalog-track1.rerun.log.out	/tmp/skv12-p1/pmu/capture_status.tsv	cd /Users/mkbabb/Programming/bbnf-lang/skinny && /tmp/skv12-profile-target-50bd1648/release/profile_direct 2316 citm_catalog track1 > /tmp/skv12-p1/logs/pmu-direct-citm_catalog-track1.rerun.log.out 2> /tmp/skv12-p1/logs/pmu-direct-citm_catalog-track1.rerun.log.err	PMU row authority; cycles and instructions are emitted by the probe binary via proc_pid_rusage.
pmu	pmu-direct	direct	citm_catalog	track2	citm_catalog	2316	/Users/mkbabb/Programming/bbnf-lang/skinny	/tmp/skv12-profile-target-50bd1648/release/profile_direct	rc=0 required	/tmp/skv12-p1/logs/pmu-direct-citm_catalog-track2.rerun.log.out	/tmp/skv12-p1/pmu/capture_status.tsv	cd /Users/mkbabb/Programming/bbnf-lang/skinny && /tmp/skv12-profile-target-50bd1648/release/profile_direct 2316 citm_catalog track2 > /tmp/skv12-p1/logs/pmu-direct-citm_catalog-track2.rerun.log.out 2> /tmp/skv12-p1/logs/pmu-direct-citm_catalog-track2.rerun.log.err	PMU row authority; cycles and instructions are emitted by the probe binary via proc_pid_rusage.
pmu	pmu-direct	direct	distinct_values	track1	distinct_values	26037	/Users/mkbabb/Programming/bbnf-lang/skinny	/tmp/skv12-profile-target-50bd1648/release/profile_direct	rc=0 required	/tmp/skv12-p1/logs/pmu-direct-distinct_values-track1.rerun.log.out	/tmp/skv12-p1/pmu/capture_status.tsv	cd /Users/mkbabb/Programming/bbnf-lang/skinny && /tmp/skv12-profile-target-50bd1648/release/profile_direct 26037 distinct_values track1 > /tmp/skv12-p1/logs/pmu-direct-distinct_values-track1.rerun.log.out 2> /tmp/skv12-p1/logs/pmu-direct-distinct_values-track1.rerun.log.err	PMU row authority; cycles and instructions are emitted by the probe binary via proc_pid_rusage.
pmu	pmu-direct	direct	distinct_values	track2	distinct_values	26037	/Users/mkbabb/Programming/bbnf-lang/skinny	/tmp/skv12-profile-target-50bd1648/release/profile_direct	rc=0 required	/tmp/skv12-p1/logs/pmu-direct-distinct_values-track2.rerun.log.out	/tmp/skv12-p1/pmu/capture_status.tsv	cd /Users/mkbabb/Programming/bbnf-lang/skinny && /tmp/skv12-profile-target-50bd1648/release/profile_direct 26037 distinct_values track2 > /tmp/skv12-p1/logs/pmu-direct-distinct_values-track2.rerun.log.out 2> /tmp/skv12-p1/logs/pmu-direct-distinct_values-track2.rerun.log.err	PMU row authority; cycles and instructions are emitted by the probe binary via proc_pid_rusage.
pmu	pmu-direct	direct	github_events	track1	github_events	61414	/Users/mkbabb/Programming/bbnf-lang/skinny	/tmp/skv12-profile-target-50bd1648/release/profile_direct	rc=0 required	/tmp/skv12-p1/logs/pmu-direct-github_events-track1.rerun.log.out	/tmp/skv12-p1/pmu/capture_status.tsv	cd /Users/mkbabb/Programming/bbnf-lang/skinny && /tmp/skv12-profile-target-50bd1648/release/profile_direct 61414 github_events track1 > /tmp/skv12-p1/logs/pmu-direct-github_events-track1.rerun.log.out 2> /tmp/skv12-p1/logs/pmu-direct-github_events-track1.rerun.log.err	PMU row authority; cycles and instructions are emitted by the probe binary via proc_pid_rusage.
pmu	pmu-direct	direct	github_events	track2	github_events	61414	/Users/mkbabb/Programming/bbnf-lang/skinny	/tmp/skv12-profile-target-50bd1648/release/profile_direct	rc=0 required	/tmp/skv12-p1/logs/pmu-direct-github_events-track2.rerun.log.out	/tmp/skv12-p1/pmu/capture_status.tsv	cd /Users/mkbabb/Programming/bbnf-lang/skinny && /tmp/skv12-profile-target-50bd1648/release/profile_direct 61414 github_events track2 > /tmp/skv12-p1/logs/pmu-direct-github_events-track2.rerun.log.out 2> /tmp/skv12-p1/logs/pmu-direct-github_events-track2.rerun.log.err	PMU row authority; cycles and instructions are emitted by the probe binary via proc_pid_rusage.
pmu	pmu-direct	direct	gsoc-2018	track1	gsoc-2018	1202	/Users/mkbabb/Programming/bbnf-lang/skinny	/tmp/skv12-profile-target-50bd1648/release/profile_direct	rc=0 required	/tmp/skv12-p1/logs/pmu-direct-gsoc-2018-track1.rerun.log.out	/tmp/skv12-p1/pmu/capture_status.tsv	cd /Users/mkbabb/Programming/bbnf-lang/skinny && /tmp/skv12-profile-target-50bd1648/release/profile_direct 1202 gsoc-2018 track1 > /tmp/skv12-p1/logs/pmu-direct-gsoc-2018-track1.rerun.log.out 2> /tmp/skv12-p1/logs/pmu-direct-gsoc-2018-track1.rerun.log.err	PMU row authority; cycles and instructions are emitted by the probe binary via proc_pid_rusage.
pmu	pmu-direct	direct	gsoc-2018	track2	gsoc-2018	1202	/Users/mkbabb/Programming/bbnf-lang/skinny	/tmp/skv12-profile-target-50bd1648/release/profile_direct	rc=0 required	/tmp/skv12-p1/logs/pmu-direct-gsoc-2018-track2.rerun.log.out	/tmp/skv12-p1/pmu/capture_status.tsv	cd /Users/mkbabb/Programming/bbnf-lang/skinny && /tmp/skv12-profile-target-50bd1648/release/profile_direct 1202 gsoc-2018 track2 > /tmp/skv12-p1/logs/pmu-direct-gsoc-2018-track2.rerun.log.out 2> /tmp/skv12-p1/logs/pmu-direct-gsoc-2018-track2.rerun.log.err	PMU row authority; cycles and instructions are emitted by the probe binary via proc_pid_rusage.
pmu	pmu-direct	direct	instruments	track1	instruments	18154	/Users/mkbabb/Programming/bbnf-lang/skinny	/tmp/skv12-profile-target-50bd1648/release/profile_direct	rc=0 required	/tmp/skv12-p1/logs/pmu-direct-instruments-track1.rerun.log.out	/tmp/skv12-p1/pmu/capture_status.tsv	cd /Users/mkbabb/Programming/bbnf-lang/skinny && /tmp/skv12-profile-target-50bd1648/release/profile_direct 18154 instruments track1 > /tmp/skv12-p1/logs/pmu-direct-instruments-track1.rerun.log.out 2> /tmp/skv12-p1/logs/pmu-direct-instruments-track1.rerun.log.err	PMU row authority; cycles and instructions are emitted by the probe binary via proc_pid_rusage.
pmu	pmu-direct	direct	instruments	track2	instruments	18154	/Users/mkbabb/Programming/bbnf-lang/skinny	/tmp/skv12-profile-target-50bd1648/release/profile_direct	rc=0 required	/tmp/skv12-p1/logs/pmu-direct-instruments-track2.rerun.log.out	/tmp/skv12-p1/pmu/capture_status.tsv	cd /Users/mkbabb/Programming/bbnf-lang/skinny && /tmp/skv12-profile-target-50bd1648/release/profile_direct 18154 instruments track2 > /tmp/skv12-p1/logs/pmu-direct-instruments-track2.rerun.log.out 2> /tmp/skv12-p1/logs/pmu-direct-instruments-track2.rerun.log.err	PMU row authority; cycles and instructions are emitted by the probe binary via proc_pid_rusage.
pmu	pmu-direct	direct	marine_ik	track1	marine_ik	1341	/Users/mkbabb/Programming/bbnf-lang/skinny	/tmp/skv12-profile-target-50bd1648/release/profile_direct	rc=0 required	/tmp/skv12-p1/logs/pmu-direct-marine_ik-track1.rerun.log.out	/tmp/skv12-p1/pmu/capture_status.tsv	cd /Users/mkbabb/Programming/bbnf-lang/skinny && /tmp/skv12-profile-target-50bd1648/release/profile_direct 1341 marine_ik track1 > /tmp/skv12-p1/logs/pmu-direct-marine_ik-track1.rerun.log.out 2> /tmp/skv12-p1/logs/pmu-direct-marine_ik-track1.rerun.log.err	PMU row authority; cycles and instructions are emitted by the probe binary via proc_pid_rusage.
pmu	pmu-direct	direct	marine_ik	track2	marine_ik	1341	/Users/mkbabb/Programming/bbnf-lang/skinny	/tmp/skv12-profile-target-50bd1648/release/profile_direct	rc=0 required	/tmp/skv12-p1/logs/pmu-direct-marine_ik-track2.rerun.log.out	/tmp/skv12-p1/pmu/capture_status.tsv	cd /Users/mkbabb/Programming/bbnf-lang/skinny && /tmp/skv12-profile-target-50bd1648/release/profile_direct 1341 marine_ik track2 > /tmp/skv12-p1/logs/pmu-direct-marine_ik-track2.rerun.log.out 2> /tmp/skv12-p1/logs/pmu-direct-marine_ik-track2.rerun.log.err	PMU row authority; cycles and instructions are emitted by the probe binary via proc_pid_rusage.
pmu	pmu-direct	direct	mesh	track1	mesh	5528	/Users/mkbabb/Programming/bbnf-lang/skinny	/tmp/skv12-profile-target-50bd1648/release/profile_direct	rc=0 required	/tmp/skv12-p1/logs/pmu-direct-mesh-track1.rerun.log.out	/tmp/skv12-p1/pmu/capture_status.tsv	cd /Users/mkbabb/Programming/bbnf-lang/skinny && /tmp/skv12-profile-target-50bd1648/release/profile_direct 5528 mesh track1 > /tmp/skv12-p1/logs/pmu-direct-mesh-track1.rerun.log.out 2> /tmp/skv12-p1/logs/pmu-direct-mesh-track1.rerun.log.err	PMU row authority; cycles and instructions are emitted by the probe binary via proc_pid_rusage.
pmu	pmu-direct	direct	mesh	track2	mesh	5528	/Users/mkbabb/Programming/bbnf-lang/skinny	/tmp/skv12-profile-target-50bd1648/release/profile_direct	rc=0 required	/tmp/skv12-p1/logs/pmu-direct-mesh-track2.rerun.log.out	/tmp/skv12-p1/pmu/capture_status.tsv	cd /Users/mkbabb/Programming/bbnf-lang/skinny && /tmp/skv12-profile-target-50bd1648/release/profile_direct 5528 mesh track2 > /tmp/skv12-p1/logs/pmu-direct-mesh-track2.rerun.log.out 2> /tmp/skv12-p1/logs/pmu-direct-mesh-track2.rerun.log.err	PMU row authority; cycles and instructions are emitted by the probe binary via proc_pid_rusage.
pmu	pmu-direct	direct	numbers	track1	numbers	26645	/Users/mkbabb/Programming/bbnf-lang/skinny	/tmp/skv12-profile-target-50bd1648/release/profile_direct	rc=0 required	/tmp/skv12-p1/logs/pmu-direct-numbers-track1.rerun.log.out	/tmp/skv12-p1/pmu/capture_status.tsv	cd /Users/mkbabb/Programming/bbnf-lang/skinny && /tmp/skv12-profile-target-50bd1648/release/profile_direct 26645 numbers track1 > /tmp/skv12-p1/logs/pmu-direct-numbers-track1.rerun.log.out 2> /tmp/skv12-p1/logs/pmu-direct-numbers-track1.rerun.log.err	PMU row authority; cycles and instructions are emitted by the probe binary via proc_pid_rusage.
pmu	pmu-direct	direct	numbers	track2	numbers	26645	/Users/mkbabb/Programming/bbnf-lang/skinny	/tmp/skv12-profile-target-50bd1648/release/profile_direct	rc=0 required	/tmp/skv12-p1/logs/pmu-direct-numbers-track2.rerun.log.out	/tmp/skv12-p1/pmu/capture_status.tsv	cd /Users/mkbabb/Programming/bbnf-lang/skinny && /tmp/skv12-profile-target-50bd1648/release/profile_direct 26645 numbers track2 > /tmp/skv12-p1/logs/pmu-direct-numbers-track2.rerun.log.out 2> /tmp/skv12-p1/logs/pmu-direct-numbers-track2.rerun.log.err	PMU row authority; cycles and instructions are emitted by the probe binary via proc_pid_rusage.
pmu	pmu-direct	direct	random	track1	random	7836	/Users/mkbabb/Programming/bbnf-lang/skinny	/tmp/skv12-profile-target-50bd1648/release/profile_direct	rc=0 required	/tmp/skv12-p1/logs/pmu-direct-random-track1.rerun.log.out	/tmp/skv12-p1/pmu/capture_status.tsv	cd /Users/mkbabb/Programming/bbnf-lang/skinny && /tmp/skv12-profile-target-50bd1648/release/profile_direct 7836 random track1 > /tmp/skv12-p1/logs/pmu-direct-random-track1.rerun.log.out 2> /tmp/skv12-p1/logs/pmu-direct-random-track1.rerun.log.err	PMU row authority; cycles and instructions are emitted by the probe binary via proc_pid_rusage.
pmu	pmu-direct	direct	random	track2	random	7836	/Users/mkbabb/Programming/bbnf-lang/skinny	/tmp/skv12-profile-target-50bd1648/release/profile_direct	rc=0 required	/tmp/skv12-p1/logs/pmu-direct-random-track2.rerun.log.out	/tmp/skv12-p1/pmu/capture_status.tsv	cd /Users/mkbabb/Programming/bbnf-lang/skinny && /tmp/skv12-profile-target-50bd1648/release/profile_direct 7836 random track2 > /tmp/skv12-p1/logs/pmu-direct-random-track2.rerun.log.out 2> /tmp/skv12-p1/logs/pmu-direct-random-track2.rerun.log.err	PMU row authority; cycles and instructions are emitted by the probe binary via proc_pid_rusage.
pmu	pmu-direct	direct	twitter	track1	twitter	6334	/Users/mkbabb/Programming/bbnf-lang/skinny	/tmp/skv12-profile-target-50bd1648/release/profile_direct	rc=0 required	/tmp/skv12-p1/logs/pmu-direct-twitter-track1.rerun.log.out	/tmp/skv12-p1/pmu/capture_status.tsv	cd /Users/mkbabb/Programming/bbnf-lang/skinny && /tmp/skv12-profile-target-50bd1648/release/profile_direct 6334 twitter track1 > /tmp/skv12-p1/logs/pmu-direct-twitter-track1.rerun.log.out 2> /tmp/skv12-p1/logs/pmu-direct-twitter-track1.rerun.log.err	PMU row authority; cycles and instructions are emitted by the probe binary via proc_pid_rusage.
pmu	pmu-direct	direct	twitter	track2	twitter	6334	/Users/mkbabb/Programming/bbnf-lang/skinny	/tmp/skv12-profile-target-50bd1648/release/profile_direct	rc=0 required	/tmp/skv12-p1/logs/pmu-direct-twitter-track2.rerun.log.out	/tmp/skv12-p1/pmu/capture_status.tsv	cd /Users/mkbabb/Programming/bbnf-lang/skinny && /tmp/skv12-profile-target-50bd1648/release/profile_direct 6334 twitter track2 > /tmp/skv12-p1/logs/pmu-direct-twitter-track2.rerun.log.out 2> /tmp/skv12-p1/logs/pmu-direct-twitter-track2.rerun.log.err	PMU row authority; cycles and instructions are emitted by the probe binary via proc_pid_rusage.
pmu	pmu-direct	direct	unicode_basic	track1	unicode_basic	3815	/Users/mkbabb/Programming/bbnf-lang/skinny	/tmp/skv12-profile-target-50bd1648/release/profile_direct	rc=0 required	/tmp/skv12-p1/logs/pmu-direct-unicode_basic-track1.rerun.log.out	/tmp/skv12-p1/pmu/capture_status.tsv	cd /Users/mkbabb/Programming/bbnf-lang/skinny && /tmp/skv12-profile-target-50bd1648/release/profile_direct 3815 unicode_basic track1 > /tmp/skv12-p1/logs/pmu-direct-unicode_basic-track1.rerun.log.out 2> /tmp/skv12-p1/logs/pmu-direct-unicode_basic-track1.rerun.log.err	PMU row authority; cycles and instructions are emitted by the probe binary via proc_pid_rusage.
pmu	pmu-direct	direct	unicode_basic	track2	unicode_basic	3815	/Users/mkbabb/Programming/bbnf-lang/skinny	/tmp/skv12-profile-target-50bd1648/release/profile_direct	rc=0 required	/tmp/skv12-p1/logs/pmu-direct-unicode_basic-track2.rerun.log.out	/tmp/skv12-p1/pmu/capture_status.tsv	cd /Users/mkbabb/Programming/bbnf-lang/skinny && /tmp/skv12-profile-target-50bd1648/release/profile_direct 3815 unicode_basic track2 > /tmp/skv12-p1/logs/pmu-direct-unicode_basic-track2.rerun.log.out 2> /tmp/skv12-p1/logs/pmu-direct-unicode_basic-track2.rerun.log.err	PMU row authority; cycles and instructions are emitted by the probe binary via proc_pid_rusage.
pmu	pmu-direct	direct	unicode_escapes	track1	unicode_escapes	3807	/Users/mkbabb/Programming/bbnf-lang/skinny	/tmp/skv12-profile-target-50bd1648/release/profile_direct	rc=0 required	/tmp/skv12-p1/logs/pmu-direct-unicode_escapes-track1.rerun.log.out	/tmp/skv12-p1/pmu/capture_status.tsv	cd /Users/mkbabb/Programming/bbnf-lang/skinny && /tmp/skv12-profile-target-50bd1648/release/profile_direct 3807 unicode_escapes track1 > /tmp/skv12-p1/logs/pmu-direct-unicode_escapes-track1.rerun.log.out 2> /tmp/skv12-p1/logs/pmu-direct-unicode_escapes-track1.rerun.log.err	PMU row authority; cycles and instructions are emitted by the probe binary via proc_pid_rusage.
pmu	pmu-direct	direct	unicode_escapes	track2	unicode_escapes	3807	/Users/mkbabb/Programming/bbnf-lang/skinny	/tmp/skv12-profile-target-50bd1648/release/profile_direct	rc=0 required	/tmp/skv12-p1/logs/pmu-direct-unicode_escapes-track2.rerun.log.out	/tmp/skv12-p1/pmu/capture_status.tsv	cd /Users/mkbabb/Programming/bbnf-lang/skinny && /tmp/skv12-profile-target-50bd1648/release/profile_direct 3807 unicode_escapes track2 > /tmp/skv12-p1/logs/pmu-direct-unicode_escapes-track2.rerun.log.out 2> /tmp/skv12-p1/logs/pmu-direct-unicode_escapes-track2.rerun.log.err	PMU row authority; cycles and instructions are emitted by the probe binary via proc_pid_rusage.
pmu	pmu-direct	direct	unicode_mixed	track1	unicode_mixed	3799	/Users/mkbabb/Programming/bbnf-lang/skinny	/tmp/skv12-profile-target-50bd1648/release/profile_direct	rc=0 required	/tmp/skv12-p1/logs/pmu-direct-unicode_mixed-track1.rerun.log.out	/tmp/skv12-p1/pmu/capture_status.tsv	cd /Users/mkbabb/Programming/bbnf-lang/skinny && /tmp/skv12-profile-target-50bd1648/release/profile_direct 3799 unicode_mixed track1 > /tmp/skv12-p1/logs/pmu-direct-unicode_mixed-track1.rerun.log.out 2> /tmp/skv12-p1/logs/pmu-direct-unicode_mixed-track1.rerun.log.err	PMU row authority; cycles and instructions are emitted by the probe binary via proc_pid_rusage.
pmu	pmu-direct	direct	unicode_mixed	track2	unicode_mixed	3799	/Users/mkbabb/Programming/bbnf-lang/skinny	/tmp/skv12-profile-target-50bd1648/release/profile_direct	rc=0 required	/tmp/skv12-p1/logs/pmu-direct-unicode_mixed-track2.rerun.log.out	/tmp/skv12-p1/pmu/capture_status.tsv	cd /Users/mkbabb/Programming/bbnf-lang/skinny && /tmp/skv12-profile-target-50bd1648/release/profile_direct 3799 unicode_mixed track2 > /tmp/skv12-p1/logs/pmu-direct-unicode_mixed-track2.rerun.log.out 2> /tmp/skv12-p1/logs/pmu-direct-unicode_mixed-track2.rerun.log.err	PMU row authority; cycles and instructions are emitted by the probe binary via proc_pid_rusage.
pmu	pmu-direct	direct	update_center	track1	update-center	7503	/Users/mkbabb/Programming/bbnf-lang/skinny	/tmp/skv12-profile-target-50bd1648/release/profile_direct	rc=0 required	/tmp/skv12-p1/logs/pmu-direct-update_center-track1.rerun.log.out	/tmp/skv12-p1/pmu/capture_status.tsv	cd /Users/mkbabb/Programming/bbnf-lang/skinny && /tmp/skv12-profile-target-50bd1648/release/profile_direct 7503 update-center track1 > /tmp/skv12-p1/logs/pmu-direct-update_center-track1.rerun.log.out 2> /tmp/skv12-p1/logs/pmu-direct-update_center-track1.rerun.log.err	PMU row authority; cycles and instructions are emitted by the probe binary via proc_pid_rusage.
pmu	pmu-direct	direct	update_center	track2	update-center	7503	/Users/mkbabb/Programming/bbnf-lang/skinny	/tmp/skv12-profile-target-50bd1648/release/profile_direct	rc=0 required	/tmp/skv12-p1/logs/pmu-direct-update_center-track2.rerun.log.out	/tmp/skv12-p1/pmu/capture_status.tsv	cd /Users/mkbabb/Programming/bbnf-lang/skinny && /tmp/skv12-profile-target-50bd1648/release/profile_direct 7503 update-center track2 > /tmp/skv12-p1/logs/pmu-direct-update_center-track2.rerun.log.out 2> /tmp/skv12-p1/logs/pmu-direct-update_center-track2.rerun.log.err	PMU row authority; cycles and instructions are emitted by the probe binary via proc_pid_rusage.
pmu	pmu-direct	direct	y_string_unicode	track1	y_string_unicode	100000	/Users/mkbabb/Programming/bbnf-lang/skinny	/tmp/skv12-profile-target-50bd1648/release/profile_direct	rc=0 required	/tmp/skv12-p1/logs/pmu-direct-y_string_unicode-track1.rerun.log.out	/tmp/skv12-p1/pmu/capture_status.tsv	cd /Users/mkbabb/Programming/bbnf-lang/skinny && /tmp/skv12-profile-target-50bd1648/release/profile_direct 100000 y_string_unicode track1 > /tmp/skv12-p1/logs/pmu-direct-y_string_unicode-track1.rerun.log.out 2> /tmp/skv12-p1/logs/pmu-direct-y_string_unicode-track1.rerun.log.err	PMU row authority; cycles and instructions are emitted by the probe binary via proc_pid_rusage.
pmu	pmu-direct	direct	y_string_unicode	track2	y_string_unicode	100000	/Users/mkbabb/Programming/bbnf-lang/skinny	/tmp/skv12-profile-target-50bd1648/release/profile_direct	rc=0 required	/tmp/skv12-p1/logs/pmu-direct-y_string_unicode-track2.rerun.log.out	/tmp/skv12-p1/pmu/capture_status.tsv	cd /Users/mkbabb/Programming/bbnf-lang/skinny && /tmp/skv12-profile-target-50bd1648/release/profile_direct 100000 y_string_unicode track2 > /tmp/skv12-p1/logs/pmu-direct-y_string_unicode-track2.rerun.log.out 2> /tmp/skv12-p1/logs/pmu-direct-y_string_unicode-track2.rerun.log.err	PMU row authority; cycles and instructions are emitted by the probe binary via proc_pid_rusage.
pmu	pmu-parse	parse	apache_builds	track1	apache_builds.json	31429	/Users/mkbabb/Programming/bbnf-lang/skinny	/tmp/skv12-profile-target-50bd1648/release/xctrace_probe	rc=0 required	/tmp/skv12-p1/logs/pmu-parse-apache_builds-track1.log.out	/tmp/skv12-p1/pmu/capture_status.tsv	cd /Users/mkbabb/Programming/bbnf-lang/skinny && /tmp/skv12-profile-target-50bd1648/release/xctrace_probe /Users/mkbabb/Programming/bbnf-lang/skinny/test_data/apache_builds.json track1 31429 > /tmp/skv12-p1/logs/pmu-parse-apache_builds-track1.log.out 2> /tmp/skv12-p1/logs/pmu-parse-apache_builds-track1.log.err	PMU row authority; cycles and instructions are emitted by the probe binary via proc_pid_rusage.
pmu	pmu-parse	parse	apache_builds	track2	apache_builds.json	31429	/Users/mkbabb/Programming/bbnf-lang/skinny	/tmp/skv12-profile-target-50bd1648/release/xctrace_probe	rc=0 required	/tmp/skv12-p1/logs/pmu-parse-apache_builds-track2.log.out	/tmp/skv12-p1/pmu/capture_status.tsv	cd /Users/mkbabb/Programming/bbnf-lang/skinny && /tmp/skv12-profile-target-50bd1648/release/xctrace_probe /Users/mkbabb/Programming/bbnf-lang/skinny/test_data/apache_builds.json track2 31429 > /tmp/skv12-p1/logs/pmu-parse-apache_builds-track2.log.out 2> /tmp/skv12-p1/logs/pmu-parse-apache_builds-track2.log.err	PMU row authority; cycles and instructions are emitted by the probe binary via proc_pid_rusage.
pmu	pmu-parse	parse	canada	track1	canada.json	1777	/Users/mkbabb/Programming/bbnf-lang/skinny	/tmp/skv12-profile-target-50bd1648/release/xctrace_probe	rc=0 required	/tmp/skv12-p1/logs/pmu-parse-canada-track1.log.out	/tmp/skv12-p1/pmu/capture_status.tsv	cd /Users/mkbabb/Programming/bbnf-lang/skinny && /tmp/skv12-profile-target-50bd1648/release/xctrace_probe /Users/mkbabb/Programming/bbnf-lang/skinny/test_data/canada.json track1 1777 > /tmp/skv12-p1/logs/pmu-parse-canada-track1.log.out 2> /tmp/skv12-p1/logs/pmu-parse-canada-track1.log.err	PMU row authority; cycles and instructions are emitted by the probe binary via proc_pid_rusage.
pmu	pmu-parse	parse	canada	track2	canada.json	1777	/Users/mkbabb/Programming/bbnf-lang/skinny	/tmp/skv12-profile-target-50bd1648/release/xctrace_probe	rc=0 required	/tmp/skv12-p1/logs/pmu-parse-canada-track2.log.out	/tmp/skv12-p1/pmu/capture_status.tsv	cd /Users/mkbabb/Programming/bbnf-lang/skinny && /tmp/skv12-profile-target-50bd1648/release/xctrace_probe /Users/mkbabb/Programming/bbnf-lang/skinny/test_data/canada.json track2 1777 > /tmp/skv12-p1/logs/pmu-parse-canada-track2.log.out 2> /tmp/skv12-p1/logs/pmu-parse-canada-track2.log.err	PMU row authority; cycles and instructions are emitted by the probe binary via proc_pid_rusage.
pmu	pmu-parse	parse	citm_catalog	track1	citm_catalog.json	2316	/Users/mkbabb/Programming/bbnf-lang/skinny	/tmp/skv12-profile-target-50bd1648/release/xctrace_probe	rc=0 required	/tmp/skv12-p1/logs/pmu-parse-citm_catalog-track1.log.out	/tmp/skv12-p1/pmu/capture_status.tsv	cd /Users/mkbabb/Programming/bbnf-lang/skinny && /tmp/skv12-profile-target-50bd1648/release/xctrace_probe /Users/mkbabb/Programming/bbnf-lang/skinny/test_data/citm_catalog.json track1 2316 > /tmp/skv12-p1/logs/pmu-parse-citm_catalog-track1.log.out 2> /tmp/skv12-p1/logs/pmu-parse-citm_catalog-track1.log.err	PMU row authority; cycles and instructions are emitted by the probe binary via proc_pid_rusage.
pmu	pmu-parse	parse	citm_catalog	track2	citm_catalog.json	2316	/Users/mkbabb/Programming/bbnf-lang/skinny	/tmp/skv12-profile-target-50bd1648/release/xctrace_probe	rc=0 required	/tmp/skv12-p1/logs/pmu-parse-citm_catalog-track2.log.out	/tmp/skv12-p1/pmu/capture_status.tsv	cd /Users/mkbabb/Programming/bbnf-lang/skinny && /tmp/skv12-profile-target-50bd1648/release/xctrace_probe /Users/mkbabb/Programming/bbnf-lang/skinny/test_data/citm_catalog.json track2 2316 > /tmp/skv12-p1/logs/pmu-parse-citm_catalog-track2.log.out 2> /tmp/skv12-p1/logs/pmu-parse-citm_catalog-track2.log.err	PMU row authority; cycles and instructions are emitted by the probe binary via proc_pid_rusage.
pmu	pmu-parse	parse	distinct_values	track1	distinct_values.json	26037	/Users/mkbabb/Programming/bbnf-lang/skinny	/tmp/skv12-profile-target-50bd1648/release/xctrace_probe	rc=0 required	/tmp/skv12-p1/logs/pmu-parse-distinct_values-track1.log.out	/tmp/skv12-p1/pmu/capture_status.tsv	cd /Users/mkbabb/Programming/bbnf-lang/skinny && /tmp/skv12-profile-target-50bd1648/release/xctrace_probe /Users/mkbabb/Programming/bbnf-lang/skinny/test_data/distinct_values.json track1 26037 > /tmp/skv12-p1/logs/pmu-parse-distinct_values-track1.log.out 2> /tmp/skv12-p1/logs/pmu-parse-distinct_values-track1.log.err	PMU row authority; cycles and instructions are emitted by the probe binary via proc_pid_rusage.
pmu	pmu-parse	parse	distinct_values	track2	distinct_values.json	26037	/Users/mkbabb/Programming/bbnf-lang/skinny	/tmp/skv12-profile-target-50bd1648/release/xctrace_probe	rc=0 required	/tmp/skv12-p1/logs/pmu-parse-distinct_values-track2.log.out	/tmp/skv12-p1/pmu/capture_status.tsv	cd /Users/mkbabb/Programming/bbnf-lang/skinny && /tmp/skv12-profile-target-50bd1648/release/xctrace_probe /Users/mkbabb/Programming/bbnf-lang/skinny/test_data/distinct_values.json track2 26037 > /tmp/skv12-p1/logs/pmu-parse-distinct_values-track2.log.out 2> /tmp/skv12-p1/logs/pmu-parse-distinct_values-track2.log.err	PMU row authority; cycles and instructions are emitted by the probe binary via proc_pid_rusage.
pmu	pmu-parse	parse	github_events	track1	github_events.json	61414	/Users/mkbabb/Programming/bbnf-lang/skinny	/tmp/skv12-profile-target-50bd1648/release/xctrace_probe	rc=0 required	/tmp/skv12-p1/logs/pmu-parse-github_events-track1.log.out	/tmp/skv12-p1/pmu/capture_status.tsv	cd /Users/mkbabb/Programming/bbnf-lang/skinny && /tmp/skv12-profile-target-50bd1648/release/xctrace_probe /Users/mkbabb/Programming/bbnf-lang/skinny/test_data/github_events.json track1 61414 > /tmp/skv12-p1/logs/pmu-parse-github_events-track1.log.out 2> /tmp/skv12-p1/logs/pmu-parse-github_events-track1.log.err	PMU row authority; cycles and instructions are emitted by the probe binary via proc_pid_rusage.
pmu	pmu-parse	parse	github_events	track2	github_events.json	61414	/Users/mkbabb/Programming/bbnf-lang/skinny	/tmp/skv12-profile-target-50bd1648/release/xctrace_probe	rc=0 required	/tmp/skv12-p1/logs/pmu-parse-github_events-track2.log.out	/tmp/skv12-p1/pmu/capture_status.tsv	cd /Users/mkbabb/Programming/bbnf-lang/skinny && /tmp/skv12-profile-target-50bd1648/release/xctrace_probe /Users/mkbabb/Programming/bbnf-lang/skinny/test_data/github_events.json track2 61414 > /tmp/skv12-p1/logs/pmu-parse-github_events-track2.log.out 2> /tmp/skv12-p1/logs/pmu-parse-github_events-track2.log.err	PMU row authority; cycles and instructions are emitted by the probe binary via proc_pid_rusage.
pmu	pmu-parse	parse	gsoc-2018	track1	gsoc-2018.json	1202	/Users/mkbabb/Programming/bbnf-lang/skinny	/tmp/skv12-profile-target-50bd1648/release/xctrace_probe	rc=0 required	/tmp/skv12-p1/logs/pmu-parse-gsoc-2018-track1.log.out	/tmp/skv12-p1/pmu/capture_status.tsv	cd /Users/mkbabb/Programming/bbnf-lang/skinny && /tmp/skv12-profile-target-50bd1648/release/xctrace_probe /Users/mkbabb/Programming/bbnf-lang/skinny/test_data/gsoc-2018.json track1 1202 > /tmp/skv12-p1/logs/pmu-parse-gsoc-2018-track1.log.out 2> /tmp/skv12-p1/logs/pmu-parse-gsoc-2018-track1.log.err	PMU row authority; cycles and instructions are emitted by the probe binary via proc_pid_rusage.
pmu	pmu-parse	parse	gsoc-2018	track2	gsoc-2018.json	1202	/Users/mkbabb/Programming/bbnf-lang/skinny	/tmp/skv12-profile-target-50bd1648/release/xctrace_probe	rc=0 required	/tmp/skv12-p1/logs/pmu-parse-gsoc-2018-track2.log.out	/tmp/skv12-p1/pmu/capture_status.tsv	cd /Users/mkbabb/Programming/bbnf-lang/skinny && /tmp/skv12-profile-target-50bd1648/release/xctrace_probe /Users/mkbabb/Programming/bbnf-lang/skinny/test_data/gsoc-2018.json track2 1202 > /tmp/skv12-p1/logs/pmu-parse-gsoc-2018-track2.log.out 2> /tmp/skv12-p1/logs/pmu-parse-gsoc-2018-track2.log.err	PMU row authority; cycles and instructions are emitted by the probe binary via proc_pid_rusage.
pmu	pmu-parse	parse	instruments	track1	instruments.json	18154	/Users/mkbabb/Programming/bbnf-lang/skinny	/tmp/skv12-profile-target-50bd1648/release/xctrace_probe	rc=0 required	/tmp/skv12-p1/logs/pmu-parse-instruments-track1.log.out	/tmp/skv12-p1/pmu/capture_status.tsv	cd /Users/mkbabb/Programming/bbnf-lang/skinny && /tmp/skv12-profile-target-50bd1648/release/xctrace_probe /Users/mkbabb/Programming/bbnf-lang/skinny/test_data/instruments.json track1 18154 > /tmp/skv12-p1/logs/pmu-parse-instruments-track1.log.out 2> /tmp/skv12-p1/logs/pmu-parse-instruments-track1.log.err	PMU row authority; cycles and instructions are emitted by the probe binary via proc_pid_rusage.
pmu	pmu-parse	parse	instruments	track2	instruments.json	18154	/Users/mkbabb/Programming/bbnf-lang/skinny	/tmp/skv12-profile-target-50bd1648/release/xctrace_probe	rc=0 required	/tmp/skv12-p1/logs/pmu-parse-instruments-track2.log.out	/tmp/skv12-p1/pmu/capture_status.tsv	cd /Users/mkbabb/Programming/bbnf-lang/skinny && /tmp/skv12-profile-target-50bd1648/release/xctrace_probe /Users/mkbabb/Programming/bbnf-lang/skinny/test_data/instruments.json track2 18154 > /tmp/skv12-p1/logs/pmu-parse-instruments-track2.log.out 2> /tmp/skv12-p1/logs/pmu-parse-instruments-track2.log.err	PMU row authority; cycles and instructions are emitted by the probe binary via proc_pid_rusage.
pmu	pmu-parse	parse	marine_ik	track1	marine_ik.json	1341	/Users/mkbabb/Programming/bbnf-lang/skinny	/tmp/skv12-profile-target-50bd1648/release/xctrace_probe	rc=0 required	/tmp/skv12-p1/logs/pmu-parse-marine_ik-track1.log.out	/tmp/skv12-p1/pmu/capture_status.tsv	cd /Users/mkbabb/Programming/bbnf-lang/skinny && /tmp/skv12-profile-target-50bd1648/release/xctrace_probe /Users/mkbabb/Programming/bbnf-lang/skinny/test_data/marine_ik.json track1 1341 > /tmp/skv12-p1/logs/pmu-parse-marine_ik-track1.log.out 2> /tmp/skv12-p1/logs/pmu-parse-marine_ik-track1.log.err	PMU row authority; cycles and instructions are emitted by the probe binary via proc_pid_rusage.
pmu	pmu-parse	parse	marine_ik	track2	marine_ik.json	1341	/Users/mkbabb/Programming/bbnf-lang/skinny	/tmp/skv12-profile-target-50bd1648/release/xctrace_probe	rc=0 required	/tmp/skv12-p1/logs/pmu-parse-marine_ik-track2.log.out	/tmp/skv12-p1/pmu/capture_status.tsv	cd /Users/mkbabb/Programming/bbnf-lang/skinny && /tmp/skv12-profile-target-50bd1648/release/xctrace_probe /Users/mkbabb/Programming/bbnf-lang/skinny/test_data/marine_ik.json track2 1341 > /tmp/skv12-p1/logs/pmu-parse-marine_ik-track2.log.out 2> /tmp/skv12-p1/logs/pmu-parse-marine_ik-track2.log.err	PMU row authority; cycles and instructions are emitted by the probe binary via proc_pid_rusage.
pmu	pmu-parse	parse	mesh	track1	mesh.json	5528	/Users/mkbabb/Programming/bbnf-lang/skinny	/tmp/skv12-profile-target-50bd1648/release/xctrace_probe	rc=0 required	/tmp/skv12-p1/logs/pmu-parse-mesh-track1.log.out	/tmp/skv12-p1/pmu/capture_status.tsv	cd /Users/mkbabb/Programming/bbnf-lang/skinny && /tmp/skv12-profile-target-50bd1648/release/xctrace_probe /Users/mkbabb/Programming/bbnf-lang/skinny/test_data/mesh.json track1 5528 > /tmp/skv12-p1/logs/pmu-parse-mesh-track1.log.out 2> /tmp/skv12-p1/logs/pmu-parse-mesh-track1.log.err	PMU row authority; cycles and instructions are emitted by the probe binary via proc_pid_rusage.
pmu	pmu-parse	parse	mesh	track2	mesh.json	5528	/Users/mkbabb/Programming/bbnf-lang/skinny	/tmp/skv12-profile-target-50bd1648/release/xctrace_probe	rc=0 required	/tmp/skv12-p1/logs/pmu-parse-mesh-track2.log.out	/tmp/skv12-p1/pmu/capture_status.tsv	cd /Users/mkbabb/Programming/bbnf-lang/skinny && /tmp/skv12-profile-target-50bd1648/release/xctrace_probe /Users/mkbabb/Programming/bbnf-lang/skinny/test_data/mesh.json track2 5528 > /tmp/skv12-p1/logs/pmu-parse-mesh-track2.log.out 2> /tmp/skv12-p1/logs/pmu-parse-mesh-track2.log.err	PMU row authority; cycles and instructions are emitted by the probe binary via proc_pid_rusage.
pmu	pmu-parse	parse	numbers	track1	numbers.json	26645	/Users/mkbabb/Programming/bbnf-lang/skinny	/tmp/skv12-profile-target-50bd1648/release/xctrace_probe	rc=0 required	/tmp/skv12-p1/logs/pmu-parse-numbers-track1.log.out	/tmp/skv12-p1/pmu/capture_status.tsv	cd /Users/mkbabb/Programming/bbnf-lang/skinny && /tmp/skv12-profile-target-50bd1648/release/xctrace_probe /Users/mkbabb/Programming/bbnf-lang/skinny/test_data/numbers.json track1 26645 > /tmp/skv12-p1/logs/pmu-parse-numbers-track1.log.out 2> /tmp/skv12-p1/logs/pmu-parse-numbers-track1.log.err	PMU row authority; cycles and instructions are emitted by the probe binary via proc_pid_rusage.
pmu	pmu-parse	parse	numbers	track2	numbers.json	26645	/Users/mkbabb/Programming/bbnf-lang/skinny	/tmp/skv12-profile-target-50bd1648/release/xctrace_probe	rc=0 required	/tmp/skv12-p1/logs/pmu-parse-numbers-track2.log.out	/tmp/skv12-p1/pmu/capture_status.tsv	cd /Users/mkbabb/Programming/bbnf-lang/skinny && /tmp/skv12-profile-target-50bd1648/release/xctrace_probe /Users/mkbabb/Programming/bbnf-lang/skinny/test_data/numbers.json track2 26645 > /tmp/skv12-p1/logs/pmu-parse-numbers-track2.log.out 2> /tmp/skv12-p1/logs/pmu-parse-numbers-track2.log.err	PMU row authority; cycles and instructions are emitted by the probe binary via proc_pid_rusage.
pmu	pmu-parse	parse	random	track1	random.json	7836	/Users/mkbabb/Programming/bbnf-lang/skinny	/tmp/skv12-profile-target-50bd1648/release/xctrace_probe	rc=0 required	/tmp/skv12-p1/logs/pmu-parse-random-track1.log.out	/tmp/skv12-p1/pmu/capture_status.tsv	cd /Users/mkbabb/Programming/bbnf-lang/skinny && /tmp/skv12-profile-target-50bd1648/release/xctrace_probe /Users/mkbabb/Programming/bbnf-lang/skinny/test_data/random.json track1 7836 > /tmp/skv12-p1/logs/pmu-parse-random-track1.log.out 2> /tmp/skv12-p1/logs/pmu-parse-random-track1.log.err	PMU row authority; cycles and instructions are emitted by the probe binary via proc_pid_rusage.
pmu	pmu-parse	parse	random	track2	random.json	7836	/Users/mkbabb/Programming/bbnf-lang/skinny	/tmp/skv12-profile-target-50bd1648/release/xctrace_probe	rc=0 required	/tmp/skv12-p1/logs/pmu-parse-random-track2.log.out	/tmp/skv12-p1/pmu/capture_status.tsv	cd /Users/mkbabb/Programming/bbnf-lang/skinny && /tmp/skv12-profile-target-50bd1648/release/xctrace_probe /Users/mkbabb/Programming/bbnf-lang/skinny/test_data/random.json track2 7836 > /tmp/skv12-p1/logs/pmu-parse-random-track2.log.out 2> /tmp/skv12-p1/logs/pmu-parse-random-track2.log.err	PMU row authority; cycles and instructions are emitted by the probe binary via proc_pid_rusage.
pmu	pmu-parse	parse	twitter	track1	twitter.json	6334	/Users/mkbabb/Programming/bbnf-lang/skinny	/tmp/skv12-profile-target-50bd1648/release/xctrace_probe	rc=0 required	/tmp/skv12-p1/logs/pmu-parse-twitter-track1.log.out	/tmp/skv12-p1/pmu/capture_status.tsv	cd /Users/mkbabb/Programming/bbnf-lang/skinny && /tmp/skv12-profile-target-50bd1648/release/xctrace_probe /Users/mkbabb/Programming/bbnf-lang/skinny/test_data/twitter.json track1 6334 > /tmp/skv12-p1/logs/pmu-parse-twitter-track1.log.out 2> /tmp/skv12-p1/logs/pmu-parse-twitter-track1.log.err	PMU row authority; cycles and instructions are emitted by the probe binary via proc_pid_rusage.
pmu	pmu-parse	parse	twitter	track2	twitter.json	6334	/Users/mkbabb/Programming/bbnf-lang/skinny	/tmp/skv12-profile-target-50bd1648/release/xctrace_probe	rc=0 required	/tmp/skv12-p1/logs/pmu-parse-twitter-track2.log.out	/tmp/skv12-p1/pmu/capture_status.tsv	cd /Users/mkbabb/Programming/bbnf-lang/skinny && /tmp/skv12-profile-target-50bd1648/release/xctrace_probe /Users/mkbabb/Programming/bbnf-lang/skinny/test_data/twitter.json track2 6334 > /tmp/skv12-p1/logs/pmu-parse-twitter-track2.log.out 2> /tmp/skv12-p1/logs/pmu-parse-twitter-track2.log.err	PMU row authority; cycles and instructions are emitted by the probe binary via proc_pid_rusage.
pmu	pmu-parse	parse	unicode_basic	track1	unicode_basic.json	3815	/Users/mkbabb/Programming/bbnf-lang/skinny	/tmp/skv12-profile-target-50bd1648/release/xctrace_probe	rc=0 required	/tmp/skv12-p1/logs/pmu-parse-unicode_basic-track1.log.out	/tmp/skv12-p1/pmu/capture_status.tsv	cd /Users/mkbabb/Programming/bbnf-lang/skinny && /tmp/skv12-profile-target-50bd1648/release/xctrace_probe /Users/mkbabb/Programming/bbnf-lang/skinny/test_data/unicode_basic.json track1 3815 > /tmp/skv12-p1/logs/pmu-parse-unicode_basic-track1.log.out 2> /tmp/skv12-p1/logs/pmu-parse-unicode_basic-track1.log.err	PMU row authority; cycles and instructions are emitted by the probe binary via proc_pid_rusage.
pmu	pmu-parse	parse	unicode_basic	track2	unicode_basic.json	3815	/Users/mkbabb/Programming/bbnf-lang/skinny	/tmp/skv12-profile-target-50bd1648/release/xctrace_probe	rc=0 required	/tmp/skv12-p1/logs/pmu-parse-unicode_basic-track2.log.out	/tmp/skv12-p1/pmu/capture_status.tsv	cd /Users/mkbabb/Programming/bbnf-lang/skinny && /tmp/skv12-profile-target-50bd1648/release/xctrace_probe /Users/mkbabb/Programming/bbnf-lang/skinny/test_data/unicode_basic.json track2 3815 > /tmp/skv12-p1/logs/pmu-parse-unicode_basic-track2.log.out 2> /tmp/skv12-p1/logs/pmu-parse-unicode_basic-track2.log.err	PMU row authority; cycles and instructions are emitted by the probe binary via proc_pid_rusage.
pmu	pmu-parse	parse	unicode_escapes	track1	unicode_escapes.json	3807	/Users/mkbabb/Programming/bbnf-lang/skinny	/tmp/skv12-profile-target-50bd1648/release/xctrace_probe	rc=0 required	/tmp/skv12-p1/logs/pmu-parse-unicode_escapes-track1.log.out	/tmp/skv12-p1/pmu/capture_status.tsv	cd /Users/mkbabb/Programming/bbnf-lang/skinny && /tmp/skv12-profile-target-50bd1648/release/xctrace_probe /Users/mkbabb/Programming/bbnf-lang/skinny/test_data/unicode_escapes.json track1 3807 > /tmp/skv12-p1/logs/pmu-parse-unicode_escapes-track1.log.out 2> /tmp/skv12-p1/logs/pmu-parse-unicode_escapes-track1.log.err	PMU row authority; cycles and instructions are emitted by the probe binary via proc_pid_rusage.
pmu	pmu-parse	parse	unicode_escapes	track2	unicode_escapes.json	3807	/Users/mkbabb/Programming/bbnf-lang/skinny	/tmp/skv12-profile-target-50bd1648/release/xctrace_probe	rc=0 required	/tmp/skv12-p1/logs/pmu-parse-unicode_escapes-track2.log.out	/tmp/skv12-p1/pmu/capture_status.tsv	cd /Users/mkbabb/Programming/bbnf-lang/skinny && /tmp/skv12-profile-target-50bd1648/release/xctrace_probe /Users/mkbabb/Programming/bbnf-lang/skinny/test_data/unicode_escapes.json track2 3807 > /tmp/skv12-p1/logs/pmu-parse-unicode_escapes-track2.log.out 2> /tmp/skv12-p1/logs/pmu-parse-unicode_escapes-track2.log.err	PMU row authority; cycles and instructions are emitted by the probe binary via proc_pid_rusage.
pmu	pmu-parse	parse	unicode_mixed	track1	unicode_mixed.json	3799	/Users/mkbabb/Programming/bbnf-lang/skinny	/tmp/skv12-profile-target-50bd1648/release/xctrace_probe	rc=0 required	/tmp/skv12-p1/logs/pmu-parse-unicode_mixed-track1.log.out	/tmp/skv12-p1/pmu/capture_status.tsv	cd /Users/mkbabb/Programming/bbnf-lang/skinny && /tmp/skv12-profile-target-50bd1648/release/xctrace_probe /Users/mkbabb/Programming/bbnf-lang/skinny/test_data/unicode_mixed.json track1 3799 > /tmp/skv12-p1/logs/pmu-parse-unicode_mixed-track1.log.out 2> /tmp/skv12-p1/logs/pmu-parse-unicode_mixed-track1.log.err	PMU row authority; cycles and instructions are emitted by the probe binary via proc_pid_rusage.
pmu	pmu-parse	parse	unicode_mixed	track2	unicode_mixed.json	3799	/Users/mkbabb/Programming/bbnf-lang/skinny	/tmp/skv12-profile-target-50bd1648/release/xctrace_probe	rc=0 required	/tmp/skv12-p1/logs/pmu-parse-unicode_mixed-track2.log.out	/tmp/skv12-p1/pmu/capture_status.tsv	cd /Users/mkbabb/Programming/bbnf-lang/skinny && /tmp/skv12-profile-target-50bd1648/release/xctrace_probe /Users/mkbabb/Programming/bbnf-lang/skinny/test_data/unicode_mixed.json track2 3799 > /tmp/skv12-p1/logs/pmu-parse-unicode_mixed-track2.log.out 2> /tmp/skv12-p1/logs/pmu-parse-unicode_mixed-track2.log.err	PMU row authority; cycles and instructions are emitted by the probe binary via proc_pid_rusage.
pmu	pmu-parse	parse	update_center	track1	update-center.json	7503	/Users/mkbabb/Programming/bbnf-lang/skinny	/tmp/skv12-profile-target-50bd1648/release/xctrace_probe	rc=0 required	/tmp/skv12-p1/logs/pmu-parse-update_center-track1.log.out	/tmp/skv12-p1/pmu/capture_status.tsv	cd /Users/mkbabb/Programming/bbnf-lang/skinny && /tmp/skv12-profile-target-50bd1648/release/xctrace_probe /Users/mkbabb/Programming/bbnf-lang/skinny/test_data/update-center.json track1 7503 > /tmp/skv12-p1/logs/pmu-parse-update_center-track1.log.out 2> /tmp/skv12-p1/logs/pmu-parse-update_center-track1.log.err	PMU row authority; cycles and instructions are emitted by the probe binary via proc_pid_rusage.
pmu	pmu-parse	parse	update_center	track2	update-center.json	7503	/Users/mkbabb/Programming/bbnf-lang/skinny	/tmp/skv12-profile-target-50bd1648/release/xctrace_probe	rc=0 required	/tmp/skv12-p1/logs/pmu-parse-update_center-track2.log.out	/tmp/skv12-p1/pmu/capture_status.tsv	cd /Users/mkbabb/Programming/bbnf-lang/skinny && /tmp/skv12-profile-target-50bd1648/release/xctrace_probe /Users/mkbabb/Programming/bbnf-lang/skinny/test_data/update-center.json track2 7503 > /tmp/skv12-p1/logs/pmu-parse-update_center-track2.log.out 2> /tmp/skv12-p1/logs/pmu-parse-update_center-track2.log.err	PMU row authority; cycles and instructions are emitted by the probe binary via proc_pid_rusage.
pmu	pmu-parse	parse	y_string_unicode	track1	y_string_unicode.json	100000	/Users/mkbabb/Programming/bbnf-lang/skinny	/tmp/skv12-profile-target-50bd1648/release/xctrace_probe	rc=0 required	/tmp/skv12-p1/logs/pmu-parse-y_string_unicode-track1.log.out	/tmp/skv12-p1/pmu/capture_status.tsv	cd /Users/mkbabb/Programming/bbnf-lang/skinny && /tmp/skv12-profile-target-50bd1648/release/xctrace_probe /Users/mkbabb/Programming/bbnf-lang/skinny/test_data/y_string_unicode.json track1 100000 > /tmp/skv12-p1/logs/pmu-parse-y_string_unicode-track1.log.out 2> /tmp/skv12-p1/logs/pmu-parse-y_string_unicode-track1.log.err	PMU row authority; cycles and instructions are emitted by the probe binary via proc_pid_rusage.
pmu	pmu-parse	parse	y_string_unicode	track2	y_string_unicode.json	100000	/Users/mkbabb/Programming/bbnf-lang/skinny	/tmp/skv12-profile-target-50bd1648/release/xctrace_probe	rc=0 required	/tmp/skv12-p1/logs/pmu-parse-y_string_unicode-track2.log.out	/tmp/skv12-p1/pmu/capture_status.tsv	cd /Users/mkbabb/Programming/bbnf-lang/skinny && /tmp/skv12-profile-target-50bd1648/release/xctrace_probe /Users/mkbabb/Programming/bbnf-lang/skinny/test_data/y_string_unicode.json track2 100000 > /tmp/skv12-p1/logs/pmu-parse-y_string_unicode-track2.log.out 2> /tmp/skv12-p1/logs/pmu-parse-y_string_unicode-track2.log.err	PMU row authority; cycles and instructions are emitted by the probe binary via proc_pid_rusage.
pmu	pmu-typed	typed	apache_builds	real_typed_track1	apache_builds	31429	/Users/mkbabb/Programming/bbnf-lang/skinny	/tmp/skv12-profile-target-50bd1648/release/profile_direct	rc=0 required	/tmp/skv12-p1/logs/pmu-typed-apache_builds-real_typed_track1.rerun.log.out	/tmp/skv12-p1/pmu/capture_status.tsv	cd /Users/mkbabb/Programming/bbnf-lang/skinny && /tmp/skv12-profile-target-50bd1648/release/profile_direct 31429 apache_builds real_typed_track1 > /tmp/skv12-p1/logs/pmu-typed-apache_builds-real_typed_track1.rerun.log.out 2> /tmp/skv12-p1/logs/pmu-typed-apache_builds-real_typed_track1.rerun.log.err	PMU row authority; cycles and instructions are emitted by the probe binary via proc_pid_rusage.
pmu	pmu-typed	typed	apache_builds	real_typed_track2	apache_builds	31429	/Users/mkbabb/Programming/bbnf-lang/skinny	/tmp/skv12-profile-target-50bd1648/release/profile_direct	rc=0 required	/tmp/skv12-p1/logs/pmu-typed-apache_builds-real_typed_track2.rerun.log.out	/tmp/skv12-p1/pmu/capture_status.tsv	cd /Users/mkbabb/Programming/bbnf-lang/skinny && /tmp/skv12-profile-target-50bd1648/release/profile_direct 31429 apache_builds real_typed_track2 > /tmp/skv12-p1/logs/pmu-typed-apache_builds-real_typed_track2.rerun.log.out 2> /tmp/skv12-p1/logs/pmu-typed-apache_builds-real_typed_track2.rerun.log.err	PMU row authority; cycles and instructions are emitted by the probe binary via proc_pid_rusage.
pmu	pmu-typed	typed	citm_catalog	real_typed_track1	citm_catalog	2316	/Users/mkbabb/Programming/bbnf-lang/skinny	/tmp/skv12-profile-target-50bd1648/release/profile_direct	rc=0 required	/tmp/skv12-p1/logs/pmu-typed-citm_catalog-real_typed_track1.rerun.log.out	/tmp/skv12-p1/pmu/capture_status.tsv	cd /Users/mkbabb/Programming/bbnf-lang/skinny && /tmp/skv12-profile-target-50bd1648/release/profile_direct 2316 citm_catalog real_typed_track1 > /tmp/skv12-p1/logs/pmu-typed-citm_catalog-real_typed_track1.rerun.log.out 2> /tmp/skv12-p1/logs/pmu-typed-citm_catalog-real_typed_track1.rerun.log.err	PMU row authority; cycles and instructions are emitted by the probe binary via proc_pid_rusage.
pmu	pmu-typed	typed	citm_catalog	real_typed_track2	citm_catalog	2316	/Users/mkbabb/Programming/bbnf-lang/skinny	/tmp/skv12-profile-target-50bd1648/release/profile_direct	rc=0 required	/tmp/skv12-p1/logs/pmu-typed-citm_catalog-real_typed_track2.rerun.log.out	/tmp/skv12-p1/pmu/capture_status.tsv	cd /Users/mkbabb/Programming/bbnf-lang/skinny && /tmp/skv12-profile-target-50bd1648/release/profile_direct 2316 citm_catalog real_typed_track2 > /tmp/skv12-p1/logs/pmu-typed-citm_catalog-real_typed_track2.rerun.log.out 2> /tmp/skv12-p1/logs/pmu-typed-citm_catalog-real_typed_track2.rerun.log.err	PMU row authority; cycles and instructions are emitted by the probe binary via proc_pid_rusage.
pmu	pmu-typed	typed	github_events	real_typed_track1	github_events	61414	/Users/mkbabb/Programming/bbnf-lang/skinny	/tmp/skv12-profile-target-50bd1648/release/profile_direct	rc=0 required	/tmp/skv12-p1/logs/pmu-typed-github_events-real_typed_track1.rerun.log.out	/tmp/skv12-p1/pmu/capture_status.tsv	cd /Users/mkbabb/Programming/bbnf-lang/skinny && /tmp/skv12-profile-target-50bd1648/release/profile_direct 61414 github_events real_typed_track1 > /tmp/skv12-p1/logs/pmu-typed-github_events-real_typed_track1.rerun.log.out 2> /tmp/skv12-p1/logs/pmu-typed-github_events-real_typed_track1.rerun.log.err	PMU row authority; cycles and instructions are emitted by the probe binary via proc_pid_rusage.
pmu	pmu-typed	typed	github_events	real_typed_track2	github_events	61414	/Users/mkbabb/Programming/bbnf-lang/skinny	/tmp/skv12-profile-target-50bd1648/release/profile_direct	rc=0 required	/tmp/skv12-p1/logs/pmu-typed-github_events-real_typed_track2.rerun.log.out	/tmp/skv12-p1/pmu/capture_status.tsv	cd /Users/mkbabb/Programming/bbnf-lang/skinny && /tmp/skv12-profile-target-50bd1648/release/profile_direct 61414 github_events real_typed_track2 > /tmp/skv12-p1/logs/pmu-typed-github_events-real_typed_track2.rerun.log.out 2> /tmp/skv12-p1/logs/pmu-typed-github_events-real_typed_track2.rerun.log.err	PMU row authority; cycles and instructions are emitted by the probe binary via proc_pid_rusage.
pmu	pmu-typed	typed	marine_ik	real_typed_track1	marine_ik	1341	/Users/mkbabb/Programming/bbnf-lang/skinny	/tmp/skv12-profile-target-50bd1648/release/profile_direct	rc=0 required	/tmp/skv12-p1/logs/pmu-typed-marine_ik-real_typed_track1.rerun.log.out	/tmp/skv12-p1/pmu/capture_status.tsv	cd /Users/mkbabb/Programming/bbnf-lang/skinny && /tmp/skv12-profile-target-50bd1648/release/profile_direct 1341 marine_ik real_typed_track1 > /tmp/skv12-p1/logs/pmu-typed-marine_ik-real_typed_track1.rerun.log.out 2> /tmp/skv12-p1/logs/pmu-typed-marine_ik-real_typed_track1.rerun.log.err	PMU row authority; cycles and instructions are emitted by the probe binary via proc_pid_rusage.
pmu	pmu-typed	typed	marine_ik	real_typed_track2	marine_ik	1341	/Users/mkbabb/Programming/bbnf-lang/skinny	/tmp/skv12-profile-target-50bd1648/release/profile_direct	rc=0 required	/tmp/skv12-p1/logs/pmu-typed-marine_ik-real_typed_track2.rerun.log.out	/tmp/skv12-p1/pmu/capture_status.tsv	cd /Users/mkbabb/Programming/bbnf-lang/skinny && /tmp/skv12-profile-target-50bd1648/release/profile_direct 1341 marine_ik real_typed_track2 > /tmp/skv12-p1/logs/pmu-typed-marine_ik-real_typed_track2.rerun.log.out 2> /tmp/skv12-p1/logs/pmu-typed-marine_ik-real_typed_track2.rerun.log.err	PMU row authority; cycles and instructions are emitted by the probe binary via proc_pid_rusage.
pmu	pmu-typed	typed	mesh	real_typed_track1	mesh	5528	/Users/mkbabb/Programming/bbnf-lang/skinny	/tmp/skv12-profile-target-50bd1648/release/profile_direct	rc=0 required	/tmp/skv12-p1/logs/pmu-typed-mesh-real_typed_track1.rerun.log.out	/tmp/skv12-p1/pmu/capture_status.tsv	cd /Users/mkbabb/Programming/bbnf-lang/skinny && /tmp/skv12-profile-target-50bd1648/release/profile_direct 5528 mesh real_typed_track1 > /tmp/skv12-p1/logs/pmu-typed-mesh-real_typed_track1.rerun.log.out 2> /tmp/skv12-p1/logs/pmu-typed-mesh-real_typed_track1.rerun.log.err	PMU row authority; cycles and instructions are emitted by the probe binary via proc_pid_rusage.
pmu	pmu-typed	typed	mesh	real_typed_track2	mesh	5528	/Users/mkbabb/Programming/bbnf-lang/skinny	/tmp/skv12-profile-target-50bd1648/release/profile_direct	rc=0 required	/tmp/skv12-p1/logs/pmu-typed-mesh-real_typed_track2.rerun.log.out	/tmp/skv12-p1/pmu/capture_status.tsv	cd /Users/mkbabb/Programming/bbnf-lang/skinny && /tmp/skv12-profile-target-50bd1648/release/profile_direct 5528 mesh real_typed_track2 > /tmp/skv12-p1/logs/pmu-typed-mesh-real_typed_track2.rerun.log.out 2> /tmp/skv12-p1/logs/pmu-typed-mesh-real_typed_track2.rerun.log.err	PMU row authority; cycles and instructions are emitted by the probe binary via proc_pid_rusage.
pmu	pmu-typed	typed	twitter	real_typed_track1	twitter	6334	/Users/mkbabb/Programming/bbnf-lang/skinny	/tmp/skv12-profile-target-50bd1648/release/profile_direct	rc=0 required	/tmp/skv12-p1/logs/pmu-typed-twitter-real_typed_track1.rerun.log.out	/tmp/skv12-p1/pmu/capture_status.tsv	cd /Users/mkbabb/Programming/bbnf-lang/skinny && /tmp/skv12-profile-target-50bd1648/release/profile_direct 6334 twitter real_typed_track1 > /tmp/skv12-p1/logs/pmu-typed-twitter-real_typed_track1.rerun.log.out 2> /tmp/skv12-p1/logs/pmu-typed-twitter-real_typed_track1.rerun.log.err	PMU row authority; cycles and instructions are emitted by the probe binary via proc_pid_rusage.
pmu	pmu-typed	typed	twitter	real_typed_track2	twitter	6334	/Users/mkbabb/Programming/bbnf-lang/skinny	/tmp/skv12-profile-target-50bd1648/release/profile_direct	rc=0 required	/tmp/skv12-p1/logs/pmu-typed-twitter-real_typed_track2.rerun.log.out	/tmp/skv12-p1/pmu/capture_status.tsv	cd /Users/mkbabb/Programming/bbnf-lang/skinny && /tmp/skv12-profile-target-50bd1648/release/profile_direct 6334 twitter real_typed_track2 > /tmp/skv12-p1/logs/pmu-typed-twitter-real_typed_track2.rerun.log.out 2> /tmp/skv12-p1/logs/pmu-typed-twitter-real_typed_track2.rerun.log.err	PMU row authority; cycles and instructions are emitted by the probe binary via proc_pid_rusage.
pmu	pmu-typed	typed	update_center	real_typed_track1	update-center	7503	/Users/mkbabb/Programming/bbnf-lang/skinny	/tmp/skv12-profile-target-50bd1648/release/profile_direct	rc=0 required	/tmp/skv12-p1/logs/pmu-typed-update_center-real_typed_track1.rerun.log.out	/tmp/skv12-p1/pmu/capture_status.tsv	cd /Users/mkbabb/Programming/bbnf-lang/skinny && /tmp/skv12-profile-target-50bd1648/release/profile_direct 7503 update-center real_typed_track1 > /tmp/skv12-p1/logs/pmu-typed-update_center-real_typed_track1.rerun.log.out 2> /tmp/skv12-p1/logs/pmu-typed-update_center-real_typed_track1.rerun.log.err	PMU row authority; cycles and instructions are emitted by the probe binary via proc_pid_rusage.
pmu	pmu-typed	typed	update_center	real_typed_track2	update-center	7503	/Users/mkbabb/Programming/bbnf-lang/skinny	/tmp/skv12-profile-target-50bd1648/release/profile_direct	rc=0 required	/tmp/skv12-p1/logs/pmu-typed-update_center-real_typed_track2.rerun.log.out	/tmp/skv12-p1/pmu/capture_status.tsv	cd /Users/mkbabb/Programming/bbnf-lang/skinny && /tmp/skv12-profile-target-50bd1648/release/profile_direct 7503 update-center real_typed_track2 > /tmp/skv12-p1/logs/pmu-typed-update_center-real_typed_track2.rerun.log.out 2> /tmp/skv12-p1/logs/pmu-typed-update_center-real_typed_track2.rerun.log.err	PMU row authority; cycles and instructions are emitted by the probe binary via proc_pid_rusage.
samply	samply-direct	direct	apache_builds	track1	apache_builds	31429	/Users/mkbabb/Programming/bbnf-lang/skinny	samply	rc=0 required	/tmp/skv12-p1/samply/direct/apache_builds__track1.json.gz	/tmp/skv12-p1/pmu/capture_status.tsv	cd /Users/mkbabb/Programming/bbnf-lang/skinny && samply record --save-only --unstable-presymbolicate -o /tmp/skv12-p1/samply/direct/apache_builds__track1.json.gz -- /tmp/skv12-profile-target-50bd1648/release/profile_direct 31429 apache_builds track1	Retained artifact-only lane; self-time percentages are not sourced from samply save-only output.
samply	samply-direct	direct	apache_builds	track2	apache_builds	31429	/Users/mkbabb/Programming/bbnf-lang/skinny	samply	rc=0 required	/tmp/skv12-p1/samply/direct/apache_builds__track2.json.gz	/tmp/skv12-p1/pmu/capture_status.tsv	cd /Users/mkbabb/Programming/bbnf-lang/skinny && samply record --save-only --unstable-presymbolicate -o /tmp/skv12-p1/samply/direct/apache_builds__track2.json.gz -- /tmp/skv12-profile-target-50bd1648/release/profile_direct 31429 apache_builds track2	Retained artifact-only lane; self-time percentages are not sourced from samply save-only output.
samply	samply-direct	direct	canada	track1	canada	1777	/Users/mkbabb/Programming/bbnf-lang/skinny	samply	rc=0 required	/tmp/skv12-p1/samply/direct/canada__track1.json.gz	/tmp/skv12-p1/pmu/capture_status.tsv	cd /Users/mkbabb/Programming/bbnf-lang/skinny && samply record --save-only --unstable-presymbolicate -o /tmp/skv12-p1/samply/direct/canada__track1.json.gz -- /tmp/skv12-profile-target-50bd1648/release/profile_direct 1777 canada track1	Retained artifact-only lane; self-time percentages are not sourced from samply save-only output.
samply	samply-direct	direct	canada	track2	canada	1777	/Users/mkbabb/Programming/bbnf-lang/skinny	samply	rc=0 required	/tmp/skv12-p1/samply/direct/canada__track2.json.gz	/tmp/skv12-p1/pmu/capture_status.tsv	cd /Users/mkbabb/Programming/bbnf-lang/skinny && samply record --save-only --unstable-presymbolicate -o /tmp/skv12-p1/samply/direct/canada__track2.json.gz -- /tmp/skv12-profile-target-50bd1648/release/profile_direct 1777 canada track2	Retained artifact-only lane; self-time percentages are not sourced from samply save-only output.
samply	samply-direct	direct	citm_catalog	track1	citm_catalog	2316	/Users/mkbabb/Programming/bbnf-lang/skinny	samply	rc=0 required	/tmp/skv12-p1/samply/direct/citm_catalog__track1.json.gz	/tmp/skv12-p1/pmu/capture_status.tsv	cd /Users/mkbabb/Programming/bbnf-lang/skinny && samply record --save-only --unstable-presymbolicate -o /tmp/skv12-p1/samply/direct/citm_catalog__track1.json.gz -- /tmp/skv12-profile-target-50bd1648/release/profile_direct 2316 citm_catalog track1	Retained artifact-only lane; self-time percentages are not sourced from samply save-only output.
samply	samply-direct	direct	citm_catalog	track2	citm_catalog	2316	/Users/mkbabb/Programming/bbnf-lang/skinny	samply	rc=0 required	/tmp/skv12-p1/samply/direct/citm_catalog__track2.json.gz	/tmp/skv12-p1/pmu/capture_status.tsv	cd /Users/mkbabb/Programming/bbnf-lang/skinny && samply record --save-only --unstable-presymbolicate -o /tmp/skv12-p1/samply/direct/citm_catalog__track2.json.gz -- /tmp/skv12-profile-target-50bd1648/release/profile_direct 2316 citm_catalog track2	Retained artifact-only lane; self-time percentages are not sourced from samply save-only output.
samply	samply-direct	direct	distinct_values	track1	distinct_values	26037	/Users/mkbabb/Programming/bbnf-lang/skinny	samply	rc=0 required	/tmp/skv12-p1/samply/direct/distinct_values__track1.json.gz	/tmp/skv12-p1/pmu/capture_status.tsv	cd /Users/mkbabb/Programming/bbnf-lang/skinny && samply record --save-only --unstable-presymbolicate -o /tmp/skv12-p1/samply/direct/distinct_values__track1.json.gz -- /tmp/skv12-profile-target-50bd1648/release/profile_direct 26037 distinct_values track1	Retained artifact-only lane; self-time percentages are not sourced from samply save-only output.
samply	samply-direct	direct	distinct_values	track2	distinct_values	26037	/Users/mkbabb/Programming/bbnf-lang/skinny	samply	rc=0 required	/tmp/skv12-p1/samply/direct/distinct_values__track2.json.gz	/tmp/skv12-p1/pmu/capture_status.tsv	cd /Users/mkbabb/Programming/bbnf-lang/skinny && samply record --save-only --unstable-presymbolicate -o /tmp/skv12-p1/samply/direct/distinct_values__track2.json.gz -- /tmp/skv12-profile-target-50bd1648/release/profile_direct 26037 distinct_values track2	Retained artifact-only lane; self-time percentages are not sourced from samply save-only output.
samply	samply-direct	direct	github_events	track1	github_events	61414	/Users/mkbabb/Programming/bbnf-lang/skinny	samply	rc=0 required	/tmp/skv12-p1/samply/direct/github_events__track1.json.gz	/tmp/skv12-p1/pmu/capture_status.tsv	cd /Users/mkbabb/Programming/bbnf-lang/skinny && samply record --save-only --unstable-presymbolicate -o /tmp/skv12-p1/samply/direct/github_events__track1.json.gz -- /tmp/skv12-profile-target-50bd1648/release/profile_direct 61414 github_events track1	Retained artifact-only lane; self-time percentages are not sourced from samply save-only output.
samply	samply-direct	direct	github_events	track2	github_events	61414	/Users/mkbabb/Programming/bbnf-lang/skinny	samply	rc=0 required	/tmp/skv12-p1/samply/direct/github_events__track2.json.gz	/tmp/skv12-p1/pmu/capture_status.tsv	cd /Users/mkbabb/Programming/bbnf-lang/skinny && samply record --save-only --unstable-presymbolicate -o /tmp/skv12-p1/samply/direct/github_events__track2.json.gz -- /tmp/skv12-profile-target-50bd1648/release/profile_direct 61414 github_events track2	Retained artifact-only lane; self-time percentages are not sourced from samply save-only output.
samply	samply-direct	direct	gsoc-2018	track1	gsoc-2018	1202	/Users/mkbabb/Programming/bbnf-lang/skinny	samply	rc=0 required	/tmp/skv12-p1/samply/direct/gsoc-2018__track1.json.gz	/tmp/skv12-p1/pmu/capture_status.tsv	cd /Users/mkbabb/Programming/bbnf-lang/skinny && samply record --save-only --unstable-presymbolicate -o /tmp/skv12-p1/samply/direct/gsoc-2018__track1.json.gz -- /tmp/skv12-profile-target-50bd1648/release/profile_direct 1202 gsoc-2018 track1	Retained artifact-only lane; self-time percentages are not sourced from samply save-only output.
samply	samply-direct	direct	gsoc-2018	track2	gsoc-2018	1202	/Users/mkbabb/Programming/bbnf-lang/skinny	samply	rc=0 required	/tmp/skv12-p1/samply/direct/gsoc-2018__track2.json.gz	/tmp/skv12-p1/pmu/capture_status.tsv	cd /Users/mkbabb/Programming/bbnf-lang/skinny && samply record --save-only --unstable-presymbolicate -o /tmp/skv12-p1/samply/direct/gsoc-2018__track2.json.gz -- /tmp/skv12-profile-target-50bd1648/release/profile_direct 1202 gsoc-2018 track2	Retained artifact-only lane; self-time percentages are not sourced from samply save-only output.
samply	samply-direct	direct	instruments	track1	instruments	18154	/Users/mkbabb/Programming/bbnf-lang/skinny	samply	rc=0 required	/tmp/skv12-p1/samply/direct/instruments__track1.json.gz	/tmp/skv12-p1/pmu/capture_status.tsv	cd /Users/mkbabb/Programming/bbnf-lang/skinny && samply record --save-only --unstable-presymbolicate -o /tmp/skv12-p1/samply/direct/instruments__track1.json.gz -- /tmp/skv12-profile-target-50bd1648/release/profile_direct 18154 instruments track1	Retained artifact-only lane; self-time percentages are not sourced from samply save-only output.
samply	samply-direct	direct	instruments	track2	instruments	18154	/Users/mkbabb/Programming/bbnf-lang/skinny	samply	rc=0 required	/tmp/skv12-p1/samply/direct/instruments__track2.json.gz	/tmp/skv12-p1/pmu/capture_status.tsv	cd /Users/mkbabb/Programming/bbnf-lang/skinny && samply record --save-only --unstable-presymbolicate -o /tmp/skv12-p1/samply/direct/instruments__track2.json.gz -- /tmp/skv12-profile-target-50bd1648/release/profile_direct 18154 instruments track2	Retained artifact-only lane; self-time percentages are not sourced from samply save-only output.
samply	samply-direct	direct	marine_ik	track1	marine_ik	1341	/Users/mkbabb/Programming/bbnf-lang/skinny	samply	rc=0 required	/tmp/skv12-p1/samply/direct/marine_ik__track1.json.gz	/tmp/skv12-p1/pmu/capture_status.tsv	cd /Users/mkbabb/Programming/bbnf-lang/skinny && samply record --save-only --unstable-presymbolicate -o /tmp/skv12-p1/samply/direct/marine_ik__track1.json.gz -- /tmp/skv12-profile-target-50bd1648/release/profile_direct 1341 marine_ik track1	Retained artifact-only lane; self-time percentages are not sourced from samply save-only output.
samply	samply-direct	direct	marine_ik	track2	marine_ik	1341	/Users/mkbabb/Programming/bbnf-lang/skinny	samply	rc=0 required	/tmp/skv12-p1/samply/direct/marine_ik__track2.json.gz	/tmp/skv12-p1/pmu/capture_status.tsv	cd /Users/mkbabb/Programming/bbnf-lang/skinny && samply record --save-only --unstable-presymbolicate -o /tmp/skv12-p1/samply/direct/marine_ik__track2.json.gz -- /tmp/skv12-profile-target-50bd1648/release/profile_direct 1341 marine_ik track2	Retained artifact-only lane; self-time percentages are not sourced from samply save-only output.
samply	samply-direct	direct	mesh	track1	mesh	5528	/Users/mkbabb/Programming/bbnf-lang/skinny	samply	rc=0 required	/tmp/skv12-p1/samply/direct/mesh__track1.json.gz	/tmp/skv12-p1/pmu/capture_status.tsv	cd /Users/mkbabb/Programming/bbnf-lang/skinny && samply record --save-only --unstable-presymbolicate -o /tmp/skv12-p1/samply/direct/mesh__track1.json.gz -- /tmp/skv12-profile-target-50bd1648/release/profile_direct 5528 mesh track1	Retained artifact-only lane; self-time percentages are not sourced from samply save-only output.
samply	samply-direct	direct	mesh	track2	mesh	5528	/Users/mkbabb/Programming/bbnf-lang/skinny	samply	rc=0 required	/tmp/skv12-p1/samply/direct/mesh__track2.json.gz	/tmp/skv12-p1/pmu/capture_status.tsv	cd /Users/mkbabb/Programming/bbnf-lang/skinny && samply record --save-only --unstable-presymbolicate -o /tmp/skv12-p1/samply/direct/mesh__track2.json.gz -- /tmp/skv12-profile-target-50bd1648/release/profile_direct 5528 mesh track2	Retained artifact-only lane; self-time percentages are not sourced from samply save-only output.
samply	samply-direct	direct	numbers	track1	numbers	26645	/Users/mkbabb/Programming/bbnf-lang/skinny	samply	rc=0 required	/tmp/skv12-p1/samply/direct/numbers__track1.json.gz	/tmp/skv12-p1/pmu/capture_status.tsv	cd /Users/mkbabb/Programming/bbnf-lang/skinny && samply record --save-only --unstable-presymbolicate -o /tmp/skv12-p1/samply/direct/numbers__track1.json.gz -- /tmp/skv12-profile-target-50bd1648/release/profile_direct 26645 numbers track1	Retained artifact-only lane; self-time percentages are not sourced from samply save-only output.
samply	samply-direct	direct	numbers	track2	numbers	26645	/Users/mkbabb/Programming/bbnf-lang/skinny	samply	rc=0 required	/tmp/skv12-p1/samply/direct/numbers__track2.json.gz	/tmp/skv12-p1/pmu/capture_status.tsv	cd /Users/mkbabb/Programming/bbnf-lang/skinny && samply record --save-only --unstable-presymbolicate -o /tmp/skv12-p1/samply/direct/numbers__track2.json.gz -- /tmp/skv12-profile-target-50bd1648/release/profile_direct 26645 numbers track2	Retained artifact-only lane; self-time percentages are not sourced from samply save-only output.
samply	samply-direct	direct	random	track1	random	7836	/Users/mkbabb/Programming/bbnf-lang/skinny	samply	rc=0 required	/tmp/skv12-p1/samply/direct/random__track1.json.gz	/tmp/skv12-p1/pmu/capture_status.tsv	cd /Users/mkbabb/Programming/bbnf-lang/skinny && samply record --save-only --unstable-presymbolicate -o /tmp/skv12-p1/samply/direct/random__track1.json.gz -- /tmp/skv12-profile-target-50bd1648/release/profile_direct 7836 random track1	Retained artifact-only lane; self-time percentages are not sourced from samply save-only output.
samply	samply-direct	direct	random	track2	random	7836	/Users/mkbabb/Programming/bbnf-lang/skinny	samply	rc=0 required	/tmp/skv12-p1/samply/direct/random__track2.json.gz	/tmp/skv12-p1/pmu/capture_status.tsv	cd /Users/mkbabb/Programming/bbnf-lang/skinny && samply record --save-only --unstable-presymbolicate -o /tmp/skv12-p1/samply/direct/random__track2.json.gz -- /tmp/skv12-profile-target-50bd1648/release/profile_direct 7836 random track2	Retained artifact-only lane; self-time percentages are not sourced from samply save-only output.
samply	samply-direct	direct	twitter	track1	twitter	6334	/Users/mkbabb/Programming/bbnf-lang/skinny	samply	rc=0 required	/tmp/skv12-p1/samply/direct/twitter__track1.json.gz	/tmp/skv12-p1/pmu/capture_status.tsv	cd /Users/mkbabb/Programming/bbnf-lang/skinny && samply record --save-only --unstable-presymbolicate -o /tmp/skv12-p1/samply/direct/twitter__track1.json.gz -- /tmp/skv12-profile-target-50bd1648/release/profile_direct 6334 twitter track1	Retained artifact-only lane; self-time percentages are not sourced from samply save-only output.
samply	samply-direct	direct	twitter	track2	twitter	6334	/Users/mkbabb/Programming/bbnf-lang/skinny	samply	rc=0 required	/tmp/skv12-p1/samply/direct/twitter__track2.json.gz	/tmp/skv12-p1/pmu/capture_status.tsv	cd /Users/mkbabb/Programming/bbnf-lang/skinny && samply record --save-only --unstable-presymbolicate -o /tmp/skv12-p1/samply/direct/twitter__track2.json.gz -- /tmp/skv12-profile-target-50bd1648/release/profile_direct 6334 twitter track2	Retained artifact-only lane; self-time percentages are not sourced from samply save-only output.
samply	samply-direct	direct	unicode_basic	track1	unicode_basic	3815	/Users/mkbabb/Programming/bbnf-lang/skinny	samply	rc=0 required	/tmp/skv12-p1/samply/direct/unicode_basic__track1.json.gz	/tmp/skv12-p1/pmu/capture_status.tsv	cd /Users/mkbabb/Programming/bbnf-lang/skinny && samply record --save-only --unstable-presymbolicate -o /tmp/skv12-p1/samply/direct/unicode_basic__track1.json.gz -- /tmp/skv12-profile-target-50bd1648/release/profile_direct 3815 unicode_basic track1	Retained artifact-only lane; self-time percentages are not sourced from samply save-only output.
samply	samply-direct	direct	unicode_basic	track2	unicode_basic	3815	/Users/mkbabb/Programming/bbnf-lang/skinny	samply	rc=0 required	/tmp/skv12-p1/samply/direct/unicode_basic__track2.json.gz	/tmp/skv12-p1/pmu/capture_status.tsv	cd /Users/mkbabb/Programming/bbnf-lang/skinny && samply record --save-only --unstable-presymbolicate -o /tmp/skv12-p1/samply/direct/unicode_basic__track2.json.gz -- /tmp/skv12-profile-target-50bd1648/release/profile_direct 3815 unicode_basic track2	Retained artifact-only lane; self-time percentages are not sourced from samply save-only output.
samply	samply-direct	direct	unicode_escapes	track1	unicode_escapes	3807	/Users/mkbabb/Programming/bbnf-lang/skinny	samply	rc=0 required	/tmp/skv12-p1/samply/direct/unicode_escapes__track1.json.gz	/tmp/skv12-p1/pmu/capture_status.tsv	cd /Users/mkbabb/Programming/bbnf-lang/skinny && samply record --save-only --unstable-presymbolicate -o /tmp/skv12-p1/samply/direct/unicode_escapes__track1.json.gz -- /tmp/skv12-profile-target-50bd1648/release/profile_direct 3807 unicode_escapes track1	Retained artifact-only lane; self-time percentages are not sourced from samply save-only output.
samply	samply-direct	direct	unicode_escapes	track2	unicode_escapes	3807	/Users/mkbabb/Programming/bbnf-lang/skinny	samply	rc=0 required	/tmp/skv12-p1/samply/direct/unicode_escapes__track2.json.gz	/tmp/skv12-p1/pmu/capture_status.tsv	cd /Users/mkbabb/Programming/bbnf-lang/skinny && samply record --save-only --unstable-presymbolicate -o /tmp/skv12-p1/samply/direct/unicode_escapes__track2.json.gz -- /tmp/skv12-profile-target-50bd1648/release/profile_direct 3807 unicode_escapes track2	Retained artifact-only lane; self-time percentages are not sourced from samply save-only output.
samply	samply-direct	direct	unicode_mixed	track1	unicode_mixed	3799	/Users/mkbabb/Programming/bbnf-lang/skinny	samply	rc=0 required	/tmp/skv12-p1/samply/direct/unicode_mixed__track1.json.gz	/tmp/skv12-p1/pmu/capture_status.tsv	cd /Users/mkbabb/Programming/bbnf-lang/skinny && samply record --save-only --unstable-presymbolicate -o /tmp/skv12-p1/samply/direct/unicode_mixed__track1.json.gz -- /tmp/skv12-profile-target-50bd1648/release/profile_direct 3799 unicode_mixed track1	Retained artifact-only lane; self-time percentages are not sourced from samply save-only output.
samply	samply-direct	direct	unicode_mixed	track2	unicode_mixed	3799	/Users/mkbabb/Programming/bbnf-lang/skinny	samply	rc=0 required	/tmp/skv12-p1/samply/direct/unicode_mixed__track2.json.gz	/tmp/skv12-p1/pmu/capture_status.tsv	cd /Users/mkbabb/Programming/bbnf-lang/skinny && samply record --save-only --unstable-presymbolicate -o /tmp/skv12-p1/samply/direct/unicode_mixed__track2.json.gz -- /tmp/skv12-profile-target-50bd1648/release/profile_direct 3799 unicode_mixed track2	Retained artifact-only lane; self-time percentages are not sourced from samply save-only output.
samply	samply-direct	direct	update_center	track1	update-center	7503	/Users/mkbabb/Programming/bbnf-lang/skinny	samply	rc=0 required	/tmp/skv12-p1/samply/direct/update_center__track1.json.gz	/tmp/skv12-p1/pmu/capture_status.tsv	cd /Users/mkbabb/Programming/bbnf-lang/skinny && samply record --save-only --unstable-presymbolicate -o /tmp/skv12-p1/samply/direct/update_center__track1.json.gz -- /tmp/skv12-profile-target-50bd1648/release/profile_direct 7503 update-center track1	Retained artifact-only lane; self-time percentages are not sourced from samply save-only output.
samply	samply-direct	direct	update_center	track2	update-center	7503	/Users/mkbabb/Programming/bbnf-lang/skinny	samply	rc=0 required	/tmp/skv12-p1/samply/direct/update_center__track2.json.gz	/tmp/skv12-p1/pmu/capture_status.tsv	cd /Users/mkbabb/Programming/bbnf-lang/skinny && samply record --save-only --unstable-presymbolicate -o /tmp/skv12-p1/samply/direct/update_center__track2.json.gz -- /tmp/skv12-profile-target-50bd1648/release/profile_direct 7503 update-center track2	Retained artifact-only lane; self-time percentages are not sourced from samply save-only output.
samply	samply-direct	direct	y_string_unicode	track1	y_string_unicode	100000	/Users/mkbabb/Programming/bbnf-lang/skinny	samply	rc=0 required	/tmp/skv12-p1/samply/direct/y_string_unicode__track1.json.gz	/tmp/skv12-p1/pmu/capture_status.tsv	cd /Users/mkbabb/Programming/bbnf-lang/skinny && samply record --save-only --unstable-presymbolicate -o /tmp/skv12-p1/samply/direct/y_string_unicode__track1.json.gz -- /tmp/skv12-profile-target-50bd1648/release/profile_direct 100000 y_string_unicode track1	Retained artifact-only lane; self-time percentages are not sourced from samply save-only output.
samply	samply-direct	direct	y_string_unicode	track2	y_string_unicode	100000	/Users/mkbabb/Programming/bbnf-lang/skinny	samply	rc=0 required	/tmp/skv12-p1/samply/direct/y_string_unicode__track2.json.gz	/tmp/skv12-p1/pmu/capture_status.tsv	cd /Users/mkbabb/Programming/bbnf-lang/skinny && samply record --save-only --unstable-presymbolicate -o /tmp/skv12-p1/samply/direct/y_string_unicode__track2.json.gz -- /tmp/skv12-profile-target-50bd1648/release/profile_direct 100000 y_string_unicode track2	Retained artifact-only lane; self-time percentages are not sourced from samply save-only output.
samply	samply-parse	parse	apache_builds	track1	apache_builds.json	31429	/Users/mkbabb/Programming/bbnf-lang	samply	rc=0 required	/tmp/skv12-p1/samply/parse/apache_builds__track1.json.gz	/tmp/skv12-p1/pmu/capture_status.tsv	cd /Users/mkbabb/Programming/bbnf-lang && samply record --save-only --unstable-presymbolicate -o /tmp/skv12-p1/samply/parse/apache_builds__track1.json.gz -- /tmp/skv12-profile-target-50bd1648/release/xctrace_probe /Users/mkbabb/Programming/bbnf-lang/skinny/test_data/apache_builds.json track1 31429	Retained artifact-only lane; self-time percentages are not sourced from samply save-only output.
samply	samply-parse	parse	apache_builds	track2	apache_builds.json	31429	/Users/mkbabb/Programming/bbnf-lang	samply	rc=0 required	/tmp/skv12-p1/samply/parse/apache_builds__track2.json.gz	/tmp/skv12-p1/pmu/capture_status.tsv	cd /Users/mkbabb/Programming/bbnf-lang && samply record --save-only --unstable-presymbolicate -o /tmp/skv12-p1/samply/parse/apache_builds__track2.json.gz -- /tmp/skv12-profile-target-50bd1648/release/xctrace_probe /Users/mkbabb/Programming/bbnf-lang/skinny/test_data/apache_builds.json track2 31429	Retained artifact-only lane; self-time percentages are not sourced from samply save-only output.
samply	samply-parse	parse	canada	track1	canada.json	1777	/Users/mkbabb/Programming/bbnf-lang	samply	rc=0 required	/tmp/skv12-p1/samply/parse/canada__track1.json.gz	/tmp/skv12-p1/pmu/capture_status.tsv	cd /Users/mkbabb/Programming/bbnf-lang && samply record --save-only --unstable-presymbolicate -o /tmp/skv12-p1/samply/parse/canada__track1.json.gz -- /tmp/skv12-profile-target-50bd1648/release/xctrace_probe /Users/mkbabb/Programming/bbnf-lang/skinny/test_data/canada.json track1 1777	Retained artifact-only lane; self-time percentages are not sourced from samply save-only output.
samply	samply-parse	parse	canada	track2	canada.json	1777	/Users/mkbabb/Programming/bbnf-lang	samply	rc=0 required	/tmp/skv12-p1/samply/parse/canada__track2.json.gz	/tmp/skv12-p1/pmu/capture_status.tsv	cd /Users/mkbabb/Programming/bbnf-lang && samply record --save-only --unstable-presymbolicate -o /tmp/skv12-p1/samply/parse/canada__track2.json.gz -- /tmp/skv12-profile-target-50bd1648/release/xctrace_probe /Users/mkbabb/Programming/bbnf-lang/skinny/test_data/canada.json track2 1777	Retained artifact-only lane; self-time percentages are not sourced from samply save-only output.
samply	samply-parse	parse	citm_catalog	track1	citm_catalog.json	2316	/Users/mkbabb/Programming/bbnf-lang	samply	rc=0 required	/tmp/skv12-p1/samply/parse/citm_catalog__track1.json.gz	/tmp/skv12-p1/pmu/capture_status.tsv	cd /Users/mkbabb/Programming/bbnf-lang && samply record --save-only --unstable-presymbolicate -o /tmp/skv12-p1/samply/parse/citm_catalog__track1.json.gz -- /tmp/skv12-profile-target-50bd1648/release/xctrace_probe /Users/mkbabb/Programming/bbnf-lang/skinny/test_data/citm_catalog.json track1 2316	Retained artifact-only lane; self-time percentages are not sourced from samply save-only output.
samply	samply-parse	parse	citm_catalog	track2	citm_catalog.json	2316	/Users/mkbabb/Programming/bbnf-lang	samply	rc=0 required	/tmp/skv12-p1/samply/parse/citm_catalog__track2.json.gz	/tmp/skv12-p1/pmu/capture_status.tsv	cd /Users/mkbabb/Programming/bbnf-lang && samply record --save-only --unstable-presymbolicate -o /tmp/skv12-p1/samply/parse/citm_catalog__track2.json.gz -- /tmp/skv12-profile-target-50bd1648/release/xctrace_probe /Users/mkbabb/Programming/bbnf-lang/skinny/test_data/citm_catalog.json track2 2316	Retained artifact-only lane; self-time percentages are not sourced from samply save-only output.
samply	samply-parse	parse	distinct_values	track1	distinct_values.json	26037	/Users/mkbabb/Programming/bbnf-lang	samply	rc=0 required	/tmp/skv12-p1/samply/parse/distinct_values__track1.json.gz	/tmp/skv12-p1/pmu/capture_status.tsv	cd /Users/mkbabb/Programming/bbnf-lang && samply record --save-only --unstable-presymbolicate -o /tmp/skv12-p1/samply/parse/distinct_values__track1.json.gz -- /tmp/skv12-profile-target-50bd1648/release/xctrace_probe /Users/mkbabb/Programming/bbnf-lang/skinny/test_data/distinct_values.json track1 26037	Retained artifact-only lane; self-time percentages are not sourced from samply save-only output.
samply	samply-parse	parse	distinct_values	track2	distinct_values.json	26037	/Users/mkbabb/Programming/bbnf-lang	samply	rc=0 required	/tmp/skv12-p1/samply/parse/distinct_values__track2.json.gz	/tmp/skv12-p1/pmu/capture_status.tsv	cd /Users/mkbabb/Programming/bbnf-lang && samply record --save-only --unstable-presymbolicate -o /tmp/skv12-p1/samply/parse/distinct_values__track2.json.gz -- /tmp/skv12-profile-target-50bd1648/release/xctrace_probe /Users/mkbabb/Programming/bbnf-lang/skinny/test_data/distinct_values.json track2 26037	Retained artifact-only lane; self-time percentages are not sourced from samply save-only output.
samply	samply-parse	parse	github_events	track1	github_events.json	61414	/Users/mkbabb/Programming/bbnf-lang	samply	rc=0 required	/tmp/skv12-p1/samply/parse/github_events__track1.json.gz	/tmp/skv12-p1/pmu/capture_status.tsv	cd /Users/mkbabb/Programming/bbnf-lang && samply record --save-only --unstable-presymbolicate -o /tmp/skv12-p1/samply/parse/github_events__track1.json.gz -- /tmp/skv12-profile-target-50bd1648/release/xctrace_probe /Users/mkbabb/Programming/bbnf-lang/skinny/test_data/github_events.json track1 61414	Retained artifact-only lane; self-time percentages are not sourced from samply save-only output.
samply	samply-parse	parse	github_events	track2	github_events.json	61414	/Users/mkbabb/Programming/bbnf-lang	samply	rc=0 required	/tmp/skv12-p1/samply/parse/github_events__track2.json.gz	/tmp/skv12-p1/pmu/capture_status.tsv	cd /Users/mkbabb/Programming/bbnf-lang && samply record --save-only --unstable-presymbolicate -o /tmp/skv12-p1/samply/parse/github_events__track2.json.gz -- /tmp/skv12-profile-target-50bd1648/release/xctrace_probe /Users/mkbabb/Programming/bbnf-lang/skinny/test_data/github_events.json track2 61414	Retained artifact-only lane; self-time percentages are not sourced from samply save-only output.
samply	samply-parse	parse	gsoc-2018	track1	gsoc-2018.json	1202	/Users/mkbabb/Programming/bbnf-lang	samply	rc=0 required	/tmp/skv12-p1/samply/parse/gsoc-2018__track1.json.gz	/tmp/skv12-p1/pmu/capture_status.tsv	cd /Users/mkbabb/Programming/bbnf-lang && samply record --save-only --unstable-presymbolicate -o /tmp/skv12-p1/samply/parse/gsoc-2018__track1.json.gz -- /tmp/skv12-profile-target-50bd1648/release/xctrace_probe /Users/mkbabb/Programming/bbnf-lang/skinny/test_data/gsoc-2018.json track1 1202	Retained artifact-only lane; self-time percentages are not sourced from samply save-only output.
samply	samply-parse	parse	gsoc-2018	track2	gsoc-2018.json	1202	/Users/mkbabb/Programming/bbnf-lang	samply	rc=0 required	/tmp/skv12-p1/samply/parse/gsoc-2018__track2.json.gz	/tmp/skv12-p1/pmu/capture_status.tsv	cd /Users/mkbabb/Programming/bbnf-lang && samply record --save-only --unstable-presymbolicate -o /tmp/skv12-p1/samply/parse/gsoc-2018__track2.json.gz -- /tmp/skv12-profile-target-50bd1648/release/xctrace_probe /Users/mkbabb/Programming/bbnf-lang/skinny/test_data/gsoc-2018.json track2 1202	Retained artifact-only lane; self-time percentages are not sourced from samply save-only output.
samply	samply-parse	parse	instruments	track1	instruments.json	18154	/Users/mkbabb/Programming/bbnf-lang	samply	rc=0 required	/tmp/skv12-p1/samply/parse/instruments__track1.json.gz	/tmp/skv12-p1/pmu/capture_status.tsv	cd /Users/mkbabb/Programming/bbnf-lang && samply record --save-only --unstable-presymbolicate -o /tmp/skv12-p1/samply/parse/instruments__track1.json.gz -- /tmp/skv12-profile-target-50bd1648/release/xctrace_probe /Users/mkbabb/Programming/bbnf-lang/skinny/test_data/instruments.json track1 18154	Retained artifact-only lane; self-time percentages are not sourced from samply save-only output.
samply	samply-parse	parse	instruments	track2	instruments.json	18154	/Users/mkbabb/Programming/bbnf-lang	samply	rc=0 required	/tmp/skv12-p1/samply/parse/instruments__track2.json.gz	/tmp/skv12-p1/pmu/capture_status.tsv	cd /Users/mkbabb/Programming/bbnf-lang && samply record --save-only --unstable-presymbolicate -o /tmp/skv12-p1/samply/parse/instruments__track2.json.gz -- /tmp/skv12-profile-target-50bd1648/release/xctrace_probe /Users/mkbabb/Programming/bbnf-lang/skinny/test_data/instruments.json track2 18154	Retained artifact-only lane; self-time percentages are not sourced from samply save-only output.
samply	samply-parse	parse	marine_ik	track1	marine_ik.json	1341	/Users/mkbabb/Programming/bbnf-lang	samply	rc=0 required	/tmp/skv12-p1/samply/parse/marine_ik__track1.json.gz	/tmp/skv12-p1/pmu/capture_status.tsv	cd /Users/mkbabb/Programming/bbnf-lang && samply record --save-only --unstable-presymbolicate -o /tmp/skv12-p1/samply/parse/marine_ik__track1.json.gz -- /tmp/skv12-profile-target-50bd1648/release/xctrace_probe /Users/mkbabb/Programming/bbnf-lang/skinny/test_data/marine_ik.json track1 1341	Retained artifact-only lane; self-time percentages are not sourced from samply save-only output.
samply	samply-parse	parse	marine_ik	track2	marine_ik.json	1341	/Users/mkbabb/Programming/bbnf-lang	samply	rc=0 required	/tmp/skv12-p1/samply/parse/marine_ik__track2.json.gz	/tmp/skv12-p1/pmu/capture_status.tsv	cd /Users/mkbabb/Programming/bbnf-lang && samply record --save-only --unstable-presymbolicate -o /tmp/skv12-p1/samply/parse/marine_ik__track2.json.gz -- /tmp/skv12-profile-target-50bd1648/release/xctrace_probe /Users/mkbabb/Programming/bbnf-lang/skinny/test_data/marine_ik.json track2 1341	Retained artifact-only lane; self-time percentages are not sourced from samply save-only output.
samply	samply-parse	parse	mesh	track1	mesh.json	5528	/Users/mkbabb/Programming/bbnf-lang	samply	rc=0 required	/tmp/skv12-p1/samply/parse/mesh__track1.json.gz	/tmp/skv12-p1/pmu/capture_status.tsv	cd /Users/mkbabb/Programming/bbnf-lang && samply record --save-only --unstable-presymbolicate -o /tmp/skv12-p1/samply/parse/mesh__track1.json.gz -- /tmp/skv12-profile-target-50bd1648/release/xctrace_probe /Users/mkbabb/Programming/bbnf-lang/skinny/test_data/mesh.json track1 5528	Retained artifact-only lane; self-time percentages are not sourced from samply save-only output.
samply	samply-parse	parse	mesh	track2	mesh.json	5528	/Users/mkbabb/Programming/bbnf-lang	samply	rc=0 required	/tmp/skv12-p1/samply/parse/mesh__track2.json.gz	/tmp/skv12-p1/pmu/capture_status.tsv	cd /Users/mkbabb/Programming/bbnf-lang && samply record --save-only --unstable-presymbolicate -o /tmp/skv12-p1/samply/parse/mesh__track2.json.gz -- /tmp/skv12-profile-target-50bd1648/release/xctrace_probe /Users/mkbabb/Programming/bbnf-lang/skinny/test_data/mesh.json track2 5528	Retained artifact-only lane; self-time percentages are not sourced from samply save-only output.
samply	samply-parse	parse	numbers	track1	numbers.json	26645	/Users/mkbabb/Programming/bbnf-lang	samply	rc=0 required	/tmp/skv12-p1/samply/parse/numbers__track1.json.gz	/tmp/skv12-p1/pmu/capture_status.tsv	cd /Users/mkbabb/Programming/bbnf-lang && samply record --save-only --unstable-presymbolicate -o /tmp/skv12-p1/samply/parse/numbers__track1.json.gz -- /tmp/skv12-profile-target-50bd1648/release/xctrace_probe /Users/mkbabb/Programming/bbnf-lang/skinny/test_data/numbers.json track1 26645	Retained artifact-only lane; self-time percentages are not sourced from samply save-only output.
samply	samply-parse	parse	numbers	track2	numbers.json	26645	/Users/mkbabb/Programming/bbnf-lang	samply	rc=0 required	/tmp/skv12-p1/samply/parse/numbers__track2.json.gz	/tmp/skv12-p1/pmu/capture_status.tsv	cd /Users/mkbabb/Programming/bbnf-lang && samply record --save-only --unstable-presymbolicate -o /tmp/skv12-p1/samply/parse/numbers__track2.json.gz -- /tmp/skv12-profile-target-50bd1648/release/xctrace_probe /Users/mkbabb/Programming/bbnf-lang/skinny/test_data/numbers.json track2 26645	Retained artifact-only lane; self-time percentages are not sourced from samply save-only output.
samply	samply-parse	parse	random	track1	random.json	7836	/Users/mkbabb/Programming/bbnf-lang	samply	rc=0 required	/tmp/skv12-p1/samply/parse/random__track1.json.gz	/tmp/skv12-p1/pmu/capture_status.tsv	cd /Users/mkbabb/Programming/bbnf-lang && samply record --save-only --unstable-presymbolicate -o /tmp/skv12-p1/samply/parse/random__track1.json.gz -- /tmp/skv12-profile-target-50bd1648/release/xctrace_probe /Users/mkbabb/Programming/bbnf-lang/skinny/test_data/random.json track1 7836	Retained artifact-only lane; self-time percentages are not sourced from samply save-only output.
samply	samply-parse	parse	random	track2	random.json	7836	/Users/mkbabb/Programming/bbnf-lang	samply	rc=0 required	/tmp/skv12-p1/samply/parse/random__track2.json.gz	/tmp/skv12-p1/pmu/capture_status.tsv	cd /Users/mkbabb/Programming/bbnf-lang && samply record --save-only --unstable-presymbolicate -o /tmp/skv12-p1/samply/parse/random__track2.json.gz -- /tmp/skv12-profile-target-50bd1648/release/xctrace_probe /Users/mkbabb/Programming/bbnf-lang/skinny/test_data/random.json track2 7836	Retained artifact-only lane; self-time percentages are not sourced from samply save-only output.
samply	samply-parse	parse	twitter	track1	twitter.json	6334	/Users/mkbabb/Programming/bbnf-lang	samply	rc=0 required	/tmp/skv12-p1/samply/parse/twitter__track1.json.gz	/tmp/skv12-p1/pmu/capture_status.tsv	cd /Users/mkbabb/Programming/bbnf-lang && samply record --save-only --unstable-presymbolicate -o /tmp/skv12-p1/samply/parse/twitter__track1.json.gz -- /tmp/skv12-profile-target-50bd1648/release/xctrace_probe /Users/mkbabb/Programming/bbnf-lang/skinny/test_data/twitter.json track1 6334	Retained artifact-only lane; self-time percentages are not sourced from samply save-only output.
samply	samply-parse	parse	twitter	track2	twitter.json	6334	/Users/mkbabb/Programming/bbnf-lang	samply	rc=0 required	/tmp/skv12-p1/samply/parse/twitter__track2.json.gz	/tmp/skv12-p1/pmu/capture_status.tsv	cd /Users/mkbabb/Programming/bbnf-lang && samply record --save-only --unstable-presymbolicate -o /tmp/skv12-p1/samply/parse/twitter__track2.json.gz -- /tmp/skv12-profile-target-50bd1648/release/xctrace_probe /Users/mkbabb/Programming/bbnf-lang/skinny/test_data/twitter.json track2 6334	Retained artifact-only lane; self-time percentages are not sourced from samply save-only output.
samply	samply-parse	parse	unicode_basic	track1	unicode_basic.json	3815	/Users/mkbabb/Programming/bbnf-lang	samply	rc=0 required	/tmp/skv12-p1/samply/parse/unicode_basic__track1.json.gz	/tmp/skv12-p1/pmu/capture_status.tsv	cd /Users/mkbabb/Programming/bbnf-lang && samply record --save-only --unstable-presymbolicate -o /tmp/skv12-p1/samply/parse/unicode_basic__track1.json.gz -- /tmp/skv12-profile-target-50bd1648/release/xctrace_probe /Users/mkbabb/Programming/bbnf-lang/skinny/test_data/unicode_basic.json track1 3815	Retained artifact-only lane; self-time percentages are not sourced from samply save-only output.
samply	samply-parse	parse	unicode_basic	track2	unicode_basic.json	3815	/Users/mkbabb/Programming/bbnf-lang	samply	rc=0 required	/tmp/skv12-p1/samply/parse/unicode_basic__track2.json.gz	/tmp/skv12-p1/pmu/capture_status.tsv	cd /Users/mkbabb/Programming/bbnf-lang && samply record --save-only --unstable-presymbolicate -o /tmp/skv12-p1/samply/parse/unicode_basic__track2.json.gz -- /tmp/skv12-profile-target-50bd1648/release/xctrace_probe /Users/mkbabb/Programming/bbnf-lang/skinny/test_data/unicode_basic.json track2 3815	Retained artifact-only lane; self-time percentages are not sourced from samply save-only output.
samply	samply-parse	parse	unicode_escapes	track1	unicode_escapes.json	3807	/Users/mkbabb/Programming/bbnf-lang	samply	rc=0 required	/tmp/skv12-p1/samply/parse/unicode_escapes__track1.json.gz	/tmp/skv12-p1/pmu/capture_status.tsv	cd /Users/mkbabb/Programming/bbnf-lang && samply record --save-only --unstable-presymbolicate -o /tmp/skv12-p1/samply/parse/unicode_escapes__track1.json.gz -- /tmp/skv12-profile-target-50bd1648/release/xctrace_probe /Users/mkbabb/Programming/bbnf-lang/skinny/test_data/unicode_escapes.json track1 3807	Retained artifact-only lane; self-time percentages are not sourced from samply save-only output.
samply	samply-parse	parse	unicode_escapes	track2	unicode_escapes.json	3807	/Users/mkbabb/Programming/bbnf-lang	samply	rc=0 required	/tmp/skv12-p1/samply/parse/unicode_escapes__track2.json.gz	/tmp/skv12-p1/pmu/capture_status.tsv	cd /Users/mkbabb/Programming/bbnf-lang && samply record --save-only --unstable-presymbolicate -o /tmp/skv12-p1/samply/parse/unicode_escapes__track2.json.gz -- /tmp/skv12-profile-target-50bd1648/release/xctrace_probe /Users/mkbabb/Programming/bbnf-lang/skinny/test_data/unicode_escapes.json track2 3807	Retained artifact-only lane; self-time percentages are not sourced from samply save-only output.
samply	samply-parse	parse	unicode_mixed	track1	unicode_mixed.json	3799	/Users/mkbabb/Programming/bbnf-lang	samply	rc=0 required	/tmp/skv12-p1/samply/parse/unicode_mixed__track1.json.gz	/tmp/skv12-p1/pmu/capture_status.tsv	cd /Users/mkbabb/Programming/bbnf-lang && samply record --save-only --unstable-presymbolicate -o /tmp/skv12-p1/samply/parse/unicode_mixed__track1.json.gz -- /tmp/skv12-profile-target-50bd1648/release/xctrace_probe /Users/mkbabb/Programming/bbnf-lang/skinny/test_data/unicode_mixed.json track1 3799	Retained artifact-only lane; self-time percentages are not sourced from samply save-only output.
samply	samply-parse	parse	unicode_mixed	track2	unicode_mixed.json	3799	/Users/mkbabb/Programming/bbnf-lang	samply	rc=0 required	/tmp/skv12-p1/samply/parse/unicode_mixed__track2.json.gz	/tmp/skv12-p1/pmu/capture_status.tsv	cd /Users/mkbabb/Programming/bbnf-lang && samply record --save-only --unstable-presymbolicate -o /tmp/skv12-p1/samply/parse/unicode_mixed__track2.json.gz -- /tmp/skv12-profile-target-50bd1648/release/xctrace_probe /Users/mkbabb/Programming/bbnf-lang/skinny/test_data/unicode_mixed.json track2 3799	Retained artifact-only lane; self-time percentages are not sourced from samply save-only output.
samply	samply-parse	parse	update_center	track1	update-center.json	7503	/Users/mkbabb/Programming/bbnf-lang	samply	rc=0 required	/tmp/skv12-p1/samply/parse/update_center__track1.json.gz	/tmp/skv12-p1/pmu/capture_status.tsv	cd /Users/mkbabb/Programming/bbnf-lang && samply record --save-only --unstable-presymbolicate -o /tmp/skv12-p1/samply/parse/update_center__track1.json.gz -- /tmp/skv12-profile-target-50bd1648/release/xctrace_probe /Users/mkbabb/Programming/bbnf-lang/skinny/test_data/update-center.json track1 7503	Retained artifact-only lane; self-time percentages are not sourced from samply save-only output.
samply	samply-parse	parse	update_center	track2	update-center.json	7503	/Users/mkbabb/Programming/bbnf-lang	samply	rc=0 required	/tmp/skv12-p1/samply/parse/update_center__track2.json.gz	/tmp/skv12-p1/pmu/capture_status.tsv	cd /Users/mkbabb/Programming/bbnf-lang && samply record --save-only --unstable-presymbolicate -o /tmp/skv12-p1/samply/parse/update_center__track2.json.gz -- /tmp/skv12-profile-target-50bd1648/release/xctrace_probe /Users/mkbabb/Programming/bbnf-lang/skinny/test_data/update-center.json track2 7503	Retained artifact-only lane; self-time percentages are not sourced from samply save-only output.
samply	samply-parse	parse	y_string_unicode	track1	y_string_unicode.json	100000	/Users/mkbabb/Programming/bbnf-lang	samply	rc=0 required	/tmp/skv12-p1/samply/parse/y_string_unicode__track1.json.gz	/tmp/skv12-p1/pmu/capture_status.tsv	cd /Users/mkbabb/Programming/bbnf-lang && samply record --save-only --unstable-presymbolicate -o /tmp/skv12-p1/samply/parse/y_string_unicode__track1.json.gz -- /tmp/skv12-profile-target-50bd1648/release/xctrace_probe /Users/mkbabb/Programming/bbnf-lang/skinny/test_data/y_string_unicode.json track1 100000	Retained artifact-only lane; self-time percentages are not sourced from samply save-only output.
samply	samply-parse	parse	y_string_unicode	track2	y_string_unicode.json	100000	/Users/mkbabb/Programming/bbnf-lang	samply	rc=0 required	/tmp/skv12-p1/samply/parse/y_string_unicode__track2.json.gz	/tmp/skv12-p1/pmu/capture_status.tsv	cd /Users/mkbabb/Programming/bbnf-lang && samply record --save-only --unstable-presymbolicate -o /tmp/skv12-p1/samply/parse/y_string_unicode__track2.json.gz -- /tmp/skv12-profile-target-50bd1648/release/xctrace_probe /Users/mkbabb/Programming/bbnf-lang/skinny/test_data/y_string_unicode.json track2 100000	Retained artifact-only lane; self-time percentages are not sourced from samply save-only output.
samply	samply-typed	typed	apache_builds	real_typed_track1	apache_builds	31429	/Users/mkbabb/Programming/bbnf-lang/skinny	samply	rc=0 required	/tmp/skv12-p1/samply/typed/apache_builds__real_typed_track1.json.gz	/tmp/skv12-p1/pmu/capture_status.tsv	cd /Users/mkbabb/Programming/bbnf-lang/skinny && samply record --save-only --unstable-presymbolicate -o /tmp/skv12-p1/samply/typed/apache_builds__real_typed_track1.json.gz -- /tmp/skv12-profile-target-50bd1648/release/profile_direct 31429 apache_builds real_typed_track1	Retained artifact-only lane; self-time percentages are not sourced from samply save-only output.
samply	samply-typed	typed	apache_builds	real_typed_track2	apache_builds	31429	/Users/mkbabb/Programming/bbnf-lang/skinny	samply	rc=0 required	/tmp/skv12-p1/samply/typed/apache_builds__real_typed_track2.json.gz	/tmp/skv12-p1/pmu/capture_status.tsv	cd /Users/mkbabb/Programming/bbnf-lang/skinny && samply record --save-only --unstable-presymbolicate -o /tmp/skv12-p1/samply/typed/apache_builds__real_typed_track2.json.gz -- /tmp/skv12-profile-target-50bd1648/release/profile_direct 31429 apache_builds real_typed_track2	Retained artifact-only lane; self-time percentages are not sourced from samply save-only output.
samply	samply-typed	typed	citm_catalog	real_typed_track1	citm_catalog	2316	/Users/mkbabb/Programming/bbnf-lang/skinny	samply	rc=0 required	/tmp/skv12-p1/samply/typed/citm_catalog__real_typed_track1.json.gz	/tmp/skv12-p1/pmu/capture_status.tsv	cd /Users/mkbabb/Programming/bbnf-lang/skinny && samply record --save-only --unstable-presymbolicate -o /tmp/skv12-p1/samply/typed/citm_catalog__real_typed_track1.json.gz -- /tmp/skv12-profile-target-50bd1648/release/profile_direct 2316 citm_catalog real_typed_track1	Retained artifact-only lane; self-time percentages are not sourced from samply save-only output.
samply	samply-typed	typed	citm_catalog	real_typed_track2	citm_catalog	2316	/Users/mkbabb/Programming/bbnf-lang/skinny	samply	rc=0 required	/tmp/skv12-p1/samply/typed/citm_catalog__real_typed_track2.json.gz	/tmp/skv12-p1/pmu/capture_status.tsv	cd /Users/mkbabb/Programming/bbnf-lang/skinny && samply record --save-only --unstable-presymbolicate -o /tmp/skv12-p1/samply/typed/citm_catalog__real_typed_track2.json.gz -- /tmp/skv12-profile-target-50bd1648/release/profile_direct 2316 citm_catalog real_typed_track2	Retained artifact-only lane; self-time percentages are not sourced from samply save-only output.
samply	samply-typed	typed	github_events	real_typed_track1	github_events	61414	/Users/mkbabb/Programming/bbnf-lang/skinny	samply	rc=0 required	/tmp/skv12-p1/samply/typed/github_events__real_typed_track1.json.gz	/tmp/skv12-p1/pmu/capture_status.tsv	cd /Users/mkbabb/Programming/bbnf-lang/skinny && samply record --save-only --unstable-presymbolicate -o /tmp/skv12-p1/samply/typed/github_events__real_typed_track1.json.gz -- /tmp/skv12-profile-target-50bd1648/release/profile_direct 61414 github_events real_typed_track1	Retained artifact-only lane; self-time percentages are not sourced from samply save-only output.
samply	samply-typed	typed	github_events	real_typed_track2	github_events	61414	/Users/mkbabb/Programming/bbnf-lang/skinny	samply	rc=0 required	/tmp/skv12-p1/samply/typed/github_events__real_typed_track2.json.gz	/tmp/skv12-p1/pmu/capture_status.tsv	cd /Users/mkbabb/Programming/bbnf-lang/skinny && samply record --save-only --unstable-presymbolicate -o /tmp/skv12-p1/samply/typed/github_events__real_typed_track2.json.gz -- /tmp/skv12-profile-target-50bd1648/release/profile_direct 61414 github_events real_typed_track2	Retained artifact-only lane; self-time percentages are not sourced from samply save-only output.
samply	samply-typed	typed	marine_ik	real_typed_track1	marine_ik	1341	/Users/mkbabb/Programming/bbnf-lang/skinny	samply	rc=0 required	/tmp/skv12-p1/samply/typed/marine_ik__real_typed_track1.json.gz	/tmp/skv12-p1/pmu/capture_status.tsv	cd /Users/mkbabb/Programming/bbnf-lang/skinny && samply record --save-only --unstable-presymbolicate -o /tmp/skv12-p1/samply/typed/marine_ik__real_typed_track1.json.gz -- /tmp/skv12-profile-target-50bd1648/release/profile_direct 1341 marine_ik real_typed_track1	Retained artifact-only lane; self-time percentages are not sourced from samply save-only output.
samply	samply-typed	typed	marine_ik	real_typed_track2	marine_ik	1341	/Users/mkbabb/Programming/bbnf-lang/skinny	samply	rc=0 required	/tmp/skv12-p1/samply/typed/marine_ik__real_typed_track2.json.gz	/tmp/skv12-p1/pmu/capture_status.tsv	cd /Users/mkbabb/Programming/bbnf-lang/skinny && samply record --save-only --unstable-presymbolicate -o /tmp/skv12-p1/samply/typed/marine_ik__real_typed_track2.json.gz -- /tmp/skv12-profile-target-50bd1648/release/profile_direct 1341 marine_ik real_typed_track2	Retained artifact-only lane; self-time percentages are not sourced from samply save-only output.
samply	samply-typed	typed	mesh	real_typed_track1	mesh	5528	/Users/mkbabb/Programming/bbnf-lang/skinny	samply	rc=0 required	/tmp/skv12-p1/samply/typed/mesh__real_typed_track1.json.gz	/tmp/skv12-p1/pmu/capture_status.tsv	cd /Users/mkbabb/Programming/bbnf-lang/skinny && samply record --save-only --unstable-presymbolicate -o /tmp/skv12-p1/samply/typed/mesh__real_typed_track1.json.gz -- /tmp/skv12-profile-target-50bd1648/release/profile_direct 5528 mesh real_typed_track1	Retained artifact-only lane; self-time percentages are not sourced from samply save-only output.
samply	samply-typed	typed	mesh	real_typed_track2	mesh	5528	/Users/mkbabb/Programming/bbnf-lang/skinny	samply	rc=0 required	/tmp/skv12-p1/samply/typed/mesh__real_typed_track2.json.gz	/tmp/skv12-p1/pmu/capture_status.tsv	cd /Users/mkbabb/Programming/bbnf-lang/skinny && samply record --save-only --unstable-presymbolicate -o /tmp/skv12-p1/samply/typed/mesh__real_typed_track2.json.gz -- /tmp/skv12-profile-target-50bd1648/release/profile_direct 5528 mesh real_typed_track2	Retained artifact-only lane; self-time percentages are not sourced from samply save-only output.
samply	samply-typed	typed	twitter	real_typed_track1	twitter	6334	/Users/mkbabb/Programming/bbnf-lang/skinny	samply	rc=0 required	/tmp/skv12-p1/samply/typed/twitter__real_typed_track1.json.gz	/tmp/skv12-p1/pmu/capture_status.tsv	cd /Users/mkbabb/Programming/bbnf-lang/skinny && samply record --save-only --unstable-presymbolicate -o /tmp/skv12-p1/samply/typed/twitter__real_typed_track1.json.gz -- /tmp/skv12-profile-target-50bd1648/release/profile_direct 6334 twitter real_typed_track1	Retained artifact-only lane; self-time percentages are not sourced from samply save-only output.
samply	samply-typed	typed	twitter	real_typed_track2	twitter	6334	/Users/mkbabb/Programming/bbnf-lang/skinny	samply	rc=0 required	/tmp/skv12-p1/samply/typed/twitter__real_typed_track2.json.gz	/tmp/skv12-p1/pmu/capture_status.tsv	cd /Users/mkbabb/Programming/bbnf-lang/skinny && samply record --save-only --unstable-presymbolicate -o /tmp/skv12-p1/samply/typed/twitter__real_typed_track2.json.gz -- /tmp/skv12-profile-target-50bd1648/release/profile_direct 6334 twitter real_typed_track2	Retained artifact-only lane; self-time percentages are not sourced from samply save-only output.
samply	samply-typed	typed	update_center	real_typed_track1	update-center	7503	/Users/mkbabb/Programming/bbnf-lang/skinny	samply	rc=0 required	/tmp/skv12-p1/samply/typed/update_center__real_typed_track1.json.gz	/tmp/skv12-p1/pmu/capture_status.tsv	cd /Users/mkbabb/Programming/bbnf-lang/skinny && samply record --save-only --unstable-presymbolicate -o /tmp/skv12-p1/samply/typed/update_center__real_typed_track1.json.gz -- /tmp/skv12-profile-target-50bd1648/release/profile_direct 7503 update-center real_typed_track1	Retained artifact-only lane; self-time percentages are not sourced from samply save-only output.
samply	samply-typed	typed	update_center	real_typed_track2	update-center	7503	/Users/mkbabb/Programming/bbnf-lang/skinny	samply	rc=0 required	/tmp/skv12-p1/samply/typed/update_center__real_typed_track2.json.gz	/tmp/skv12-p1/pmu/capture_status.tsv	cd /Users/mkbabb/Programming/bbnf-lang/skinny && samply record --save-only --unstable-presymbolicate -o /tmp/skv12-p1/samply/typed/update_center__real_typed_track2.json.gz -- /tmp/skv12-profile-target-50bd1648/release/profile_direct 7503 update-center real_typed_track2	Retained artifact-only lane; self-time percentages are not sourced from samply save-only output.
xctrace-time-profiler-primary	xctrace-time-profiler-direct	direct	apache_builds	track1	apache_builds	31429	/Users/mkbabb/Programming/bbnf-lang/skinny	xctrace	rc=0 or rc=54 with saved trace after time-limit/target-exit stop	/tmp/skv12-p1/direct-xctrace/time-profiler/apache_builds__track1.trace	/tmp/skv12-p1/pmu/capture_status.tsv	cd /Users/mkbabb/Programming/bbnf-lang/skinny && xctrace record --template "Time Profiler" --output /tmp/skv12-p1/direct-xctrace/time-profiler/apache_builds__track1.trace --no-prompt --time-limit 1000ms --launch -- /tmp/skv12-profile-target-50bd1648/release/profile_direct 31429 apache_builds track1	Retained original product trace; superseded for self-time by product-v2 because many primary product traces were shallow.
xctrace-time-profiler-primary	xctrace-time-profiler-direct	direct	apache_builds	track2	apache_builds	31429	/Users/mkbabb/Programming/bbnf-lang/skinny	xctrace	rc=0 or rc=54 with saved trace after time-limit/target-exit stop	/tmp/skv12-p1/direct-xctrace/time-profiler/apache_builds__track2.trace	/tmp/skv12-p1/pmu/capture_status.tsv	cd /Users/mkbabb/Programming/bbnf-lang/skinny && xctrace record --template "Time Profiler" --output /tmp/skv12-p1/direct-xctrace/time-profiler/apache_builds__track2.trace --no-prompt --time-limit 1000ms --launch -- /tmp/skv12-profile-target-50bd1648/release/profile_direct 31429 apache_builds track2	Retained original product trace; superseded for self-time by product-v2 because many primary product traces were shallow.
xctrace-time-profiler-primary	xctrace-time-profiler-direct	direct	canada	track1	canada	1777	/Users/mkbabb/Programming/bbnf-lang/skinny	xctrace	rc=0 or rc=54 with saved trace after time-limit/target-exit stop	/tmp/skv12-p1/direct-xctrace/time-profiler/canada__track1.trace	/tmp/skv12-p1/pmu/capture_status.tsv	cd /Users/mkbabb/Programming/bbnf-lang/skinny && xctrace record --template "Time Profiler" --output /tmp/skv12-p1/direct-xctrace/time-profiler/canada__track1.trace --no-prompt --time-limit 1000ms --launch -- /tmp/skv12-profile-target-50bd1648/release/profile_direct 1777 canada track1	Retained original product trace; superseded for self-time by product-v2 because many primary product traces were shallow.
xctrace-time-profiler-primary	xctrace-time-profiler-direct	direct	canada	track2	canada	1777	/Users/mkbabb/Programming/bbnf-lang/skinny	xctrace	rc=0 or rc=54 with saved trace after time-limit/target-exit stop	/tmp/skv12-p1/direct-xctrace/time-profiler/canada__track2.trace	/tmp/skv12-p1/pmu/capture_status.tsv	cd /Users/mkbabb/Programming/bbnf-lang/skinny && xctrace record --template "Time Profiler" --output /tmp/skv12-p1/direct-xctrace/time-profiler/canada__track2.trace --no-prompt --time-limit 1000ms --launch -- /tmp/skv12-profile-target-50bd1648/release/profile_direct 1777 canada track2	Retained original product trace; superseded for self-time by product-v2 because many primary product traces were shallow.
xctrace-time-profiler-primary	xctrace-time-profiler-direct	direct	citm_catalog	track1	citm_catalog	2316	/Users/mkbabb/Programming/bbnf-lang/skinny	xctrace	rc=0 or rc=54 with saved trace after time-limit/target-exit stop	/tmp/skv12-p1/direct-xctrace/time-profiler/citm_catalog__track1.trace	/tmp/skv12-p1/pmu/capture_status.tsv	cd /Users/mkbabb/Programming/bbnf-lang/skinny && xctrace record --template "Time Profiler" --output /tmp/skv12-p1/direct-xctrace/time-profiler/citm_catalog__track1.trace --no-prompt --time-limit 1000ms --launch -- /tmp/skv12-profile-target-50bd1648/release/profile_direct 2316 citm_catalog track1	Retained original product trace; superseded for self-time by product-v2 because many primary product traces were shallow.
xctrace-time-profiler-primary	xctrace-time-profiler-direct	direct	citm_catalog	track2	citm_catalog	2316	/Users/mkbabb/Programming/bbnf-lang/skinny	xctrace	rc=0 or rc=54 with saved trace after time-limit/target-exit stop	/tmp/skv12-p1/direct-xctrace/time-profiler/citm_catalog__track2.trace	/tmp/skv12-p1/pmu/capture_status.tsv	cd /Users/mkbabb/Programming/bbnf-lang/skinny && xctrace record --template "Time Profiler" --output /tmp/skv12-p1/direct-xctrace/time-profiler/citm_catalog__track2.trace --no-prompt --time-limit 1000ms --launch -- /tmp/skv12-profile-target-50bd1648/release/profile_direct 2316 citm_catalog track2	Retained original product trace; superseded for self-time by product-v2 because many primary product traces were shallow.
xctrace-time-profiler-primary	xctrace-time-profiler-direct	direct	distinct_values	track1	distinct_values	26037	/Users/mkbabb/Programming/bbnf-lang/skinny	xctrace	rc=0 or rc=54 with saved trace after time-limit/target-exit stop	/tmp/skv12-p1/direct-xctrace/time-profiler/distinct_values__track1.trace	/tmp/skv12-p1/pmu/capture_status.tsv	cd /Users/mkbabb/Programming/bbnf-lang/skinny && xctrace record --template "Time Profiler" --output /tmp/skv12-p1/direct-xctrace/time-profiler/distinct_values__track1.trace --no-prompt --time-limit 1000ms --launch -- /tmp/skv12-profile-target-50bd1648/release/profile_direct 26037 distinct_values track1	Retained original product trace; superseded for self-time by product-v2 because many primary product traces were shallow.
xctrace-time-profiler-primary	xctrace-time-profiler-direct	direct	distinct_values	track2	distinct_values	26037	/Users/mkbabb/Programming/bbnf-lang/skinny	xctrace	rc=0 or rc=54 with saved trace after time-limit/target-exit stop	/tmp/skv12-p1/direct-xctrace/time-profiler/distinct_values__track2.trace	/tmp/skv12-p1/pmu/capture_status.tsv	cd /Users/mkbabb/Programming/bbnf-lang/skinny && xctrace record --template "Time Profiler" --output /tmp/skv12-p1/direct-xctrace/time-profiler/distinct_values__track2.trace --no-prompt --time-limit 1000ms --launch -- /tmp/skv12-profile-target-50bd1648/release/profile_direct 26037 distinct_values track2	Retained original product trace; superseded for self-time by product-v2 because many primary product traces were shallow.
xctrace-time-profiler-primary	xctrace-time-profiler-direct	direct	github_events	track1	github_events	61414	/Users/mkbabb/Programming/bbnf-lang/skinny	xctrace	rc=0 or rc=54 with saved trace after time-limit/target-exit stop	/tmp/skv12-p1/direct-xctrace/time-profiler/github_events__track1.trace	/tmp/skv12-p1/pmu/capture_status.tsv	cd /Users/mkbabb/Programming/bbnf-lang/skinny && xctrace record --template "Time Profiler" --output /tmp/skv12-p1/direct-xctrace/time-profiler/github_events__track1.trace --no-prompt --time-limit 1000ms --launch -- /tmp/skv12-profile-target-50bd1648/release/profile_direct 61414 github_events track1	Retained original product trace; superseded for self-time by product-v2 because many primary product traces were shallow.
xctrace-time-profiler-primary	xctrace-time-profiler-direct	direct	github_events	track2	github_events	61414	/Users/mkbabb/Programming/bbnf-lang/skinny	xctrace	rc=0 or rc=54 with saved trace after time-limit/target-exit stop	/tmp/skv12-p1/direct-xctrace/time-profiler/github_events__track2.trace	/tmp/skv12-p1/pmu/capture_status.tsv	cd /Users/mkbabb/Programming/bbnf-lang/skinny && xctrace record --template "Time Profiler" --output /tmp/skv12-p1/direct-xctrace/time-profiler/github_events__track2.trace --no-prompt --time-limit 1000ms --launch -- /tmp/skv12-profile-target-50bd1648/release/profile_direct 61414 github_events track2	Retained original product trace; superseded for self-time by product-v2 because many primary product traces were shallow.
xctrace-time-profiler-primary	xctrace-time-profiler-direct	direct	gsoc-2018	track1	gsoc-2018	1202	/Users/mkbabb/Programming/bbnf-lang/skinny	xctrace	rc=0 or rc=54 with saved trace after time-limit/target-exit stop	/tmp/skv12-p1/direct-xctrace/time-profiler/gsoc-2018__track1.trace	/tmp/skv12-p1/pmu/capture_status.tsv	cd /Users/mkbabb/Programming/bbnf-lang/skinny && xctrace record --template "Time Profiler" --output /tmp/skv12-p1/direct-xctrace/time-profiler/gsoc-2018__track1.trace --no-prompt --time-limit 1000ms --launch -- /tmp/skv12-profile-target-50bd1648/release/profile_direct 1202 gsoc-2018 track1	Retained original product trace; superseded for self-time by product-v2 because many primary product traces were shallow.
xctrace-time-profiler-primary	xctrace-time-profiler-direct	direct	gsoc-2018	track2	gsoc-2018	1202	/Users/mkbabb/Programming/bbnf-lang/skinny	xctrace	rc=0 or rc=54 with saved trace after time-limit/target-exit stop	/tmp/skv12-p1/direct-xctrace/time-profiler/gsoc-2018__track2.trace	/tmp/skv12-p1/pmu/capture_status.tsv	cd /Users/mkbabb/Programming/bbnf-lang/skinny && xctrace record --template "Time Profiler" --output /tmp/skv12-p1/direct-xctrace/time-profiler/gsoc-2018__track2.trace --no-prompt --time-limit 1000ms --launch -- /tmp/skv12-profile-target-50bd1648/release/profile_direct 1202 gsoc-2018 track2	Retained original product trace; superseded for self-time by product-v2 because many primary product traces were shallow.
xctrace-time-profiler-primary	xctrace-time-profiler-direct	direct	instruments	track1	instruments	18154	/Users/mkbabb/Programming/bbnf-lang/skinny	xctrace	rc=0 or rc=54 with saved trace after time-limit/target-exit stop	/tmp/skv12-p1/direct-xctrace/time-profiler/instruments__track1.trace	/tmp/skv12-p1/pmu/capture_status.tsv	cd /Users/mkbabb/Programming/bbnf-lang/skinny && xctrace record --template "Time Profiler" --output /tmp/skv12-p1/direct-xctrace/time-profiler/instruments__track1.trace --no-prompt --time-limit 1000ms --launch -- /tmp/skv12-profile-target-50bd1648/release/profile_direct 18154 instruments track1	Retained original product trace; superseded for self-time by product-v2 because many primary product traces were shallow.
xctrace-time-profiler-primary	xctrace-time-profiler-direct	direct	instruments	track2	instruments	18154	/Users/mkbabb/Programming/bbnf-lang/skinny	xctrace	rc=0 or rc=54 with saved trace after time-limit/target-exit stop	/tmp/skv12-p1/direct-xctrace/time-profiler/instruments__track2.trace	/tmp/skv12-p1/pmu/capture_status.tsv	cd /Users/mkbabb/Programming/bbnf-lang/skinny && xctrace record --template "Time Profiler" --output /tmp/skv12-p1/direct-xctrace/time-profiler/instruments__track2.trace --no-prompt --time-limit 1000ms --launch -- /tmp/skv12-profile-target-50bd1648/release/profile_direct 18154 instruments track2	Retained original product trace; superseded for self-time by product-v2 because many primary product traces were shallow.
xctrace-time-profiler-primary	xctrace-time-profiler-direct	direct	marine_ik	track1	marine_ik	1341	/Users/mkbabb/Programming/bbnf-lang/skinny	xctrace	rc=0 or rc=54 with saved trace after time-limit/target-exit stop	/tmp/skv12-p1/direct-xctrace/time-profiler/marine_ik__track1.trace	/tmp/skv12-p1/pmu/capture_status.tsv	cd /Users/mkbabb/Programming/bbnf-lang/skinny && xctrace record --template "Time Profiler" --output /tmp/skv12-p1/direct-xctrace/time-profiler/marine_ik__track1.trace --no-prompt --time-limit 1000ms --launch -- /tmp/skv12-profile-target-50bd1648/release/profile_direct 1341 marine_ik track1	Retained original product trace; superseded for self-time by product-v2 because many primary product traces were shallow.
xctrace-time-profiler-primary	xctrace-time-profiler-direct	direct	marine_ik	track2	marine_ik	1341	/Users/mkbabb/Programming/bbnf-lang/skinny	xctrace	rc=0 or rc=54 with saved trace after time-limit/target-exit stop	/tmp/skv12-p1/direct-xctrace/time-profiler/marine_ik__track2.trace	/tmp/skv12-p1/pmu/capture_status.tsv	cd /Users/mkbabb/Programming/bbnf-lang/skinny && xctrace record --template "Time Profiler" --output /tmp/skv12-p1/direct-xctrace/time-profiler/marine_ik__track2.trace --no-prompt --time-limit 1000ms --launch -- /tmp/skv12-profile-target-50bd1648/release/profile_direct 1341 marine_ik track2	Retained original product trace; superseded for self-time by product-v2 because many primary product traces were shallow.
xctrace-time-profiler-primary	xctrace-time-profiler-direct	direct	mesh	track1	mesh	5528	/Users/mkbabb/Programming/bbnf-lang/skinny	xctrace	rc=0 or rc=54 with saved trace after time-limit/target-exit stop	/tmp/skv12-p1/direct-xctrace/time-profiler/mesh__track1.trace	/tmp/skv12-p1/pmu/capture_status.tsv	cd /Users/mkbabb/Programming/bbnf-lang/skinny && xctrace record --template "Time Profiler" --output /tmp/skv12-p1/direct-xctrace/time-profiler/mesh__track1.trace --no-prompt --time-limit 1000ms --launch -- /tmp/skv12-profile-target-50bd1648/release/profile_direct 5528 mesh track1	Retained original product trace; superseded for self-time by product-v2 because many primary product traces were shallow.
xctrace-time-profiler-primary	xctrace-time-profiler-direct	direct	mesh	track2	mesh	5528	/Users/mkbabb/Programming/bbnf-lang/skinny	xctrace	rc=0 or rc=54 with saved trace after time-limit/target-exit stop	/tmp/skv12-p1/direct-xctrace/time-profiler/mesh__track2.trace	/tmp/skv12-p1/pmu/capture_status.tsv	cd /Users/mkbabb/Programming/bbnf-lang/skinny && xctrace record --template "Time Profiler" --output /tmp/skv12-p1/direct-xctrace/time-profiler/mesh__track2.trace --no-prompt --time-limit 1000ms --launch -- /tmp/skv12-profile-target-50bd1648/release/profile_direct 5528 mesh track2	Retained original product trace; superseded for self-time by product-v2 because many primary product traces were shallow.
xctrace-time-profiler-primary	xctrace-time-profiler-direct	direct	numbers	track1	numbers	26645	/Users/mkbabb/Programming/bbnf-lang/skinny	xctrace	rc=0 or rc=54 with saved trace after time-limit/target-exit stop	/tmp/skv12-p1/direct-xctrace/time-profiler/numbers__track1.trace	/tmp/skv12-p1/pmu/capture_status.tsv	cd /Users/mkbabb/Programming/bbnf-lang/skinny && xctrace record --template "Time Profiler" --output /tmp/skv12-p1/direct-xctrace/time-profiler/numbers__track1.trace --no-prompt --time-limit 1000ms --launch -- /tmp/skv12-profile-target-50bd1648/release/profile_direct 26645 numbers track1	Retained original product trace; superseded for self-time by product-v2 because many primary product traces were shallow.
xctrace-time-profiler-primary	xctrace-time-profiler-direct	direct	numbers	track2	numbers	26645	/Users/mkbabb/Programming/bbnf-lang/skinny	xctrace	rc=0 or rc=54 with saved trace after time-limit/target-exit stop	/tmp/skv12-p1/direct-xctrace/time-profiler/numbers__track2.trace	/tmp/skv12-p1/pmu/capture_status.tsv	cd /Users/mkbabb/Programming/bbnf-lang/skinny && xctrace record --template "Time Profiler" --output /tmp/skv12-p1/direct-xctrace/time-profiler/numbers__track2.trace --no-prompt --time-limit 1000ms --launch -- /tmp/skv12-profile-target-50bd1648/release/profile_direct 26645 numbers track2	Retained original product trace; superseded for self-time by product-v2 because many primary product traces were shallow.
xctrace-time-profiler-primary	xctrace-time-profiler-direct	direct	random	track1	random	7836	/Users/mkbabb/Programming/bbnf-lang/skinny	xctrace	rc=0 or rc=54 with saved trace after time-limit/target-exit stop	/tmp/skv12-p1/direct-xctrace/time-profiler/random__track1.trace	/tmp/skv12-p1/pmu/capture_status.tsv	cd /Users/mkbabb/Programming/bbnf-lang/skinny && xctrace record --template "Time Profiler" --output /tmp/skv12-p1/direct-xctrace/time-profiler/random__track1.trace --no-prompt --time-limit 1000ms --launch -- /tmp/skv12-profile-target-50bd1648/release/profile_direct 7836 random track1	Retained original product trace; superseded for self-time by product-v2 because many primary product traces were shallow.
xctrace-time-profiler-primary	xctrace-time-profiler-direct	direct	random	track2	random	7836	/Users/mkbabb/Programming/bbnf-lang/skinny	xctrace	rc=0 or rc=54 with saved trace after time-limit/target-exit stop	/tmp/skv12-p1/direct-xctrace/time-profiler/random__track2.trace	/tmp/skv12-p1/pmu/capture_status.tsv	cd /Users/mkbabb/Programming/bbnf-lang/skinny && xctrace record --template "Time Profiler" --output /tmp/skv12-p1/direct-xctrace/time-profiler/random__track2.trace --no-prompt --time-limit 1000ms --launch -- /tmp/skv12-profile-target-50bd1648/release/profile_direct 7836 random track2	Retained original product trace; superseded for self-time by product-v2 because many primary product traces were shallow.
xctrace-time-profiler-primary	xctrace-time-profiler-direct	direct	twitter	track1	twitter	6334	/Users/mkbabb/Programming/bbnf-lang/skinny	xctrace	rc=0 or rc=54 with saved trace after time-limit/target-exit stop	/tmp/skv12-p1/direct-xctrace/time-profiler/twitter__track1.trace	/tmp/skv12-p1/pmu/capture_status.tsv	cd /Users/mkbabb/Programming/bbnf-lang/skinny && xctrace record --template "Time Profiler" --output /tmp/skv12-p1/direct-xctrace/time-profiler/twitter__track1.trace --no-prompt --time-limit 1000ms --launch -- /tmp/skv12-profile-target-50bd1648/release/profile_direct 6334 twitter track1	Retained original product trace; superseded for self-time by product-v2 because many primary product traces were shallow.
xctrace-time-profiler-primary	xctrace-time-profiler-direct	direct	twitter	track2	twitter	6334	/Users/mkbabb/Programming/bbnf-lang/skinny	xctrace	rc=0 or rc=54 with saved trace after time-limit/target-exit stop	/tmp/skv12-p1/direct-xctrace/time-profiler/twitter__track2.trace	/tmp/skv12-p1/pmu/capture_status.tsv	cd /Users/mkbabb/Programming/bbnf-lang/skinny && xctrace record --template "Time Profiler" --output /tmp/skv12-p1/direct-xctrace/time-profiler/twitter__track2.trace --no-prompt --time-limit 1000ms --launch -- /tmp/skv12-profile-target-50bd1648/release/profile_direct 6334 twitter track2	Retained original product trace; superseded for self-time by product-v2 because many primary product traces were shallow.
xctrace-time-profiler-primary	xctrace-time-profiler-direct	direct	unicode_basic	track1	unicode_basic	3815	/Users/mkbabb/Programming/bbnf-lang/skinny	xctrace	rc=0 or rc=54 with saved trace after time-limit/target-exit stop	/tmp/skv12-p1/direct-xctrace/time-profiler/unicode_basic__track1.trace	/tmp/skv12-p1/pmu/capture_status.tsv	cd /Users/mkbabb/Programming/bbnf-lang/skinny && xctrace record --template "Time Profiler" --output /tmp/skv12-p1/direct-xctrace/time-profiler/unicode_basic__track1.trace --no-prompt --time-limit 1000ms --launch -- /tmp/skv12-profile-target-50bd1648/release/profile_direct 3815 unicode_basic track1	Retained original product trace; superseded for self-time by product-v2 because many primary product traces were shallow.
xctrace-time-profiler-primary	xctrace-time-profiler-direct	direct	unicode_basic	track2	unicode_basic	3815	/Users/mkbabb/Programming/bbnf-lang/skinny	xctrace	rc=0 or rc=54 with saved trace after time-limit/target-exit stop	/tmp/skv12-p1/direct-xctrace/time-profiler/unicode_basic__track2.trace	/tmp/skv12-p1/pmu/capture_status.tsv	cd /Users/mkbabb/Programming/bbnf-lang/skinny && xctrace record --template "Time Profiler" --output /tmp/skv12-p1/direct-xctrace/time-profiler/unicode_basic__track2.trace --no-prompt --time-limit 1000ms --launch -- /tmp/skv12-profile-target-50bd1648/release/profile_direct 3815 unicode_basic track2	Retained original product trace; superseded for self-time by product-v2 because many primary product traces were shallow.
xctrace-time-profiler-primary	xctrace-time-profiler-direct	direct	unicode_escapes	track1	unicode_escapes	3807	/Users/mkbabb/Programming/bbnf-lang/skinny	xctrace	rc=0 or rc=54 with saved trace after time-limit/target-exit stop	/tmp/skv12-p1/direct-xctrace/time-profiler/unicode_escapes__track1.trace	/tmp/skv12-p1/pmu/capture_status.tsv	cd /Users/mkbabb/Programming/bbnf-lang/skinny && xctrace record --template "Time Profiler" --output /tmp/skv12-p1/direct-xctrace/time-profiler/unicode_escapes__track1.trace --no-prompt --time-limit 1000ms --launch -- /tmp/skv12-profile-target-50bd1648/release/profile_direct 3807 unicode_escapes track1	Retained original product trace; superseded for self-time by product-v2 because many primary product traces were shallow.
xctrace-time-profiler-primary	xctrace-time-profiler-direct	direct	unicode_escapes	track2	unicode_escapes	3807	/Users/mkbabb/Programming/bbnf-lang/skinny	xctrace	rc=0 or rc=54 with saved trace after time-limit/target-exit stop	/tmp/skv12-p1/direct-xctrace/time-profiler/unicode_escapes__track2.trace	/tmp/skv12-p1/pmu/capture_status.tsv	cd /Users/mkbabb/Programming/bbnf-lang/skinny && xctrace record --template "Time Profiler" --output /tmp/skv12-p1/direct-xctrace/time-profiler/unicode_escapes__track2.trace --no-prompt --time-limit 1000ms --launch -- /tmp/skv12-profile-target-50bd1648/release/profile_direct 3807 unicode_escapes track2	Retained original product trace; superseded for self-time by product-v2 because many primary product traces were shallow.
xctrace-time-profiler-primary	xctrace-time-profiler-direct	direct	unicode_mixed	track1	unicode_mixed	3799	/Users/mkbabb/Programming/bbnf-lang/skinny	xctrace	rc=0 or rc=54 with saved trace after time-limit/target-exit stop	/tmp/skv12-p1/direct-xctrace/time-profiler/unicode_mixed__track1.trace	/tmp/skv12-p1/pmu/capture_status.tsv	cd /Users/mkbabb/Programming/bbnf-lang/skinny && xctrace record --template "Time Profiler" --output /tmp/skv12-p1/direct-xctrace/time-profiler/unicode_mixed__track1.trace --no-prompt --time-limit 1000ms --launch -- /tmp/skv12-profile-target-50bd1648/release/profile_direct 3799 unicode_mixed track1	Retained original product trace; superseded for self-time by product-v2 because many primary product traces were shallow.
xctrace-time-profiler-primary	xctrace-time-profiler-direct	direct	unicode_mixed	track2	unicode_mixed	3799	/Users/mkbabb/Programming/bbnf-lang/skinny	xctrace	rc=0 or rc=54 with saved trace after time-limit/target-exit stop	/tmp/skv12-p1/direct-xctrace/time-profiler/unicode_mixed__track2.trace	/tmp/skv12-p1/pmu/capture_status.tsv	cd /Users/mkbabb/Programming/bbnf-lang/skinny && xctrace record --template "Time Profiler" --output /tmp/skv12-p1/direct-xctrace/time-profiler/unicode_mixed__track2.trace --no-prompt --time-limit 1000ms --launch -- /tmp/skv12-profile-target-50bd1648/release/profile_direct 3799 unicode_mixed track2	Retained original product trace; superseded for self-time by product-v2 because many primary product traces were shallow.
xctrace-time-profiler-primary	xctrace-time-profiler-direct	direct	update_center	track1	update-center	7503	/Users/mkbabb/Programming/bbnf-lang/skinny	xctrace	rc=0 or rc=54 with saved trace after time-limit/target-exit stop	/tmp/skv12-p1/direct-xctrace/time-profiler/update_center__track1.trace	/tmp/skv12-p1/pmu/capture_status.tsv	cd /Users/mkbabb/Programming/bbnf-lang/skinny && xctrace record --template "Time Profiler" --output /tmp/skv12-p1/direct-xctrace/time-profiler/update_center__track1.trace --no-prompt --time-limit 1000ms --launch -- /tmp/skv12-profile-target-50bd1648/release/profile_direct 7503 update-center track1	Retained original product trace; superseded for self-time by product-v2 because many primary product traces were shallow.
xctrace-time-profiler-primary	xctrace-time-profiler-direct	direct	update_center	track2	update-center	7503	/Users/mkbabb/Programming/bbnf-lang/skinny	xctrace	rc=0 or rc=54 with saved trace after time-limit/target-exit stop	/tmp/skv12-p1/direct-xctrace/time-profiler/update_center__track2.trace	/tmp/skv12-p1/pmu/capture_status.tsv	cd /Users/mkbabb/Programming/bbnf-lang/skinny && xctrace record --template "Time Profiler" --output /tmp/skv12-p1/direct-xctrace/time-profiler/update_center__track2.trace --no-prompt --time-limit 1000ms --launch -- /tmp/skv12-profile-target-50bd1648/release/profile_direct 7503 update-center track2	Retained original product trace; superseded for self-time by product-v2 because many primary product traces were shallow.
xctrace-time-profiler-primary	xctrace-time-profiler-direct	direct	y_string_unicode	track1	y_string_unicode	100000	/Users/mkbabb/Programming/bbnf-lang/skinny	xctrace	rc=0 or rc=54 with saved trace after time-limit/target-exit stop	/tmp/skv12-p1/direct-xctrace/time-profiler/y_string_unicode__track1.trace	/tmp/skv12-p1/pmu/capture_status.tsv	cd /Users/mkbabb/Programming/bbnf-lang/skinny && xctrace record --template "Time Profiler" --output /tmp/skv12-p1/direct-xctrace/time-profiler/y_string_unicode__track1.trace --no-prompt --time-limit 1000ms --launch -- /tmp/skv12-profile-target-50bd1648/release/profile_direct 100000 y_string_unicode track1	Retained original product trace; superseded for self-time by product-v2 because many primary product traces were shallow.
xctrace-time-profiler-primary	xctrace-time-profiler-direct	direct	y_string_unicode	track2	y_string_unicode	100000	/Users/mkbabb/Programming/bbnf-lang/skinny	xctrace	rc=0 or rc=54 with saved trace after time-limit/target-exit stop	/tmp/skv12-p1/direct-xctrace/time-profiler/y_string_unicode__track2.trace	/tmp/skv12-p1/pmu/capture_status.tsv	cd /Users/mkbabb/Programming/bbnf-lang/skinny && xctrace record --template "Time Profiler" --output /tmp/skv12-p1/direct-xctrace/time-profiler/y_string_unicode__track2.trace --no-prompt --time-limit 1000ms --launch -- /tmp/skv12-profile-target-50bd1648/release/profile_direct 100000 y_string_unicode track2	Retained original product trace; superseded for self-time by product-v2 because many primary product traces were shallow.
xctrace-time-profiler-primary	xctrace-time-profiler-parse	parse	apache_builds	track1	apache_builds.json	31429	/Users/mkbabb/Programming/bbnf-lang	xctrace	rc=0 or rc=54 with saved trace after time-limit/target-exit stop	/tmp/skv12-p1/parse-xctrace/time-profiler/apache_builds__track1.trace	/tmp/skv12-p1/pmu/capture_status.tsv	cd /Users/mkbabb/Programming/bbnf-lang && xctrace record --template "Time Profiler" --output /tmp/skv12-p1/parse-xctrace/time-profiler/apache_builds__track1.trace --no-prompt --time-limit 1000ms --launch -- /tmp/skv12-profile-target-50bd1648/release/xctrace_probe /Users/mkbabb/Programming/bbnf-lang/skinny/test_data/apache_builds.json track1 31429	Parse self-time authority after XML export.
xctrace-time-profiler-primary	xctrace-time-profiler-parse	parse	apache_builds	track2	apache_builds.json	31429	/Users/mkbabb/Programming/bbnf-lang	xctrace	rc=0 or rc=54 with saved trace after time-limit/target-exit stop	/tmp/skv12-p1/parse-xctrace/time-profiler/apache_builds__track2.trace	/tmp/skv12-p1/pmu/capture_status.tsv	cd /Users/mkbabb/Programming/bbnf-lang && xctrace record --template "Time Profiler" --output /tmp/skv12-p1/parse-xctrace/time-profiler/apache_builds__track2.trace --no-prompt --time-limit 1000ms --launch -- /tmp/skv12-profile-target-50bd1648/release/xctrace_probe /Users/mkbabb/Programming/bbnf-lang/skinny/test_data/apache_builds.json track2 31429	Parse self-time authority after XML export.
xctrace-time-profiler-primary	xctrace-time-profiler-parse	parse	canada	track1	canada.json	1777	/Users/mkbabb/Programming/bbnf-lang	xctrace	rc=0 or rc=54 with saved trace after time-limit/target-exit stop	/tmp/skv12-p1/parse-xctrace/time-profiler/canada__track1.trace	/tmp/skv12-p1/pmu/capture_status.tsv	cd /Users/mkbabb/Programming/bbnf-lang && xctrace record --template "Time Profiler" --output /tmp/skv12-p1/parse-xctrace/time-profiler/canada__track1.trace --no-prompt --time-limit 1000ms --launch -- /tmp/skv12-profile-target-50bd1648/release/xctrace_probe /Users/mkbabb/Programming/bbnf-lang/skinny/test_data/canada.json track1 1777	Parse self-time authority after XML export.
xctrace-time-profiler-primary	xctrace-time-profiler-parse	parse	canada	track2	canada.json	1777	/Users/mkbabb/Programming/bbnf-lang	xctrace	rc=0 or rc=54 with saved trace after time-limit/target-exit stop	/tmp/skv12-p1/parse-xctrace/time-profiler/canada__track2.trace	/tmp/skv12-p1/pmu/capture_status.tsv	cd /Users/mkbabb/Programming/bbnf-lang && xctrace record --template "Time Profiler" --output /tmp/skv12-p1/parse-xctrace/time-profiler/canada__track2.trace --no-prompt --time-limit 1000ms --launch -- /tmp/skv12-profile-target-50bd1648/release/xctrace_probe /Users/mkbabb/Programming/bbnf-lang/skinny/test_data/canada.json track2 1777	Parse self-time authority after XML export.
xctrace-time-profiler-primary	xctrace-time-profiler-parse	parse	citm_catalog	track1	citm_catalog.json	2316	/Users/mkbabb/Programming/bbnf-lang	xctrace	rc=0 or rc=54 with saved trace after time-limit/target-exit stop	/tmp/skv12-p1/parse-xctrace/time-profiler/citm_catalog__track1.trace	/tmp/skv12-p1/pmu/capture_status.tsv	cd /Users/mkbabb/Programming/bbnf-lang && xctrace record --template "Time Profiler" --output /tmp/skv12-p1/parse-xctrace/time-profiler/citm_catalog__track1.trace --no-prompt --time-limit 1000ms --launch -- /tmp/skv12-profile-target-50bd1648/release/xctrace_probe /Users/mkbabb/Programming/bbnf-lang/skinny/test_data/citm_catalog.json track1 2316	Parse self-time authority after XML export.
xctrace-time-profiler-primary	xctrace-time-profiler-parse	parse	citm_catalog	track2	citm_catalog.json	2316	/Users/mkbabb/Programming/bbnf-lang	xctrace	rc=0 or rc=54 with saved trace after time-limit/target-exit stop	/tmp/skv12-p1/parse-xctrace/time-profiler/citm_catalog__track2.trace	/tmp/skv12-p1/pmu/capture_status.tsv	cd /Users/mkbabb/Programming/bbnf-lang && xctrace record --template "Time Profiler" --output /tmp/skv12-p1/parse-xctrace/time-profiler/citm_catalog__track2.trace --no-prompt --time-limit 1000ms --launch -- /tmp/skv12-profile-target-50bd1648/release/xctrace_probe /Users/mkbabb/Programming/bbnf-lang/skinny/test_data/citm_catalog.json track2 2316	Parse self-time authority after XML export.
xctrace-time-profiler-primary	xctrace-time-profiler-parse	parse	distinct_values	track1	distinct_values.json	26037	/Users/mkbabb/Programming/bbnf-lang	xctrace	rc=0 or rc=54 with saved trace after time-limit/target-exit stop	/tmp/skv12-p1/parse-xctrace/time-profiler/distinct_values__track1.trace	/tmp/skv12-p1/pmu/capture_status.tsv	cd /Users/mkbabb/Programming/bbnf-lang && xctrace record --template "Time Profiler" --output /tmp/skv12-p1/parse-xctrace/time-profiler/distinct_values__track1.trace --no-prompt --time-limit 1000ms --launch -- /tmp/skv12-profile-target-50bd1648/release/xctrace_probe /Users/mkbabb/Programming/bbnf-lang/skinny/test_data/distinct_values.json track1 26037	Parse self-time authority after XML export.
xctrace-time-profiler-primary	xctrace-time-profiler-parse	parse	distinct_values	track2	distinct_values.json	26037	/Users/mkbabb/Programming/bbnf-lang	xctrace	rc=0 or rc=54 with saved trace after time-limit/target-exit stop	/tmp/skv12-p1/parse-xctrace/time-profiler/distinct_values__track2.trace	/tmp/skv12-p1/pmu/capture_status.tsv	cd /Users/mkbabb/Programming/bbnf-lang && xctrace record --template "Time Profiler" --output /tmp/skv12-p1/parse-xctrace/time-profiler/distinct_values__track2.trace --no-prompt --time-limit 1000ms --launch -- /tmp/skv12-profile-target-50bd1648/release/xctrace_probe /Users/mkbabb/Programming/bbnf-lang/skinny/test_data/distinct_values.json track2 26037	Parse self-time authority after XML export.
xctrace-time-profiler-primary	xctrace-time-profiler-parse	parse	github_events	track1	github_events.json	61414	/Users/mkbabb/Programming/bbnf-lang	xctrace	rc=0 or rc=54 with saved trace after time-limit/target-exit stop	/tmp/skv12-p1/parse-xctrace/time-profiler/github_events__track1.trace	/tmp/skv12-p1/pmu/capture_status.tsv	cd /Users/mkbabb/Programming/bbnf-lang && xctrace record --template "Time Profiler" --output /tmp/skv12-p1/parse-xctrace/time-profiler/github_events__track1.trace --no-prompt --time-limit 1000ms --launch -- /tmp/skv12-profile-target-50bd1648/release/xctrace_probe /Users/mkbabb/Programming/bbnf-lang/skinny/test_data/github_events.json track1 61414	Parse self-time authority after XML export.
xctrace-time-profiler-primary	xctrace-time-profiler-parse	parse	github_events	track2	github_events.json	61414	/Users/mkbabb/Programming/bbnf-lang	xctrace	rc=0 or rc=54 with saved trace after time-limit/target-exit stop	/tmp/skv12-p1/parse-xctrace/time-profiler/github_events__track2.trace	/tmp/skv12-p1/pmu/capture_status.tsv	cd /Users/mkbabb/Programming/bbnf-lang && xctrace record --template "Time Profiler" --output /tmp/skv12-p1/parse-xctrace/time-profiler/github_events__track2.trace --no-prompt --time-limit 1000ms --launch -- /tmp/skv12-profile-target-50bd1648/release/xctrace_probe /Users/mkbabb/Programming/bbnf-lang/skinny/test_data/github_events.json track2 61414	Parse self-time authority after XML export.
xctrace-time-profiler-primary	xctrace-time-profiler-parse	parse	gsoc-2018	track1	gsoc-2018.json	1202	/Users/mkbabb/Programming/bbnf-lang	xctrace	rc=0 or rc=54 with saved trace after time-limit/target-exit stop	/tmp/skv12-p1/parse-xctrace/time-profiler/gsoc-2018__track1.trace	/tmp/skv12-p1/pmu/capture_status.tsv	cd /Users/mkbabb/Programming/bbnf-lang && xctrace record --template "Time Profiler" --output /tmp/skv12-p1/parse-xctrace/time-profiler/gsoc-2018__track1.trace --no-prompt --time-limit 1000ms --launch -- /tmp/skv12-profile-target-50bd1648/release/xctrace_probe /Users/mkbabb/Programming/bbnf-lang/skinny/test_data/gsoc-2018.json track1 1202	Parse self-time authority after XML export.
xctrace-time-profiler-primary	xctrace-time-profiler-parse	parse	gsoc-2018	track2	gsoc-2018.json	1202	/Users/mkbabb/Programming/bbnf-lang	xctrace	rc=0 or rc=54 with saved trace after time-limit/target-exit stop	/tmp/skv12-p1/parse-xctrace/time-profiler/gsoc-2018__track2.trace	/tmp/skv12-p1/pmu/capture_status.tsv	cd /Users/mkbabb/Programming/bbnf-lang && xctrace record --template "Time Profiler" --output /tmp/skv12-p1/parse-xctrace/time-profiler/gsoc-2018__track2.trace --no-prompt --time-limit 1000ms --launch -- /tmp/skv12-profile-target-50bd1648/release/xctrace_probe /Users/mkbabb/Programming/bbnf-lang/skinny/test_data/gsoc-2018.json track2 1202	Parse self-time authority after XML export.
xctrace-time-profiler-primary	xctrace-time-profiler-parse	parse	instruments	track1	instruments.json	18154	/Users/mkbabb/Programming/bbnf-lang	xctrace	rc=0 or rc=54 with saved trace after time-limit/target-exit stop	/tmp/skv12-p1/parse-xctrace/time-profiler/instruments__track1.trace	/tmp/skv12-p1/pmu/capture_status.tsv	cd /Users/mkbabb/Programming/bbnf-lang && xctrace record --template "Time Profiler" --output /tmp/skv12-p1/parse-xctrace/time-profiler/instruments__track1.trace --no-prompt --time-limit 1000ms --launch -- /tmp/skv12-profile-target-50bd1648/release/xctrace_probe /Users/mkbabb/Programming/bbnf-lang/skinny/test_data/instruments.json track1 18154	Parse self-time authority after XML export.
xctrace-time-profiler-primary	xctrace-time-profiler-parse	parse	instruments	track2	instruments.json	18154	/Users/mkbabb/Programming/bbnf-lang	xctrace	rc=0 or rc=54 with saved trace after time-limit/target-exit stop	/tmp/skv12-p1/parse-xctrace/time-profiler/instruments__track2.trace	/tmp/skv12-p1/pmu/capture_status.tsv	cd /Users/mkbabb/Programming/bbnf-lang && xctrace record --template "Time Profiler" --output /tmp/skv12-p1/parse-xctrace/time-profiler/instruments__track2.trace --no-prompt --time-limit 1000ms --launch -- /tmp/skv12-profile-target-50bd1648/release/xctrace_probe /Users/mkbabb/Programming/bbnf-lang/skinny/test_data/instruments.json track2 18154	Parse self-time authority after XML export.
xctrace-time-profiler-primary	xctrace-time-profiler-parse	parse	marine_ik	track1	marine_ik.json	1341	/Users/mkbabb/Programming/bbnf-lang	xctrace	rc=0 or rc=54 with saved trace after time-limit/target-exit stop	/tmp/skv12-p1/parse-xctrace/time-profiler/marine_ik__track1.trace	/tmp/skv12-p1/pmu/capture_status.tsv	cd /Users/mkbabb/Programming/bbnf-lang && xctrace record --template "Time Profiler" --output /tmp/skv12-p1/parse-xctrace/time-profiler/marine_ik__track1.trace --no-prompt --time-limit 1000ms --launch -- /tmp/skv12-profile-target-50bd1648/release/xctrace_probe /Users/mkbabb/Programming/bbnf-lang/skinny/test_data/marine_ik.json track1 1341	Parse self-time authority after XML export.
xctrace-time-profiler-primary	xctrace-time-profiler-parse	parse	marine_ik	track2	marine_ik.json	1341	/Users/mkbabb/Programming/bbnf-lang	xctrace	rc=0 or rc=54 with saved trace after time-limit/target-exit stop	/tmp/skv12-p1/parse-xctrace/time-profiler/marine_ik__track2.trace	/tmp/skv12-p1/pmu/capture_status.tsv	cd /Users/mkbabb/Programming/bbnf-lang && xctrace record --template "Time Profiler" --output /tmp/skv12-p1/parse-xctrace/time-profiler/marine_ik__track2.trace --no-prompt --time-limit 1000ms --launch -- /tmp/skv12-profile-target-50bd1648/release/xctrace_probe /Users/mkbabb/Programming/bbnf-lang/skinny/test_data/marine_ik.json track2 1341	Parse self-time authority after XML export.
xctrace-time-profiler-primary	xctrace-time-profiler-parse	parse	mesh	track1	mesh.json	5528	/Users/mkbabb/Programming/bbnf-lang	xctrace	rc=0 or rc=54 with saved trace after time-limit/target-exit stop	/tmp/skv12-p1/parse-xctrace/time-profiler/mesh__track1.trace	/tmp/skv12-p1/pmu/capture_status.tsv	cd /Users/mkbabb/Programming/bbnf-lang && xctrace record --template "Time Profiler" --output /tmp/skv12-p1/parse-xctrace/time-profiler/mesh__track1.trace --no-prompt --time-limit 1000ms --launch -- /tmp/skv12-profile-target-50bd1648/release/xctrace_probe /Users/mkbabb/Programming/bbnf-lang/skinny/test_data/mesh.json track1 5528	Parse self-time authority after XML export.
xctrace-time-profiler-primary	xctrace-time-profiler-parse	parse	mesh	track2	mesh.json	5528	/Users/mkbabb/Programming/bbnf-lang	xctrace	rc=0 or rc=54 with saved trace after time-limit/target-exit stop	/tmp/skv12-p1/parse-xctrace/time-profiler/mesh__track2.trace	/tmp/skv12-p1/pmu/capture_status.tsv	cd /Users/mkbabb/Programming/bbnf-lang && xctrace record --template "Time Profiler" --output /tmp/skv12-p1/parse-xctrace/time-profiler/mesh__track2.trace --no-prompt --time-limit 1000ms --launch -- /tmp/skv12-profile-target-50bd1648/release/xctrace_probe /Users/mkbabb/Programming/bbnf-lang/skinny/test_data/mesh.json track2 5528	Parse self-time authority after XML export.
xctrace-time-profiler-primary	xctrace-time-profiler-parse	parse	numbers	track1	numbers.json	26645	/Users/mkbabb/Programming/bbnf-lang	xctrace	rc=0 or rc=54 with saved trace after time-limit/target-exit stop	/tmp/skv12-p1/parse-xctrace/time-profiler/numbers__track1.trace	/tmp/skv12-p1/pmu/capture_status.tsv	cd /Users/mkbabb/Programming/bbnf-lang && xctrace record --template "Time Profiler" --output /tmp/skv12-p1/parse-xctrace/time-profiler/numbers__track1.trace --no-prompt --time-limit 1000ms --launch -- /tmp/skv12-profile-target-50bd1648/release/xctrace_probe /Users/mkbabb/Programming/bbnf-lang/skinny/test_data/numbers.json track1 26645	Parse self-time authority after XML export.
xctrace-time-profiler-primary	xctrace-time-profiler-parse	parse	numbers	track2	numbers.json	26645	/Users/mkbabb/Programming/bbnf-lang	xctrace	rc=0 or rc=54 with saved trace after time-limit/target-exit stop	/tmp/skv12-p1/parse-xctrace/time-profiler/numbers__track2.trace	/tmp/skv12-p1/pmu/capture_status.tsv	cd /Users/mkbabb/Programming/bbnf-lang && xctrace record --template "Time Profiler" --output /tmp/skv12-p1/parse-xctrace/time-profiler/numbers__track2.trace --no-prompt --time-limit 1000ms --launch -- /tmp/skv12-profile-target-50bd1648/release/xctrace_probe /Users/mkbabb/Programming/bbnf-lang/skinny/test_data/numbers.json track2 26645	Parse self-time authority after XML export.
xctrace-time-profiler-primary	xctrace-time-profiler-parse	parse	random	track1	random.json	7836	/Users/mkbabb/Programming/bbnf-lang	xctrace	rc=0 or rc=54 with saved trace after time-limit/target-exit stop	/tmp/skv12-p1/parse-xctrace/time-profiler/random__track1.trace	/tmp/skv12-p1/pmu/capture_status.tsv	cd /Users/mkbabb/Programming/bbnf-lang && xctrace record --template "Time Profiler" --output /tmp/skv12-p1/parse-xctrace/time-profiler/random__track1.trace --no-prompt --time-limit 1000ms --launch -- /tmp/skv12-profile-target-50bd1648/release/xctrace_probe /Users/mkbabb/Programming/bbnf-lang/skinny/test_data/random.json track1 7836	Parse self-time authority after XML export.
xctrace-time-profiler-primary	xctrace-time-profiler-parse	parse	random	track2	random.json	7836	/Users/mkbabb/Programming/bbnf-lang	xctrace	rc=0 or rc=54 with saved trace after time-limit/target-exit stop	/tmp/skv12-p1/parse-xctrace/time-profiler/random__track2.trace	/tmp/skv12-p1/pmu/capture_status.tsv	cd /Users/mkbabb/Programming/bbnf-lang && xctrace record --template "Time Profiler" --output /tmp/skv12-p1/parse-xctrace/time-profiler/random__track2.trace --no-prompt --time-limit 1000ms --launch -- /tmp/skv12-profile-target-50bd1648/release/xctrace_probe /Users/mkbabb/Programming/bbnf-lang/skinny/test_data/random.json track2 7836	Parse self-time authority after XML export.
xctrace-time-profiler-primary	xctrace-time-profiler-parse	parse	twitter	track1	twitter.json	6334	/Users/mkbabb/Programming/bbnf-lang	xctrace	rc=0 or rc=54 with saved trace after time-limit/target-exit stop	/tmp/skv12-p1/parse-xctrace/time-profiler/twitter__track1.trace	/tmp/skv12-p1/pmu/capture_status.tsv	cd /Users/mkbabb/Programming/bbnf-lang && xctrace record --template "Time Profiler" --output /tmp/skv12-p1/parse-xctrace/time-profiler/twitter__track1.trace --no-prompt --time-limit 1000ms --launch -- /tmp/skv12-profile-target-50bd1648/release/xctrace_probe /Users/mkbabb/Programming/bbnf-lang/skinny/test_data/twitter.json track1 6334	Parse self-time authority after XML export.
xctrace-time-profiler-primary	xctrace-time-profiler-parse	parse	twitter	track2	twitter.json	6334	/Users/mkbabb/Programming/bbnf-lang	xctrace	rc=0 or rc=54 with saved trace after time-limit/target-exit stop	/tmp/skv12-p1/parse-xctrace/time-profiler/twitter__track2.trace	/tmp/skv12-p1/pmu/capture_status.tsv	cd /Users/mkbabb/Programming/bbnf-lang && xctrace record --template "Time Profiler" --output /tmp/skv12-p1/parse-xctrace/time-profiler/twitter__track2.trace --no-prompt --time-limit 1000ms --launch -- /tmp/skv12-profile-target-50bd1648/release/xctrace_probe /Users/mkbabb/Programming/bbnf-lang/skinny/test_data/twitter.json track2 6334	Parse self-time authority after XML export.
xctrace-time-profiler-primary	xctrace-time-profiler-parse	parse	unicode_basic	track1	unicode_basic.json	3815	/Users/mkbabb/Programming/bbnf-lang	xctrace	rc=0 or rc=54 with saved trace after time-limit/target-exit stop	/tmp/skv12-p1/parse-xctrace/time-profiler/unicode_basic__track1.trace	/tmp/skv12-p1/pmu/capture_status.tsv	cd /Users/mkbabb/Programming/bbnf-lang && xctrace record --template "Time Profiler" --output /tmp/skv12-p1/parse-xctrace/time-profiler/unicode_basic__track1.trace --no-prompt --time-limit 1000ms --launch -- /tmp/skv12-profile-target-50bd1648/release/xctrace_probe /Users/mkbabb/Programming/bbnf-lang/skinny/test_data/unicode_basic.json track1 3815	Parse self-time authority after XML export.
xctrace-time-profiler-primary	xctrace-time-profiler-parse	parse	unicode_basic	track2	unicode_basic.json	3815	/Users/mkbabb/Programming/bbnf-lang	xctrace	rc=0 or rc=54 with saved trace after time-limit/target-exit stop	/tmp/skv12-p1/parse-xctrace/time-profiler/unicode_basic__track2.trace	/tmp/skv12-p1/pmu/capture_status.tsv	cd /Users/mkbabb/Programming/bbnf-lang && xctrace record --template "Time Profiler" --output /tmp/skv12-p1/parse-xctrace/time-profiler/unicode_basic__track2.trace --no-prompt --time-limit 1000ms --launch -- /tmp/skv12-profile-target-50bd1648/release/xctrace_probe /Users/mkbabb/Programming/bbnf-lang/skinny/test_data/unicode_basic.json track2 3815	Parse self-time authority after XML export.
xctrace-time-profiler-primary	xctrace-time-profiler-parse	parse	unicode_escapes	track1	unicode_escapes.json	3807	/Users/mkbabb/Programming/bbnf-lang	xctrace	rc=0 or rc=54 with saved trace after time-limit/target-exit stop	/tmp/skv12-p1/parse-xctrace/time-profiler/unicode_escapes__track1.trace	/tmp/skv12-p1/pmu/capture_status.tsv	cd /Users/mkbabb/Programming/bbnf-lang && xctrace record --template "Time Profiler" --output /tmp/skv12-p1/parse-xctrace/time-profiler/unicode_escapes__track1.trace --no-prompt --time-limit 1000ms --launch -- /tmp/skv12-profile-target-50bd1648/release/xctrace_probe /Users/mkbabb/Programming/bbnf-lang/skinny/test_data/unicode_escapes.json track1 3807	Parse self-time authority after XML export.
xctrace-time-profiler-primary	xctrace-time-profiler-parse	parse	unicode_escapes	track2	unicode_escapes.json	3807	/Users/mkbabb/Programming/bbnf-lang	xctrace	rc=0 or rc=54 with saved trace after time-limit/target-exit stop	/tmp/skv12-p1/parse-xctrace/time-profiler/unicode_escapes__track2.trace	/tmp/skv12-p1/pmu/capture_status.tsv	cd /Users/mkbabb/Programming/bbnf-lang && xctrace record --template "Time Profiler" --output /tmp/skv12-p1/parse-xctrace/time-profiler/unicode_escapes__track2.trace --no-prompt --time-limit 1000ms --launch -- /tmp/skv12-profile-target-50bd1648/release/xctrace_probe /Users/mkbabb/Programming/bbnf-lang/skinny/test_data/unicode_escapes.json track2 3807	Parse self-time authority after XML export.
xctrace-time-profiler-primary	xctrace-time-profiler-parse	parse	unicode_mixed	track1	unicode_mixed.json	3799	/Users/mkbabb/Programming/bbnf-lang	xctrace	rc=0 or rc=54 with saved trace after time-limit/target-exit stop	/tmp/skv12-p1/parse-xctrace/time-profiler/unicode_mixed__track1.trace	/tmp/skv12-p1/pmu/capture_status.tsv	cd /Users/mkbabb/Programming/bbnf-lang && xctrace record --template "Time Profiler" --output /tmp/skv12-p1/parse-xctrace/time-profiler/unicode_mixed__track1.trace --no-prompt --time-limit 1000ms --launch -- /tmp/skv12-profile-target-50bd1648/release/xctrace_probe /Users/mkbabb/Programming/bbnf-lang/skinny/test_data/unicode_mixed.json track1 3799	Parse self-time authority after XML export.
xctrace-time-profiler-primary	xctrace-time-profiler-parse	parse	unicode_mixed	track2	unicode_mixed.json	3799	/Users/mkbabb/Programming/bbnf-lang	xctrace	rc=0 or rc=54 with saved trace after time-limit/target-exit stop	/tmp/skv12-p1/parse-xctrace/time-profiler/unicode_mixed__track2.trace	/tmp/skv12-p1/pmu/capture_status.tsv	cd /Users/mkbabb/Programming/bbnf-lang && xctrace record --template "Time Profiler" --output /tmp/skv12-p1/parse-xctrace/time-profiler/unicode_mixed__track2.trace --no-prompt --time-limit 1000ms --launch -- /tmp/skv12-profile-target-50bd1648/release/xctrace_probe /Users/mkbabb/Programming/bbnf-lang/skinny/test_data/unicode_mixed.json track2 3799	Parse self-time authority after XML export.
xctrace-time-profiler-primary	xctrace-time-profiler-parse	parse	update_center	track1	update-center.json	7503	/Users/mkbabb/Programming/bbnf-lang	xctrace	rc=0 or rc=54 with saved trace after time-limit/target-exit stop	/tmp/skv12-p1/parse-xctrace/time-profiler/update_center__track1.trace	/tmp/skv12-p1/pmu/capture_status.tsv	cd /Users/mkbabb/Programming/bbnf-lang && xctrace record --template "Time Profiler" --output /tmp/skv12-p1/parse-xctrace/time-profiler/update_center__track1.trace --no-prompt --time-limit 1000ms --launch -- /tmp/skv12-profile-target-50bd1648/release/xctrace_probe /Users/mkbabb/Programming/bbnf-lang/skinny/test_data/update-center.json track1 7503	Parse self-time authority after XML export.
xctrace-time-profiler-primary	xctrace-time-profiler-parse	parse	update_center	track2	update-center.json	7503	/Users/mkbabb/Programming/bbnf-lang	xctrace	rc=0 or rc=54 with saved trace after time-limit/target-exit stop	/tmp/skv12-p1/parse-xctrace/time-profiler/update_center__track2.trace	/tmp/skv12-p1/pmu/capture_status.tsv	cd /Users/mkbabb/Programming/bbnf-lang && xctrace record --template "Time Profiler" --output /tmp/skv12-p1/parse-xctrace/time-profiler/update_center__track2.trace --no-prompt --time-limit 1000ms --launch -- /tmp/skv12-profile-target-50bd1648/release/xctrace_probe /Users/mkbabb/Programming/bbnf-lang/skinny/test_data/update-center.json track2 7503	Parse self-time authority after XML export.
xctrace-time-profiler-primary	xctrace-time-profiler-parse	parse	y_string_unicode	track1	y_string_unicode.json	100000	/Users/mkbabb/Programming/bbnf-lang	xctrace	rc=0 or rc=54 with saved trace after time-limit/target-exit stop	/tmp/skv12-p1/parse-xctrace/time-profiler/y_string_unicode__track1.trace	/tmp/skv12-p1/pmu/capture_status.tsv	cd /Users/mkbabb/Programming/bbnf-lang && xctrace record --template "Time Profiler" --output /tmp/skv12-p1/parse-xctrace/time-profiler/y_string_unicode__track1.trace --no-prompt --time-limit 1000ms --launch -- /tmp/skv12-profile-target-50bd1648/release/xctrace_probe /Users/mkbabb/Programming/bbnf-lang/skinny/test_data/y_string_unicode.json track1 100000	Parse self-time authority after XML export.
xctrace-time-profiler-primary	xctrace-time-profiler-parse	parse	y_string_unicode	track2	y_string_unicode.json	100000	/Users/mkbabb/Programming/bbnf-lang	xctrace	rc=0 or rc=54 with saved trace after time-limit/target-exit stop	/tmp/skv12-p1/parse-xctrace/time-profiler/y_string_unicode__track2.trace	/tmp/skv12-p1/pmu/capture_status.tsv	cd /Users/mkbabb/Programming/bbnf-lang && xctrace record --template "Time Profiler" --output /tmp/skv12-p1/parse-xctrace/time-profiler/y_string_unicode__track2.trace --no-prompt --time-limit 1000ms --launch -- /tmp/skv12-profile-target-50bd1648/release/xctrace_probe /Users/mkbabb/Programming/bbnf-lang/skinny/test_data/y_string_unicode.json track2 100000	Parse self-time authority after XML export.
xctrace-time-profiler-primary	xctrace-time-profiler-typed	typed	apache_builds	real_typed_track1	apache_builds	31429	/Users/mkbabb/Programming/bbnf-lang/skinny	xctrace	rc=0 or rc=54 with saved trace after time-limit/target-exit stop	/tmp/skv12-p1/direct-xctrace/time-profiler/apache_builds__real_typed_track1.trace	/tmp/skv12-p1/pmu/capture_status.tsv	cd /Users/mkbabb/Programming/bbnf-lang/skinny && xctrace record --template "Time Profiler" --output /tmp/skv12-p1/direct-xctrace/time-profiler/apache_builds__real_typed_track1.trace --no-prompt --time-limit 1000ms --launch -- /tmp/skv12-profile-target-50bd1648/release/profile_direct 31429 apache_builds real_typed_track1	Retained original product trace; superseded for self-time by product-v2 because many primary product traces were shallow.
xctrace-time-profiler-primary	xctrace-time-profiler-typed	typed	apache_builds	real_typed_track2	apache_builds	31429	/Users/mkbabb/Programming/bbnf-lang/skinny	xctrace	rc=0 or rc=54 with saved trace after time-limit/target-exit stop	/tmp/skv12-p1/direct-xctrace/time-profiler/apache_builds__real_typed_track2.trace	/tmp/skv12-p1/pmu/capture_status.tsv	cd /Users/mkbabb/Programming/bbnf-lang/skinny && xctrace record --template "Time Profiler" --output /tmp/skv12-p1/direct-xctrace/time-profiler/apache_builds__real_typed_track2.trace --no-prompt --time-limit 1000ms --launch -- /tmp/skv12-profile-target-50bd1648/release/profile_direct 31429 apache_builds real_typed_track2	Retained original product trace; superseded for self-time by product-v2 because many primary product traces were shallow.
xctrace-time-profiler-primary	xctrace-time-profiler-typed	typed	citm_catalog	real_typed_track1	citm_catalog	2316	/Users/mkbabb/Programming/bbnf-lang/skinny	xctrace	rc=0 or rc=54 with saved trace after time-limit/target-exit stop	/tmp/skv12-p1/direct-xctrace/time-profiler/citm_catalog__real_typed_track1.trace	/tmp/skv12-p1/pmu/capture_status.tsv	cd /Users/mkbabb/Programming/bbnf-lang/skinny && xctrace record --template "Time Profiler" --output /tmp/skv12-p1/direct-xctrace/time-profiler/citm_catalog__real_typed_track1.trace --no-prompt --time-limit 1000ms --launch -- /tmp/skv12-profile-target-50bd1648/release/profile_direct 2316 citm_catalog real_typed_track1	Retained original product trace; superseded for self-time by product-v2 because many primary product traces were shallow.
xctrace-time-profiler-primary	xctrace-time-profiler-typed	typed	citm_catalog	real_typed_track2	citm_catalog	2316	/Users/mkbabb/Programming/bbnf-lang/skinny	xctrace	rc=0 or rc=54 with saved trace after time-limit/target-exit stop	/tmp/skv12-p1/direct-xctrace/time-profiler/citm_catalog__real_typed_track2.trace	/tmp/skv12-p1/pmu/capture_status.tsv	cd /Users/mkbabb/Programming/bbnf-lang/skinny && xctrace record --template "Time Profiler" --output /tmp/skv12-p1/direct-xctrace/time-profiler/citm_catalog__real_typed_track2.trace --no-prompt --time-limit 1000ms --launch -- /tmp/skv12-profile-target-50bd1648/release/profile_direct 2316 citm_catalog real_typed_track2	Retained original product trace; superseded for self-time by product-v2 because many primary product traces were shallow.
xctrace-time-profiler-primary	xctrace-time-profiler-typed	typed	github_events	real_typed_track1	github_events	61414	/Users/mkbabb/Programming/bbnf-lang/skinny	xctrace	rc=0 or rc=54 with saved trace after time-limit/target-exit stop	/tmp/skv12-p1/direct-xctrace/time-profiler/github_events__real_typed_track1.trace	/tmp/skv12-p1/pmu/capture_status.tsv	cd /Users/mkbabb/Programming/bbnf-lang/skinny && xctrace record --template "Time Profiler" --output /tmp/skv12-p1/direct-xctrace/time-profiler/github_events__real_typed_track1.trace --no-prompt --time-limit 1000ms --launch -- /tmp/skv12-profile-target-50bd1648/release/profile_direct 61414 github_events real_typed_track1	Retained original product trace; superseded for self-time by product-v2 because many primary product traces were shallow.
xctrace-time-profiler-primary	xctrace-time-profiler-typed	typed	github_events	real_typed_track2	github_events	61414	/Users/mkbabb/Programming/bbnf-lang/skinny	xctrace	rc=0 or rc=54 with saved trace after time-limit/target-exit stop	/tmp/skv12-p1/direct-xctrace/time-profiler/github_events__real_typed_track2.trace	/tmp/skv12-p1/pmu/capture_status.tsv	cd /Users/mkbabb/Programming/bbnf-lang/skinny && xctrace record --template "Time Profiler" --output /tmp/skv12-p1/direct-xctrace/time-profiler/github_events__real_typed_track2.trace --no-prompt --time-limit 1000ms --launch -- /tmp/skv12-profile-target-50bd1648/release/profile_direct 61414 github_events real_typed_track2	Retained original product trace; superseded for self-time by product-v2 because many primary product traces were shallow.
xctrace-time-profiler-primary	xctrace-time-profiler-typed	typed	marine_ik	real_typed_track1	marine_ik	1341	/Users/mkbabb/Programming/bbnf-lang/skinny	xctrace	rc=0 or rc=54 with saved trace after time-limit/target-exit stop	/tmp/skv12-p1/direct-xctrace/time-profiler/marine_ik__real_typed_track1.trace	/tmp/skv12-p1/pmu/capture_status.tsv	cd /Users/mkbabb/Programming/bbnf-lang/skinny && xctrace record --template "Time Profiler" --output /tmp/skv12-p1/direct-xctrace/time-profiler/marine_ik__real_typed_track1.trace --no-prompt --time-limit 1000ms --launch -- /tmp/skv12-profile-target-50bd1648/release/profile_direct 1341 marine_ik real_typed_track1	Retained original product trace; superseded for self-time by product-v2 because many primary product traces were shallow.
xctrace-time-profiler-primary	xctrace-time-profiler-typed	typed	marine_ik	real_typed_track2	marine_ik	1341	/Users/mkbabb/Programming/bbnf-lang/skinny	xctrace	rc=0 or rc=54 with saved trace after time-limit/target-exit stop	/tmp/skv12-p1/direct-xctrace/time-profiler/marine_ik__real_typed_track2.trace	/tmp/skv12-p1/pmu/capture_status.tsv	cd /Users/mkbabb/Programming/bbnf-lang/skinny && xctrace record --template "Time Profiler" --output /tmp/skv12-p1/direct-xctrace/time-profiler/marine_ik__real_typed_track2.trace --no-prompt --time-limit 1000ms --launch -- /tmp/skv12-profile-target-50bd1648/release/profile_direct 1341 marine_ik real_typed_track2	Retained original product trace; superseded for self-time by product-v2 because many primary product traces were shallow.
xctrace-time-profiler-primary	xctrace-time-profiler-typed	typed	mesh	real_typed_track1	mesh	5528	/Users/mkbabb/Programming/bbnf-lang/skinny	xctrace	rc=0 or rc=54 with saved trace after time-limit/target-exit stop	/tmp/skv12-p1/direct-xctrace/time-profiler/mesh__real_typed_track1.trace	/tmp/skv12-p1/pmu/capture_status.tsv	cd /Users/mkbabb/Programming/bbnf-lang/skinny && xctrace record --template "Time Profiler" --output /tmp/skv12-p1/direct-xctrace/time-profiler/mesh__real_typed_track1.trace --no-prompt --time-limit 1000ms --launch -- /tmp/skv12-profile-target-50bd1648/release/profile_direct 5528 mesh real_typed_track1	Retained original product trace; superseded for self-time by product-v2 because many primary product traces were shallow.
xctrace-time-profiler-primary	xctrace-time-profiler-typed	typed	mesh	real_typed_track2	mesh	5528	/Users/mkbabb/Programming/bbnf-lang/skinny	xctrace	rc=0 or rc=54 with saved trace after time-limit/target-exit stop	/tmp/skv12-p1/direct-xctrace/time-profiler/mesh__real_typed_track2.trace	/tmp/skv12-p1/pmu/capture_status.tsv	cd /Users/mkbabb/Programming/bbnf-lang/skinny && xctrace record --template "Time Profiler" --output /tmp/skv12-p1/direct-xctrace/time-profiler/mesh__real_typed_track2.trace --no-prompt --time-limit 1000ms --launch -- /tmp/skv12-profile-target-50bd1648/release/profile_direct 5528 mesh real_typed_track2	Retained original product trace; superseded for self-time by product-v2 because many primary product traces were shallow.
xctrace-time-profiler-primary	xctrace-time-profiler-typed	typed	twitter	real_typed_track1	twitter	6334	/Users/mkbabb/Programming/bbnf-lang/skinny	xctrace	rc=0 or rc=54 with saved trace after time-limit/target-exit stop	/tmp/skv12-p1/direct-xctrace/time-profiler/twitter__real_typed_track1.trace	/tmp/skv12-p1/pmu/capture_status.tsv	cd /Users/mkbabb/Programming/bbnf-lang/skinny && xctrace record --template "Time Profiler" --output /tmp/skv12-p1/direct-xctrace/time-profiler/twitter__real_typed_track1.trace --no-prompt --time-limit 1000ms --launch -- /tmp/skv12-profile-target-50bd1648/release/profile_direct 6334 twitter real_typed_track1	Retained original product trace; superseded for self-time by product-v2 because many primary product traces were shallow.
xctrace-time-profiler-primary	xctrace-time-profiler-typed	typed	twitter	real_typed_track2	twitter	6334	/Users/mkbabb/Programming/bbnf-lang/skinny	xctrace	rc=0 or rc=54 with saved trace after time-limit/target-exit stop	/tmp/skv12-p1/direct-xctrace/time-profiler/twitter__real_typed_track2.trace	/tmp/skv12-p1/pmu/capture_status.tsv	cd /Users/mkbabb/Programming/bbnf-lang/skinny && xctrace record --template "Time Profiler" --output /tmp/skv12-p1/direct-xctrace/time-profiler/twitter__real_typed_track2.trace --no-prompt --time-limit 1000ms --launch -- /tmp/skv12-profile-target-50bd1648/release/profile_direct 6334 twitter real_typed_track2	Retained original product trace; superseded for self-time by product-v2 because many primary product traces were shallow.
xctrace-time-profiler-primary	xctrace-time-profiler-typed	typed	update_center	real_typed_track1	update-center	7503	/Users/mkbabb/Programming/bbnf-lang/skinny	xctrace	rc=0 or rc=54 with saved trace after time-limit/target-exit stop	/tmp/skv12-p1/direct-xctrace/time-profiler/update_center__real_typed_track1.trace	/tmp/skv12-p1/pmu/capture_status.tsv	cd /Users/mkbabb/Programming/bbnf-lang/skinny && xctrace record --template "Time Profiler" --output /tmp/skv12-p1/direct-xctrace/time-profiler/update_center__real_typed_track1.trace --no-prompt --time-limit 1000ms --launch -- /tmp/skv12-profile-target-50bd1648/release/profile_direct 7503 update-center real_typed_track1	Retained original product trace; superseded for self-time by product-v2 because many primary product traces were shallow.
xctrace-time-profiler-primary	xctrace-time-profiler-typed	typed	update_center	real_typed_track2	update-center	7503	/Users/mkbabb/Programming/bbnf-lang/skinny	xctrace	rc=0 or rc=54 with saved trace after time-limit/target-exit stop	/tmp/skv12-p1/direct-xctrace/time-profiler/update_center__real_typed_track2.trace	/tmp/skv12-p1/pmu/capture_status.tsv	cd /Users/mkbabb/Programming/bbnf-lang/skinny && xctrace record --template "Time Profiler" --output /tmp/skv12-p1/direct-xctrace/time-profiler/update_center__real_typed_track2.trace --no-prompt --time-limit 1000ms --launch -- /tmp/skv12-profile-target-50bd1648/release/profile_direct 7503 update-center real_typed_track2	Retained original product trace; superseded for self-time by product-v2 because many primary product traces were shallow.
xctrace-cpu-counters	xctrace-cpu-counters-direct	direct	apache_builds	track1	apache_builds	31429	/Users/mkbabb/Programming/bbnf-lang/skinny	xctrace	rc=0 or rc=54 with saved trace after time-limit/target-exit stop	/tmp/skv12-p1/direct-xctrace/cpu-counters/apache_builds__track1.trace	/tmp/skv12-p1/pmu/capture_status.tsv	cd /Users/mkbabb/Programming/bbnf-lang/skinny && xctrace record --template "CPU Counters" --output /tmp/skv12-p1/direct-xctrace/cpu-counters/apache_builds__track1.trace --no-prompt --time-limit 1000ms --launch -- /tmp/skv12-profile-target-50bd1648/release/profile_direct 31429 apache_builds track1	Retained CPU Counters trace bundle; PMU numeric row authority is the probe TSV.
xctrace-cpu-counters	xctrace-cpu-counters-direct	direct	apache_builds	track2	apache_builds	31429	/Users/mkbabb/Programming/bbnf-lang/skinny	xctrace	rc=0 or rc=54 with saved trace after time-limit/target-exit stop	/tmp/skv12-p1/direct-xctrace/cpu-counters/apache_builds__track2.trace	/tmp/skv12-p1/pmu/capture_status.tsv	cd /Users/mkbabb/Programming/bbnf-lang/skinny && xctrace record --template "CPU Counters" --output /tmp/skv12-p1/direct-xctrace/cpu-counters/apache_builds__track2.trace --no-prompt --time-limit 1000ms --launch -- /tmp/skv12-profile-target-50bd1648/release/profile_direct 31429 apache_builds track2	Retained CPU Counters trace bundle; PMU numeric row authority is the probe TSV.
xctrace-cpu-counters	xctrace-cpu-counters-direct	direct	canada	track1	canada	1777	/Users/mkbabb/Programming/bbnf-lang/skinny	xctrace	rc=0 or rc=54 with saved trace after time-limit/target-exit stop	/tmp/skv12-p1/direct-xctrace/cpu-counters/canada__track1.trace	/tmp/skv12-p1/pmu/capture_status.tsv	cd /Users/mkbabb/Programming/bbnf-lang/skinny && xctrace record --template "CPU Counters" --output /tmp/skv12-p1/direct-xctrace/cpu-counters/canada__track1.trace --no-prompt --time-limit 1000ms --launch -- /tmp/skv12-profile-target-50bd1648/release/profile_direct 1777 canada track1	Retained CPU Counters trace bundle; PMU numeric row authority is the probe TSV.
xctrace-cpu-counters	xctrace-cpu-counters-direct	direct	canada	track2	canada	1777	/Users/mkbabb/Programming/bbnf-lang/skinny	xctrace	rc=0 or rc=54 with saved trace after time-limit/target-exit stop	/tmp/skv12-p1/direct-xctrace/cpu-counters/canada__track2.trace	/tmp/skv12-p1/pmu/capture_status.tsv	cd /Users/mkbabb/Programming/bbnf-lang/skinny && xctrace record --template "CPU Counters" --output /tmp/skv12-p1/direct-xctrace/cpu-counters/canada__track2.trace --no-prompt --time-limit 1000ms --launch -- /tmp/skv12-profile-target-50bd1648/release/profile_direct 1777 canada track2	Retained CPU Counters trace bundle; PMU numeric row authority is the probe TSV.
xctrace-cpu-counters	xctrace-cpu-counters-direct	direct	citm_catalog	track1	citm_catalog	2316	/Users/mkbabb/Programming/bbnf-lang/skinny	xctrace	rc=0 or rc=54 with saved trace after time-limit/target-exit stop	/tmp/skv12-p1/direct-xctrace/cpu-counters/citm_catalog__track1.trace	/tmp/skv12-p1/pmu/capture_status.tsv	cd /Users/mkbabb/Programming/bbnf-lang/skinny && xctrace record --template "CPU Counters" --output /tmp/skv12-p1/direct-xctrace/cpu-counters/citm_catalog__track1.trace --no-prompt --time-limit 1000ms --launch -- /tmp/skv12-profile-target-50bd1648/release/profile_direct 2316 citm_catalog track1	Retained CPU Counters trace bundle; PMU numeric row authority is the probe TSV.
xctrace-cpu-counters	xctrace-cpu-counters-direct	direct	citm_catalog	track2	citm_catalog	2316	/Users/mkbabb/Programming/bbnf-lang/skinny	xctrace	rc=0 or rc=54 with saved trace after time-limit/target-exit stop	/tmp/skv12-p1/direct-xctrace/cpu-counters/citm_catalog__track2.trace	/tmp/skv12-p1/pmu/capture_status.tsv	cd /Users/mkbabb/Programming/bbnf-lang/skinny && xctrace record --template "CPU Counters" --output /tmp/skv12-p1/direct-xctrace/cpu-counters/citm_catalog__track2.trace --no-prompt --time-limit 1000ms --launch -- /tmp/skv12-profile-target-50bd1648/release/profile_direct 2316 citm_catalog track2	Retained CPU Counters trace bundle; PMU numeric row authority is the probe TSV.
xctrace-cpu-counters	xctrace-cpu-counters-direct	direct	distinct_values	track1	distinct_values	26037	/Users/mkbabb/Programming/bbnf-lang/skinny	xctrace	rc=0 or rc=54 with saved trace after time-limit/target-exit stop	/tmp/skv12-p1/direct-xctrace/cpu-counters/distinct_values__track1.trace	/tmp/skv12-p1/pmu/capture_status.tsv	cd /Users/mkbabb/Programming/bbnf-lang/skinny && xctrace record --template "CPU Counters" --output /tmp/skv12-p1/direct-xctrace/cpu-counters/distinct_values__track1.trace --no-prompt --time-limit 1000ms --launch -- /tmp/skv12-profile-target-50bd1648/release/profile_direct 26037 distinct_values track1	Retained CPU Counters trace bundle; PMU numeric row authority is the probe TSV.
xctrace-cpu-counters	xctrace-cpu-counters-direct	direct	distinct_values	track2	distinct_values	26037	/Users/mkbabb/Programming/bbnf-lang/skinny	xctrace	rc=0 or rc=54 with saved trace after time-limit/target-exit stop	/tmp/skv12-p1/direct-xctrace/cpu-counters/distinct_values__track2.trace	/tmp/skv12-p1/pmu/capture_status.tsv	cd /Users/mkbabb/Programming/bbnf-lang/skinny && xctrace record --template "CPU Counters" --output /tmp/skv12-p1/direct-xctrace/cpu-counters/distinct_values__track2.trace --no-prompt --time-limit 1000ms --launch -- /tmp/skv12-profile-target-50bd1648/release/profile_direct 26037 distinct_values track2	Retained CPU Counters trace bundle; PMU numeric row authority is the probe TSV.
xctrace-cpu-counters	xctrace-cpu-counters-direct	direct	github_events	track1	github_events	61414	/Users/mkbabb/Programming/bbnf-lang/skinny	xctrace	rc=0 or rc=54 with saved trace after time-limit/target-exit stop	/tmp/skv12-p1/direct-xctrace/cpu-counters/github_events__track1.trace	/tmp/skv12-p1/pmu/capture_status.tsv	cd /Users/mkbabb/Programming/bbnf-lang/skinny && xctrace record --template "CPU Counters" --output /tmp/skv12-p1/direct-xctrace/cpu-counters/github_events__track1.trace --no-prompt --time-limit 1000ms --launch -- /tmp/skv12-profile-target-50bd1648/release/profile_direct 61414 github_events track1	Retained CPU Counters trace bundle; PMU numeric row authority is the probe TSV.
xctrace-cpu-counters	xctrace-cpu-counters-direct	direct	github_events	track2	github_events	61414	/Users/mkbabb/Programming/bbnf-lang/skinny	xctrace	rc=0 or rc=54 with saved trace after time-limit/target-exit stop	/tmp/skv12-p1/direct-xctrace/cpu-counters/github_events__track2.trace	/tmp/skv12-p1/pmu/capture_status.tsv	cd /Users/mkbabb/Programming/bbnf-lang/skinny && xctrace record --template "CPU Counters" --output /tmp/skv12-p1/direct-xctrace/cpu-counters/github_events__track2.trace --no-prompt --time-limit 1000ms --launch -- /tmp/skv12-profile-target-50bd1648/release/profile_direct 61414 github_events track2	Retained CPU Counters trace bundle; PMU numeric row authority is the probe TSV.
xctrace-cpu-counters	xctrace-cpu-counters-direct	direct	gsoc-2018	track1	gsoc-2018	1202	/Users/mkbabb/Programming/bbnf-lang/skinny	xctrace	rc=0 or rc=54 with saved trace after time-limit/target-exit stop	/tmp/skv12-p1/direct-xctrace/cpu-counters/gsoc-2018__track1.trace	/tmp/skv12-p1/pmu/capture_status.tsv	cd /Users/mkbabb/Programming/bbnf-lang/skinny && xctrace record --template "CPU Counters" --output /tmp/skv12-p1/direct-xctrace/cpu-counters/gsoc-2018__track1.trace --no-prompt --time-limit 1000ms --launch -- /tmp/skv12-profile-target-50bd1648/release/profile_direct 1202 gsoc-2018 track1	Retained CPU Counters trace bundle; PMU numeric row authority is the probe TSV.
xctrace-cpu-counters	xctrace-cpu-counters-direct	direct	gsoc-2018	track2	gsoc-2018	1202	/Users/mkbabb/Programming/bbnf-lang/skinny	xctrace	rc=0 or rc=54 with saved trace after time-limit/target-exit stop	/tmp/skv12-p1/direct-xctrace/cpu-counters/gsoc-2018__track2.trace	/tmp/skv12-p1/pmu/capture_status.tsv	cd /Users/mkbabb/Programming/bbnf-lang/skinny && xctrace record --template "CPU Counters" --output /tmp/skv12-p1/direct-xctrace/cpu-counters/gsoc-2018__track2.trace --no-prompt --time-limit 1000ms --launch -- /tmp/skv12-profile-target-50bd1648/release/profile_direct 1202 gsoc-2018 track2	Retained CPU Counters trace bundle; PMU numeric row authority is the probe TSV.
xctrace-cpu-counters	xctrace-cpu-counters-direct	direct	instruments	track1	instruments	18154	/Users/mkbabb/Programming/bbnf-lang/skinny	xctrace	rc=0 or rc=54 with saved trace after time-limit/target-exit stop	/tmp/skv12-p1/direct-xctrace/cpu-counters/instruments__track1.trace	/tmp/skv12-p1/pmu/capture_status.tsv	cd /Users/mkbabb/Programming/bbnf-lang/skinny && xctrace record --template "CPU Counters" --output /tmp/skv12-p1/direct-xctrace/cpu-counters/instruments__track1.trace --no-prompt --time-limit 1000ms --launch -- /tmp/skv12-profile-target-50bd1648/release/profile_direct 18154 instruments track1	Retained CPU Counters trace bundle; PMU numeric row authority is the probe TSV.
xctrace-cpu-counters	xctrace-cpu-counters-direct	direct	instruments	track2	instruments	18154	/Users/mkbabb/Programming/bbnf-lang/skinny	xctrace	rc=0 or rc=54 with saved trace after time-limit/target-exit stop	/tmp/skv12-p1/direct-xctrace/cpu-counters/instruments__track2.trace	/tmp/skv12-p1/pmu/capture_status.tsv	cd /Users/mkbabb/Programming/bbnf-lang/skinny && xctrace record --template "CPU Counters" --output /tmp/skv12-p1/direct-xctrace/cpu-counters/instruments__track2.trace --no-prompt --time-limit 1000ms --launch -- /tmp/skv12-profile-target-50bd1648/release/profile_direct 18154 instruments track2	Retained CPU Counters trace bundle; PMU numeric row authority is the probe TSV.
xctrace-cpu-counters	xctrace-cpu-counters-direct	direct	marine_ik	track1	marine_ik	1341	/Users/mkbabb/Programming/bbnf-lang/skinny	xctrace	rc=0 or rc=54 with saved trace after time-limit/target-exit stop	/tmp/skv12-p1/direct-xctrace/cpu-counters/marine_ik__track1.trace	/tmp/skv12-p1/pmu/capture_status.tsv	cd /Users/mkbabb/Programming/bbnf-lang/skinny && xctrace record --template "CPU Counters" --output /tmp/skv12-p1/direct-xctrace/cpu-counters/marine_ik__track1.trace --no-prompt --time-limit 1000ms --launch -- /tmp/skv12-profile-target-50bd1648/release/profile_direct 1341 marine_ik track1	Retained CPU Counters trace bundle; PMU numeric row authority is the probe TSV.
xctrace-cpu-counters	xctrace-cpu-counters-direct	direct	marine_ik	track2	marine_ik	1341	/Users/mkbabb/Programming/bbnf-lang/skinny	xctrace	rc=0 or rc=54 with saved trace after time-limit/target-exit stop	/tmp/skv12-p1/direct-xctrace/cpu-counters/marine_ik__track2.trace	/tmp/skv12-p1/pmu/capture_status.tsv	cd /Users/mkbabb/Programming/bbnf-lang/skinny && xctrace record --template "CPU Counters" --output /tmp/skv12-p1/direct-xctrace/cpu-counters/marine_ik__track2.trace --no-prompt --time-limit 1000ms --launch -- /tmp/skv12-profile-target-50bd1648/release/profile_direct 1341 marine_ik track2	Retained CPU Counters trace bundle; PMU numeric row authority is the probe TSV.
xctrace-cpu-counters	xctrace-cpu-counters-direct	direct	mesh	track1	mesh	5528	/Users/mkbabb/Programming/bbnf-lang/skinny	xctrace	rc=0 or rc=54 with saved trace after time-limit/target-exit stop	/tmp/skv12-p1/direct-xctrace/cpu-counters/mesh__track1.trace	/tmp/skv12-p1/pmu/capture_status.tsv	cd /Users/mkbabb/Programming/bbnf-lang/skinny && xctrace record --template "CPU Counters" --output /tmp/skv12-p1/direct-xctrace/cpu-counters/mesh__track1.trace --no-prompt --time-limit 1000ms --launch -- /tmp/skv12-profile-target-50bd1648/release/profile_direct 5528 mesh track1	Retained CPU Counters trace bundle; PMU numeric row authority is the probe TSV.
xctrace-cpu-counters	xctrace-cpu-counters-direct	direct	mesh	track2	mesh	5528	/Users/mkbabb/Programming/bbnf-lang/skinny	xctrace	rc=0 or rc=54 with saved trace after time-limit/target-exit stop	/tmp/skv12-p1/direct-xctrace/cpu-counters/mesh__track2.trace	/tmp/skv12-p1/pmu/capture_status.tsv	cd /Users/mkbabb/Programming/bbnf-lang/skinny && xctrace record --template "CPU Counters" --output /tmp/skv12-p1/direct-xctrace/cpu-counters/mesh__track2.trace --no-prompt --time-limit 1000ms --launch -- /tmp/skv12-profile-target-50bd1648/release/profile_direct 5528 mesh track2	Retained CPU Counters trace bundle; PMU numeric row authority is the probe TSV.
xctrace-cpu-counters	xctrace-cpu-counters-direct	direct	numbers	track1	numbers	26645	/Users/mkbabb/Programming/bbnf-lang/skinny	xctrace	rc=0 or rc=54 with saved trace after time-limit/target-exit stop	/tmp/skv12-p1/direct-xctrace/cpu-counters/numbers__track1.trace	/tmp/skv12-p1/pmu/capture_status.tsv	cd /Users/mkbabb/Programming/bbnf-lang/skinny && xctrace record --template "CPU Counters" --output /tmp/skv12-p1/direct-xctrace/cpu-counters/numbers__track1.trace --no-prompt --time-limit 1000ms --launch -- /tmp/skv12-profile-target-50bd1648/release/profile_direct 26645 numbers track1	Retained CPU Counters trace bundle; PMU numeric row authority is the probe TSV.
xctrace-cpu-counters	xctrace-cpu-counters-direct	direct	numbers	track2	numbers	26645	/Users/mkbabb/Programming/bbnf-lang/skinny	xctrace	rc=0 or rc=54 with saved trace after time-limit/target-exit stop	/tmp/skv12-p1/direct-xctrace/cpu-counters/numbers__track2.trace	/tmp/skv12-p1/pmu/capture_status.tsv	cd /Users/mkbabb/Programming/bbnf-lang/skinny && xctrace record --template "CPU Counters" --output /tmp/skv12-p1/direct-xctrace/cpu-counters/numbers__track2.trace --no-prompt --time-limit 1000ms --launch -- /tmp/skv12-profile-target-50bd1648/release/profile_direct 26645 numbers track2	Retained CPU Counters trace bundle; PMU numeric row authority is the probe TSV.
xctrace-cpu-counters	xctrace-cpu-counters-direct	direct	random	track1	random	7836	/Users/mkbabb/Programming/bbnf-lang/skinny	xctrace	rc=0 or rc=54 with saved trace after time-limit/target-exit stop	/tmp/skv12-p1/direct-xctrace/cpu-counters/random__track1.trace	/tmp/skv12-p1/pmu/capture_status.tsv	cd /Users/mkbabb/Programming/bbnf-lang/skinny && xctrace record --template "CPU Counters" --output /tmp/skv12-p1/direct-xctrace/cpu-counters/random__track1.trace --no-prompt --time-limit 1000ms --launch -- /tmp/skv12-profile-target-50bd1648/release/profile_direct 7836 random track1	Retained CPU Counters trace bundle; PMU numeric row authority is the probe TSV.
xctrace-cpu-counters	xctrace-cpu-counters-direct	direct	random	track2	random	7836	/Users/mkbabb/Programming/bbnf-lang/skinny	xctrace	rc=0 or rc=54 with saved trace after time-limit/target-exit stop	/tmp/skv12-p1/direct-xctrace/cpu-counters/random__track2.trace	/tmp/skv12-p1/pmu/capture_status.tsv	cd /Users/mkbabb/Programming/bbnf-lang/skinny && xctrace record --template "CPU Counters" --output /tmp/skv12-p1/direct-xctrace/cpu-counters/random__track2.trace --no-prompt --time-limit 1000ms --launch -- /tmp/skv12-profile-target-50bd1648/release/profile_direct 7836 random track2	Retained CPU Counters trace bundle; PMU numeric row authority is the probe TSV.
xctrace-cpu-counters	xctrace-cpu-counters-direct	direct	twitter	track1	twitter	6334	/Users/mkbabb/Programming/bbnf-lang/skinny	xctrace	rc=0 or rc=54 with saved trace after time-limit/target-exit stop	/tmp/skv12-p1/direct-xctrace/cpu-counters/twitter__track1.trace	/tmp/skv12-p1/pmu/capture_status.tsv	cd /Users/mkbabb/Programming/bbnf-lang/skinny && xctrace record --template "CPU Counters" --output /tmp/skv12-p1/direct-xctrace/cpu-counters/twitter__track1.trace --no-prompt --time-limit 1000ms --launch -- /tmp/skv12-profile-target-50bd1648/release/profile_direct 6334 twitter track1	Retained CPU Counters trace bundle; PMU numeric row authority is the probe TSV.
xctrace-cpu-counters	xctrace-cpu-counters-direct	direct	twitter	track2	twitter	6334	/Users/mkbabb/Programming/bbnf-lang/skinny	xctrace	rc=0 or rc=54 with saved trace after time-limit/target-exit stop	/tmp/skv12-p1/direct-xctrace/cpu-counters/twitter__track2.trace	/tmp/skv12-p1/pmu/capture_status.tsv	cd /Users/mkbabb/Programming/bbnf-lang/skinny && xctrace record --template "CPU Counters" --output /tmp/skv12-p1/direct-xctrace/cpu-counters/twitter__track2.trace --no-prompt --time-limit 1000ms --launch -- /tmp/skv12-profile-target-50bd1648/release/profile_direct 6334 twitter track2	Retained CPU Counters trace bundle; PMU numeric row authority is the probe TSV.
xctrace-cpu-counters	xctrace-cpu-counters-direct	direct	unicode_basic	track1	unicode_basic	3815	/Users/mkbabb/Programming/bbnf-lang/skinny	xctrace	rc=0 or rc=54 with saved trace after time-limit/target-exit stop	/tmp/skv12-p1/direct-xctrace/cpu-counters/unicode_basic__track1.trace	/tmp/skv12-p1/pmu/capture_status.tsv	cd /Users/mkbabb/Programming/bbnf-lang/skinny && xctrace record --template "CPU Counters" --output /tmp/skv12-p1/direct-xctrace/cpu-counters/unicode_basic__track1.trace --no-prompt --time-limit 1000ms --launch -- /tmp/skv12-profile-target-50bd1648/release/profile_direct 3815 unicode_basic track1	Retained CPU Counters trace bundle; PMU numeric row authority is the probe TSV.
xctrace-cpu-counters	xctrace-cpu-counters-direct	direct	unicode_basic	track2	unicode_basic	3815	/Users/mkbabb/Programming/bbnf-lang/skinny	xctrace	rc=0 or rc=54 with saved trace after time-limit/target-exit stop	/tmp/skv12-p1/direct-xctrace/cpu-counters/unicode_basic__track2.trace	/tmp/skv12-p1/pmu/capture_status.tsv	cd /Users/mkbabb/Programming/bbnf-lang/skinny && xctrace record --template "CPU Counters" --output /tmp/skv12-p1/direct-xctrace/cpu-counters/unicode_basic__track2.trace --no-prompt --time-limit 1000ms --launch -- /tmp/skv12-profile-target-50bd1648/release/profile_direct 3815 unicode_basic track2	Retained CPU Counters trace bundle; PMU numeric row authority is the probe TSV.
xctrace-cpu-counters	xctrace-cpu-counters-direct	direct	unicode_escapes	track1	unicode_escapes	3807	/Users/mkbabb/Programming/bbnf-lang/skinny	xctrace	rc=0 or rc=54 with saved trace after time-limit/target-exit stop	/tmp/skv12-p1/direct-xctrace/cpu-counters/unicode_escapes__track1.trace	/tmp/skv12-p1/pmu/capture_status.tsv	cd /Users/mkbabb/Programming/bbnf-lang/skinny && xctrace record --template "CPU Counters" --output /tmp/skv12-p1/direct-xctrace/cpu-counters/unicode_escapes__track1.trace --no-prompt --time-limit 1000ms --launch -- /tmp/skv12-profile-target-50bd1648/release/profile_direct 3807 unicode_escapes track1	Retained CPU Counters trace bundle; PMU numeric row authority is the probe TSV.
xctrace-cpu-counters	xctrace-cpu-counters-direct	direct	unicode_escapes	track2	unicode_escapes	3807	/Users/mkbabb/Programming/bbnf-lang/skinny	xctrace	rc=0 or rc=54 with saved trace after time-limit/target-exit stop	/tmp/skv12-p1/direct-xctrace/cpu-counters/unicode_escapes__track2.trace	/tmp/skv12-p1/pmu/capture_status.tsv	cd /Users/mkbabb/Programming/bbnf-lang/skinny && xctrace record --template "CPU Counters" --output /tmp/skv12-p1/direct-xctrace/cpu-counters/unicode_escapes__track2.trace --no-prompt --time-limit 1000ms --launch -- /tmp/skv12-profile-target-50bd1648/release/profile_direct 3807 unicode_escapes track2	Retained CPU Counters trace bundle; PMU numeric row authority is the probe TSV.
xctrace-cpu-counters	xctrace-cpu-counters-direct	direct	unicode_mixed	track1	unicode_mixed	3799	/Users/mkbabb/Programming/bbnf-lang/skinny	xctrace	rc=0 or rc=54 with saved trace after time-limit/target-exit stop	/tmp/skv12-p1/direct-xctrace/cpu-counters/unicode_mixed__track1.trace	/tmp/skv12-p1/pmu/capture_status.tsv	cd /Users/mkbabb/Programming/bbnf-lang/skinny && xctrace record --template "CPU Counters" --output /tmp/skv12-p1/direct-xctrace/cpu-counters/unicode_mixed__track1.trace --no-prompt --time-limit 1000ms --launch -- /tmp/skv12-profile-target-50bd1648/release/profile_direct 3799 unicode_mixed track1	Retained CPU Counters trace bundle; PMU numeric row authority is the probe TSV.
xctrace-cpu-counters	xctrace-cpu-counters-direct	direct	unicode_mixed	track2	unicode_mixed	3799	/Users/mkbabb/Programming/bbnf-lang/skinny	xctrace	rc=0 or rc=54 with saved trace after time-limit/target-exit stop	/tmp/skv12-p1/direct-xctrace/cpu-counters/unicode_mixed__track2.trace	/tmp/skv12-p1/pmu/capture_status.tsv	cd /Users/mkbabb/Programming/bbnf-lang/skinny && xctrace record --template "CPU Counters" --output /tmp/skv12-p1/direct-xctrace/cpu-counters/unicode_mixed__track2.trace --no-prompt --time-limit 1000ms --launch -- /tmp/skv12-profile-target-50bd1648/release/profile_direct 3799 unicode_mixed track2	Retained CPU Counters trace bundle; PMU numeric row authority is the probe TSV.
xctrace-cpu-counters	xctrace-cpu-counters-direct	direct	update_center	track1	update-center	7503	/Users/mkbabb/Programming/bbnf-lang/skinny	xctrace	rc=0 or rc=54 with saved trace after time-limit/target-exit stop	/tmp/skv12-p1/direct-xctrace/cpu-counters/update_center__track1.trace	/tmp/skv12-p1/pmu/capture_status.tsv	cd /Users/mkbabb/Programming/bbnf-lang/skinny && xctrace record --template "CPU Counters" --output /tmp/skv12-p1/direct-xctrace/cpu-counters/update_center__track1.trace --no-prompt --time-limit 1000ms --launch -- /tmp/skv12-profile-target-50bd1648/release/profile_direct 7503 update-center track1	Retained CPU Counters trace bundle; PMU numeric row authority is the probe TSV.
xctrace-cpu-counters	xctrace-cpu-counters-direct	direct	update_center	track2	update-center	7503	/Users/mkbabb/Programming/bbnf-lang/skinny	xctrace	rc=0 or rc=54 with saved trace after time-limit/target-exit stop	/tmp/skv12-p1/direct-xctrace/cpu-counters/update_center__track2.trace	/tmp/skv12-p1/pmu/capture_status.tsv	cd /Users/mkbabb/Programming/bbnf-lang/skinny && xctrace record --template "CPU Counters" --output /tmp/skv12-p1/direct-xctrace/cpu-counters/update_center__track2.trace --no-prompt --time-limit 1000ms --launch -- /tmp/skv12-profile-target-50bd1648/release/profile_direct 7503 update-center track2	Retained CPU Counters trace bundle; PMU numeric row authority is the probe TSV.
xctrace-cpu-counters	xctrace-cpu-counters-direct	direct	y_string_unicode	track1	y_string_unicode	100000	/Users/mkbabb/Programming/bbnf-lang/skinny	xctrace	rc=0 or rc=54 with saved trace after time-limit/target-exit stop	/tmp/skv12-p1/direct-xctrace/cpu-counters/y_string_unicode__track1.trace	/tmp/skv12-p1/pmu/capture_status.tsv	cd /Users/mkbabb/Programming/bbnf-lang/skinny && xctrace record --template "CPU Counters" --output /tmp/skv12-p1/direct-xctrace/cpu-counters/y_string_unicode__track1.trace --no-prompt --time-limit 1000ms --launch -- /tmp/skv12-profile-target-50bd1648/release/profile_direct 100000 y_string_unicode track1	Retained CPU Counters trace bundle; PMU numeric row authority is the probe TSV.
xctrace-cpu-counters	xctrace-cpu-counters-direct	direct	y_string_unicode	track2	y_string_unicode	100000	/Users/mkbabb/Programming/bbnf-lang/skinny	xctrace	rc=0 or rc=54 with saved trace after time-limit/target-exit stop	/tmp/skv12-p1/direct-xctrace/cpu-counters/y_string_unicode__track2.trace	/tmp/skv12-p1/pmu/capture_status.tsv	cd /Users/mkbabb/Programming/bbnf-lang/skinny && xctrace record --template "CPU Counters" --output /tmp/skv12-p1/direct-xctrace/cpu-counters/y_string_unicode__track2.trace --no-prompt --time-limit 1000ms --launch -- /tmp/skv12-profile-target-50bd1648/release/profile_direct 100000 y_string_unicode track2	Retained CPU Counters trace bundle; PMU numeric row authority is the probe TSV.
xctrace-cpu-counters	xctrace-cpu-counters-parse	parse	apache_builds	track1	apache_builds.json	31429	/Users/mkbabb/Programming/bbnf-lang	xctrace	rc=0 or rc=54 with saved trace after time-limit/target-exit stop	/tmp/skv12-p1/parse-xctrace/cpu-counters/apache_builds__track1.trace	/tmp/skv12-p1/pmu/capture_status.tsv	cd /Users/mkbabb/Programming/bbnf-lang && xctrace record --template "CPU Counters" --output /tmp/skv12-p1/parse-xctrace/cpu-counters/apache_builds__track1.trace --no-prompt --time-limit 1000ms --launch -- /tmp/skv12-profile-target-50bd1648/release/xctrace_probe /Users/mkbabb/Programming/bbnf-lang/skinny/test_data/apache_builds.json track1 31429	Retained CPU Counters trace bundle; PMU numeric row authority is the probe TSV.
xctrace-cpu-counters	xctrace-cpu-counters-parse	parse	apache_builds	track2	apache_builds.json	31429	/Users/mkbabb/Programming/bbnf-lang	xctrace	rc=0 or rc=54 with saved trace after time-limit/target-exit stop	/tmp/skv12-p1/parse-xctrace/cpu-counters/apache_builds__track2.trace	/tmp/skv12-p1/pmu/capture_status.tsv	cd /Users/mkbabb/Programming/bbnf-lang && xctrace record --template "CPU Counters" --output /tmp/skv12-p1/parse-xctrace/cpu-counters/apache_builds__track2.trace --no-prompt --time-limit 1000ms --launch -- /tmp/skv12-profile-target-50bd1648/release/xctrace_probe /Users/mkbabb/Programming/bbnf-lang/skinny/test_data/apache_builds.json track2 31429	Retained CPU Counters trace bundle; PMU numeric row authority is the probe TSV.
xctrace-cpu-counters	xctrace-cpu-counters-parse	parse	canada	track1	canada.json	1777	/Users/mkbabb/Programming/bbnf-lang	xctrace	rc=0 or rc=54 with saved trace after time-limit/target-exit stop	/tmp/skv12-p1/parse-xctrace/cpu-counters/canada__track1.trace	/tmp/skv12-p1/pmu/capture_status.tsv	cd /Users/mkbabb/Programming/bbnf-lang && xctrace record --template "CPU Counters" --output /tmp/skv12-p1/parse-xctrace/cpu-counters/canada__track1.trace --no-prompt --time-limit 1000ms --launch -- /tmp/skv12-profile-target-50bd1648/release/xctrace_probe /Users/mkbabb/Programming/bbnf-lang/skinny/test_data/canada.json track1 1777	Retained CPU Counters trace bundle; PMU numeric row authority is the probe TSV.
xctrace-cpu-counters	xctrace-cpu-counters-parse	parse	canada	track2	canada.json	1777	/Users/mkbabb/Programming/bbnf-lang	xctrace	rc=0 or rc=54 with saved trace after time-limit/target-exit stop	/tmp/skv12-p1/parse-xctrace/cpu-counters/canada__track2.trace	/tmp/skv12-p1/pmu/capture_status.tsv	cd /Users/mkbabb/Programming/bbnf-lang && xctrace record --template "CPU Counters" --output /tmp/skv12-p1/parse-xctrace/cpu-counters/canada__track2.trace --no-prompt --time-limit 1000ms --launch -- /tmp/skv12-profile-target-50bd1648/release/xctrace_probe /Users/mkbabb/Programming/bbnf-lang/skinny/test_data/canada.json track2 1777	Retained CPU Counters trace bundle; PMU numeric row authority is the probe TSV.
xctrace-cpu-counters	xctrace-cpu-counters-parse	parse	citm_catalog	track1	citm_catalog.json	2316	/Users/mkbabb/Programming/bbnf-lang	xctrace	rc=0 or rc=54 with saved trace after time-limit/target-exit stop	/tmp/skv12-p1/parse-xctrace/cpu-counters/citm_catalog__track1.trace	/tmp/skv12-p1/pmu/capture_status.tsv	cd /Users/mkbabb/Programming/bbnf-lang && xctrace record --template "CPU Counters" --output /tmp/skv12-p1/parse-xctrace/cpu-counters/citm_catalog__track1.trace --no-prompt --time-limit 1000ms --launch -- /tmp/skv12-profile-target-50bd1648/release/xctrace_probe /Users/mkbabb/Programming/bbnf-lang/skinny/test_data/citm_catalog.json track1 2316	Retained CPU Counters trace bundle; PMU numeric row authority is the probe TSV.
xctrace-cpu-counters	xctrace-cpu-counters-parse	parse	citm_catalog	track2	citm_catalog.json	2316	/Users/mkbabb/Programming/bbnf-lang	xctrace	rc=0 or rc=54 with saved trace after time-limit/target-exit stop	/tmp/skv12-p1/parse-xctrace/cpu-counters/citm_catalog__track2.trace	/tmp/skv12-p1/pmu/capture_status.tsv	cd /Users/mkbabb/Programming/bbnf-lang && xctrace record --template "CPU Counters" --output /tmp/skv12-p1/parse-xctrace/cpu-counters/citm_catalog__track2.trace --no-prompt --time-limit 1000ms --launch -- /tmp/skv12-profile-target-50bd1648/release/xctrace_probe /Users/mkbabb/Programming/bbnf-lang/skinny/test_data/citm_catalog.json track2 2316	Retained CPU Counters trace bundle; PMU numeric row authority is the probe TSV.
xctrace-cpu-counters	xctrace-cpu-counters-parse	parse	distinct_values	track1	distinct_values.json	26037	/Users/mkbabb/Programming/bbnf-lang	xctrace	rc=0 or rc=54 with saved trace after time-limit/target-exit stop	/tmp/skv12-p1/parse-xctrace/cpu-counters/distinct_values__track1.trace	/tmp/skv12-p1/pmu/capture_status.tsv	cd /Users/mkbabb/Programming/bbnf-lang && xctrace record --template "CPU Counters" --output /tmp/skv12-p1/parse-xctrace/cpu-counters/distinct_values__track1.trace --no-prompt --time-limit 1000ms --launch -- /tmp/skv12-profile-target-50bd1648/release/xctrace_probe /Users/mkbabb/Programming/bbnf-lang/skinny/test_data/distinct_values.json track1 26037	Retained CPU Counters trace bundle; PMU numeric row authority is the probe TSV.
xctrace-cpu-counters	xctrace-cpu-counters-parse	parse	distinct_values	track2	distinct_values.json	26037	/Users/mkbabb/Programming/bbnf-lang	xctrace	rc=0 or rc=54 with saved trace after time-limit/target-exit stop	/tmp/skv12-p1/parse-xctrace/cpu-counters/distinct_values__track2.trace	/tmp/skv12-p1/pmu/capture_status.tsv	cd /Users/mkbabb/Programming/bbnf-lang && xctrace record --template "CPU Counters" --output /tmp/skv12-p1/parse-xctrace/cpu-counters/distinct_values__track2.trace --no-prompt --time-limit 1000ms --launch -- /tmp/skv12-profile-target-50bd1648/release/xctrace_probe /Users/mkbabb/Programming/bbnf-lang/skinny/test_data/distinct_values.json track2 26037	Retained CPU Counters trace bundle; PMU numeric row authority is the probe TSV.
xctrace-cpu-counters	xctrace-cpu-counters-parse	parse	github_events	track1	github_events.json	61414	/Users/mkbabb/Programming/bbnf-lang	xctrace	rc=0 or rc=54 with saved trace after time-limit/target-exit stop	/tmp/skv12-p1/parse-xctrace/cpu-counters/github_events__track1.trace	/tmp/skv12-p1/pmu/capture_status.tsv	cd /Users/mkbabb/Programming/bbnf-lang && xctrace record --template "CPU Counters" --output /tmp/skv12-p1/parse-xctrace/cpu-counters/github_events__track1.trace --no-prompt --time-limit 1000ms --launch -- /tmp/skv12-profile-target-50bd1648/release/xctrace_probe /Users/mkbabb/Programming/bbnf-lang/skinny/test_data/github_events.json track1 61414	Retained CPU Counters trace bundle; PMU numeric row authority is the probe TSV.
xctrace-cpu-counters	xctrace-cpu-counters-parse	parse	github_events	track2	github_events.json	61414	/Users/mkbabb/Programming/bbnf-lang	xctrace	rc=0 or rc=54 with saved trace after time-limit/target-exit stop	/tmp/skv12-p1/parse-xctrace/cpu-counters/github_events__track2.trace	/tmp/skv12-p1/pmu/capture_status.tsv	cd /Users/mkbabb/Programming/bbnf-lang && xctrace record --template "CPU Counters" --output /tmp/skv12-p1/parse-xctrace/cpu-counters/github_events__track2.trace --no-prompt --time-limit 1000ms --launch -- /tmp/skv12-profile-target-50bd1648/release/xctrace_probe /Users/mkbabb/Programming/bbnf-lang/skinny/test_data/github_events.json track2 61414	Retained CPU Counters trace bundle; PMU numeric row authority is the probe TSV.
xctrace-cpu-counters	xctrace-cpu-counters-parse	parse	gsoc-2018	track1	gsoc-2018.json	1202	/Users/mkbabb/Programming/bbnf-lang	xctrace	rc=0 or rc=54 with saved trace after time-limit/target-exit stop	/tmp/skv12-p1/parse-xctrace/cpu-counters/gsoc-2018__track1.trace	/tmp/skv12-p1/pmu/capture_status.tsv	cd /Users/mkbabb/Programming/bbnf-lang && xctrace record --template "CPU Counters" --output /tmp/skv12-p1/parse-xctrace/cpu-counters/gsoc-2018__track1.trace --no-prompt --time-limit 1000ms --launch -- /tmp/skv12-profile-target-50bd1648/release/xctrace_probe /Users/mkbabb/Programming/bbnf-lang/skinny/test_data/gsoc-2018.json track1 1202	Retained CPU Counters trace bundle; PMU numeric row authority is the probe TSV.
xctrace-cpu-counters	xctrace-cpu-counters-parse	parse	gsoc-2018	track2	gsoc-2018.json	1202	/Users/mkbabb/Programming/bbnf-lang	xctrace	rc=0 or rc=54 with saved trace after time-limit/target-exit stop	/tmp/skv12-p1/parse-xctrace/cpu-counters/gsoc-2018__track2.trace	/tmp/skv12-p1/pmu/capture_status.tsv	cd /Users/mkbabb/Programming/bbnf-lang && xctrace record --template "CPU Counters" --output /tmp/skv12-p1/parse-xctrace/cpu-counters/gsoc-2018__track2.trace --no-prompt --time-limit 1000ms --launch -- /tmp/skv12-profile-target-50bd1648/release/xctrace_probe /Users/mkbabb/Programming/bbnf-lang/skinny/test_data/gsoc-2018.json track2 1202	Retained CPU Counters trace bundle; PMU numeric row authority is the probe TSV.
xctrace-cpu-counters	xctrace-cpu-counters-parse	parse	instruments	track1	instruments.json	18154	/Users/mkbabb/Programming/bbnf-lang	xctrace	rc=0 or rc=54 with saved trace after time-limit/target-exit stop	/tmp/skv12-p1/parse-xctrace/cpu-counters/instruments__track1.trace	/tmp/skv12-p1/pmu/capture_status.tsv	cd /Users/mkbabb/Programming/bbnf-lang && xctrace record --template "CPU Counters" --output /tmp/skv12-p1/parse-xctrace/cpu-counters/instruments__track1.trace --no-prompt --time-limit 1000ms --launch -- /tmp/skv12-profile-target-50bd1648/release/xctrace_probe /Users/mkbabb/Programming/bbnf-lang/skinny/test_data/instruments.json track1 18154	Retained CPU Counters trace bundle; PMU numeric row authority is the probe TSV.
xctrace-cpu-counters	xctrace-cpu-counters-parse	parse	instruments	track2	instruments.json	18154	/Users/mkbabb/Programming/bbnf-lang	xctrace	rc=0 or rc=54 with saved trace after time-limit/target-exit stop	/tmp/skv12-p1/parse-xctrace/cpu-counters/instruments__track2.trace	/tmp/skv12-p1/pmu/capture_status.tsv	cd /Users/mkbabb/Programming/bbnf-lang && xctrace record --template "CPU Counters" --output /tmp/skv12-p1/parse-xctrace/cpu-counters/instruments__track2.trace --no-prompt --time-limit 1000ms --launch -- /tmp/skv12-profile-target-50bd1648/release/xctrace_probe /Users/mkbabb/Programming/bbnf-lang/skinny/test_data/instruments.json track2 18154	Retained CPU Counters trace bundle; PMU numeric row authority is the probe TSV.
xctrace-cpu-counters	xctrace-cpu-counters-parse	parse	marine_ik	track1	marine_ik.json	1341	/Users/mkbabb/Programming/bbnf-lang	xctrace	rc=0 or rc=54 with saved trace after time-limit/target-exit stop	/tmp/skv12-p1/parse-xctrace/cpu-counters/marine_ik__track1.trace	/tmp/skv12-p1/pmu/capture_status.tsv	cd /Users/mkbabb/Programming/bbnf-lang && xctrace record --template "CPU Counters" --output /tmp/skv12-p1/parse-xctrace/cpu-counters/marine_ik__track1.trace --no-prompt --time-limit 1000ms --launch -- /tmp/skv12-profile-target-50bd1648/release/xctrace_probe /Users/mkbabb/Programming/bbnf-lang/skinny/test_data/marine_ik.json track1 1341	Retained CPU Counters trace bundle; PMU numeric row authority is the probe TSV.
xctrace-cpu-counters	xctrace-cpu-counters-parse	parse	marine_ik	track2	marine_ik.json	1341	/Users/mkbabb/Programming/bbnf-lang	xctrace	rc=0 or rc=54 with saved trace after time-limit/target-exit stop	/tmp/skv12-p1/parse-xctrace/cpu-counters/marine_ik__track2.trace	/tmp/skv12-p1/pmu/capture_status.tsv	cd /Users/mkbabb/Programming/bbnf-lang && xctrace record --template "CPU Counters" --output /tmp/skv12-p1/parse-xctrace/cpu-counters/marine_ik__track2.trace --no-prompt --time-limit 1000ms --launch -- /tmp/skv12-profile-target-50bd1648/release/xctrace_probe /Users/mkbabb/Programming/bbnf-lang/skinny/test_data/marine_ik.json track2 1341	Retained CPU Counters trace bundle; PMU numeric row authority is the probe TSV.
xctrace-cpu-counters	xctrace-cpu-counters-parse	parse	mesh	track1	mesh.json	5528	/Users/mkbabb/Programming/bbnf-lang	xctrace	rc=0 or rc=54 with saved trace after time-limit/target-exit stop	/tmp/skv12-p1/parse-xctrace/cpu-counters/mesh__track1.trace	/tmp/skv12-p1/pmu/capture_status.tsv	cd /Users/mkbabb/Programming/bbnf-lang && xctrace record --template "CPU Counters" --output /tmp/skv12-p1/parse-xctrace/cpu-counters/mesh__track1.trace --no-prompt --time-limit 1000ms --launch -- /tmp/skv12-profile-target-50bd1648/release/xctrace_probe /Users/mkbabb/Programming/bbnf-lang/skinny/test_data/mesh.json track1 5528	Retained CPU Counters trace bundle; PMU numeric row authority is the probe TSV.
xctrace-cpu-counters	xctrace-cpu-counters-parse	parse	mesh	track2	mesh.json	5528	/Users/mkbabb/Programming/bbnf-lang	xctrace	rc=0 or rc=54 with saved trace after time-limit/target-exit stop	/tmp/skv12-p1/parse-xctrace/cpu-counters/mesh__track2.trace	/tmp/skv12-p1/pmu/capture_status.tsv	cd /Users/mkbabb/Programming/bbnf-lang && xctrace record --template "CPU Counters" --output /tmp/skv12-p1/parse-xctrace/cpu-counters/mesh__track2.trace --no-prompt --time-limit 1000ms --launch -- /tmp/skv12-profile-target-50bd1648/release/xctrace_probe /Users/mkbabb/Programming/bbnf-lang/skinny/test_data/mesh.json track2 5528	Retained CPU Counters trace bundle; PMU numeric row authority is the probe TSV.
xctrace-cpu-counters	xctrace-cpu-counters-parse	parse	numbers	track1	numbers.json	26645	/Users/mkbabb/Programming/bbnf-lang	xctrace	rc=0 or rc=54 with saved trace after time-limit/target-exit stop	/tmp/skv12-p1/parse-xctrace/cpu-counters/numbers__track1.trace	/tmp/skv12-p1/pmu/capture_status.tsv	cd /Users/mkbabb/Programming/bbnf-lang && xctrace record --template "CPU Counters" --output /tmp/skv12-p1/parse-xctrace/cpu-counters/numbers__track1.trace --no-prompt --time-limit 1000ms --launch -- /tmp/skv12-profile-target-50bd1648/release/xctrace_probe /Users/mkbabb/Programming/bbnf-lang/skinny/test_data/numbers.json track1 26645	Retained CPU Counters trace bundle; PMU numeric row authority is the probe TSV.
xctrace-cpu-counters	xctrace-cpu-counters-parse	parse	numbers	track2	numbers.json	26645	/Users/mkbabb/Programming/bbnf-lang	xctrace	rc=0 or rc=54 with saved trace after time-limit/target-exit stop	/tmp/skv12-p1/parse-xctrace/cpu-counters/numbers__track2.trace	/tmp/skv12-p1/pmu/capture_status.tsv	cd /Users/mkbabb/Programming/bbnf-lang && xctrace record --template "CPU Counters" --output /tmp/skv12-p1/parse-xctrace/cpu-counters/numbers__track2.trace --no-prompt --time-limit 1000ms --launch -- /tmp/skv12-profile-target-50bd1648/release/xctrace_probe /Users/mkbabb/Programming/bbnf-lang/skinny/test_data/numbers.json track2 26645	Retained CPU Counters trace bundle; PMU numeric row authority is the probe TSV.
xctrace-cpu-counters	xctrace-cpu-counters-parse	parse	random	track1	random.json	7836	/Users/mkbabb/Programming/bbnf-lang	xctrace	rc=0 or rc=54 with saved trace after time-limit/target-exit stop	/tmp/skv12-p1/parse-xctrace/cpu-counters/random__track1.trace	/tmp/skv12-p1/pmu/capture_status.tsv	cd /Users/mkbabb/Programming/bbnf-lang && xctrace record --template "CPU Counters" --output /tmp/skv12-p1/parse-xctrace/cpu-counters/random__track1.trace --no-prompt --time-limit 1000ms --launch -- /tmp/skv12-profile-target-50bd1648/release/xctrace_probe /Users/mkbabb/Programming/bbnf-lang/skinny/test_data/random.json track1 7836	Retained CPU Counters trace bundle; PMU numeric row authority is the probe TSV.
xctrace-cpu-counters	xctrace-cpu-counters-parse	parse	random	track2	random.json	7836	/Users/mkbabb/Programming/bbnf-lang	xctrace	rc=0 or rc=54 with saved trace after time-limit/target-exit stop	/tmp/skv12-p1/parse-xctrace/cpu-counters/random__track2.trace	/tmp/skv12-p1/pmu/capture_status.tsv	cd /Users/mkbabb/Programming/bbnf-lang && xctrace record --template "CPU Counters" --output /tmp/skv12-p1/parse-xctrace/cpu-counters/random__track2.trace --no-prompt --time-limit 1000ms --launch -- /tmp/skv12-profile-target-50bd1648/release/xctrace_probe /Users/mkbabb/Programming/bbnf-lang/skinny/test_data/random.json track2 7836	Retained CPU Counters trace bundle; PMU numeric row authority is the probe TSV.
xctrace-cpu-counters	xctrace-cpu-counters-parse	parse	twitter	track1	twitter.json	6334	/Users/mkbabb/Programming/bbnf-lang	xctrace	rc=0 or rc=54 with saved trace after time-limit/target-exit stop	/tmp/skv12-p1/parse-xctrace/cpu-counters/twitter__track1.trace	/tmp/skv12-p1/pmu/capture_status.tsv	cd /Users/mkbabb/Programming/bbnf-lang && xctrace record --template "CPU Counters" --output /tmp/skv12-p1/parse-xctrace/cpu-counters/twitter__track1.trace --no-prompt --time-limit 1000ms --launch -- /tmp/skv12-profile-target-50bd1648/release/xctrace_probe /Users/mkbabb/Programming/bbnf-lang/skinny/test_data/twitter.json track1 6334	Retained CPU Counters trace bundle; PMU numeric row authority is the probe TSV.
xctrace-cpu-counters	xctrace-cpu-counters-parse	parse	twitter	track2	twitter.json	6334	/Users/mkbabb/Programming/bbnf-lang	xctrace	rc=0 or rc=54 with saved trace after time-limit/target-exit stop	/tmp/skv12-p1/parse-xctrace/cpu-counters/twitter__track2.trace	/tmp/skv12-p1/pmu/capture_status.tsv	cd /Users/mkbabb/Programming/bbnf-lang && xctrace record --template "CPU Counters" --output /tmp/skv12-p1/parse-xctrace/cpu-counters/twitter__track2.trace --no-prompt --time-limit 1000ms --launch -- /tmp/skv12-profile-target-50bd1648/release/xctrace_probe /Users/mkbabb/Programming/bbnf-lang/skinny/test_data/twitter.json track2 6334	Retained CPU Counters trace bundle; PMU numeric row authority is the probe TSV.
xctrace-cpu-counters	xctrace-cpu-counters-parse	parse	unicode_basic	track1	unicode_basic.json	3815	/Users/mkbabb/Programming/bbnf-lang	xctrace	rc=0 or rc=54 with saved trace after time-limit/target-exit stop	/tmp/skv12-p1/parse-xctrace/cpu-counters/unicode_basic__track1.trace	/tmp/skv12-p1/pmu/capture_status.tsv	cd /Users/mkbabb/Programming/bbnf-lang && xctrace record --template "CPU Counters" --output /tmp/skv12-p1/parse-xctrace/cpu-counters/unicode_basic__track1.trace --no-prompt --time-limit 1000ms --launch -- /tmp/skv12-profile-target-50bd1648/release/xctrace_probe /Users/mkbabb/Programming/bbnf-lang/skinny/test_data/unicode_basic.json track1 3815	Retained CPU Counters trace bundle; PMU numeric row authority is the probe TSV.
xctrace-cpu-counters	xctrace-cpu-counters-parse	parse	unicode_basic	track2	unicode_basic.json	3815	/Users/mkbabb/Programming/bbnf-lang	xctrace	rc=0 or rc=54 with saved trace after time-limit/target-exit stop	/tmp/skv12-p1/parse-xctrace/cpu-counters/unicode_basic__track2.trace	/tmp/skv12-p1/pmu/capture_status.tsv	cd /Users/mkbabb/Programming/bbnf-lang && xctrace record --template "CPU Counters" --output /tmp/skv12-p1/parse-xctrace/cpu-counters/unicode_basic__track2.trace --no-prompt --time-limit 1000ms --launch -- /tmp/skv12-profile-target-50bd1648/release/xctrace_probe /Users/mkbabb/Programming/bbnf-lang/skinny/test_data/unicode_basic.json track2 3815	Retained CPU Counters trace bundle; PMU numeric row authority is the probe TSV.
xctrace-cpu-counters	xctrace-cpu-counters-parse	parse	unicode_escapes	track1	unicode_escapes.json	3807	/Users/mkbabb/Programming/bbnf-lang	xctrace	rc=0 or rc=54 with saved trace after time-limit/target-exit stop	/tmp/skv12-p1/parse-xctrace/cpu-counters/unicode_escapes__track1.trace	/tmp/skv12-p1/pmu/capture_status.tsv	cd /Users/mkbabb/Programming/bbnf-lang && xctrace record --template "CPU Counters" --output /tmp/skv12-p1/parse-xctrace/cpu-counters/unicode_escapes__track1.trace --no-prompt --time-limit 1000ms --launch -- /tmp/skv12-profile-target-50bd1648/release/xctrace_probe /Users/mkbabb/Programming/bbnf-lang/skinny/test_data/unicode_escapes.json track1 3807	Retained CPU Counters trace bundle; PMU numeric row authority is the probe TSV.
xctrace-cpu-counters	xctrace-cpu-counters-parse	parse	unicode_escapes	track2	unicode_escapes.json	3807	/Users/mkbabb/Programming/bbnf-lang	xctrace	rc=0 or rc=54 with saved trace after time-limit/target-exit stop	/tmp/skv12-p1/parse-xctrace/cpu-counters/unicode_escapes__track2.trace	/tmp/skv12-p1/pmu/capture_status.tsv	cd /Users/mkbabb/Programming/bbnf-lang && xctrace record --template "CPU Counters" --output /tmp/skv12-p1/parse-xctrace/cpu-counters/unicode_escapes__track2.trace --no-prompt --time-limit 1000ms --launch -- /tmp/skv12-profile-target-50bd1648/release/xctrace_probe /Users/mkbabb/Programming/bbnf-lang/skinny/test_data/unicode_escapes.json track2 3807	Retained CPU Counters trace bundle; PMU numeric row authority is the probe TSV.
xctrace-cpu-counters	xctrace-cpu-counters-parse	parse	unicode_mixed	track1	unicode_mixed.json	3799	/Users/mkbabb/Programming/bbnf-lang	xctrace	rc=0 or rc=54 with saved trace after time-limit/target-exit stop	/tmp/skv12-p1/parse-xctrace/cpu-counters/unicode_mixed__track1.trace	/tmp/skv12-p1/pmu/capture_status.tsv	cd /Users/mkbabb/Programming/bbnf-lang && xctrace record --template "CPU Counters" --output /tmp/skv12-p1/parse-xctrace/cpu-counters/unicode_mixed__track1.trace --no-prompt --time-limit 1000ms --launch -- /tmp/skv12-profile-target-50bd1648/release/xctrace_probe /Users/mkbabb/Programming/bbnf-lang/skinny/test_data/unicode_mixed.json track1 3799	Retained CPU Counters trace bundle; PMU numeric row authority is the probe TSV.
xctrace-cpu-counters	xctrace-cpu-counters-parse	parse	unicode_mixed	track2	unicode_mixed.json	3799	/Users/mkbabb/Programming/bbnf-lang	xctrace	rc=0 or rc=54 with saved trace after time-limit/target-exit stop	/tmp/skv12-p1/parse-xctrace/cpu-counters/unicode_mixed__track2.trace	/tmp/skv12-p1/pmu/capture_status.tsv	cd /Users/mkbabb/Programming/bbnf-lang && xctrace record --template "CPU Counters" --output /tmp/skv12-p1/parse-xctrace/cpu-counters/unicode_mixed__track2.trace --no-prompt --time-limit 1000ms --launch -- /tmp/skv12-profile-target-50bd1648/release/xctrace_probe /Users/mkbabb/Programming/bbnf-lang/skinny/test_data/unicode_mixed.json track2 3799	Retained CPU Counters trace bundle; PMU numeric row authority is the probe TSV.
xctrace-cpu-counters	xctrace-cpu-counters-parse	parse	update_center	track1	update-center.json	7503	/Users/mkbabb/Programming/bbnf-lang	xctrace	rc=0 or rc=54 with saved trace after time-limit/target-exit stop	/tmp/skv12-p1/parse-xctrace/cpu-counters/update_center__track1.trace	/tmp/skv12-p1/pmu/capture_status.tsv	cd /Users/mkbabb/Programming/bbnf-lang && xctrace record --template "CPU Counters" --output /tmp/skv12-p1/parse-xctrace/cpu-counters/update_center__track1.trace --no-prompt --time-limit 1000ms --launch -- /tmp/skv12-profile-target-50bd1648/release/xctrace_probe /Users/mkbabb/Programming/bbnf-lang/skinny/test_data/update-center.json track1 7503	Retained CPU Counters trace bundle; PMU numeric row authority is the probe TSV.
xctrace-cpu-counters	xctrace-cpu-counters-parse	parse	update_center	track2	update-center.json	7503	/Users/mkbabb/Programming/bbnf-lang	xctrace	rc=0 or rc=54 with saved trace after time-limit/target-exit stop	/tmp/skv12-p1/parse-xctrace/cpu-counters/update_center__track2.trace	/tmp/skv12-p1/pmu/capture_status.tsv	cd /Users/mkbabb/Programming/bbnf-lang && xctrace record --template "CPU Counters" --output /tmp/skv12-p1/parse-xctrace/cpu-counters/update_center__track2.trace --no-prompt --time-limit 1000ms --launch -- /tmp/skv12-profile-target-50bd1648/release/xctrace_probe /Users/mkbabb/Programming/bbnf-lang/skinny/test_data/update-center.json track2 7503	Retained CPU Counters trace bundle; PMU numeric row authority is the probe TSV.
xctrace-cpu-counters	xctrace-cpu-counters-parse	parse	y_string_unicode	track1	y_string_unicode.json	100000	/Users/mkbabb/Programming/bbnf-lang	xctrace	rc=0 or rc=54 with saved trace after time-limit/target-exit stop	/tmp/skv12-p1/parse-xctrace/cpu-counters/y_string_unicode__track1.trace	/tmp/skv12-p1/pmu/capture_status.tsv	cd /Users/mkbabb/Programming/bbnf-lang && xctrace record --template "CPU Counters" --output /tmp/skv12-p1/parse-xctrace/cpu-counters/y_string_unicode__track1.trace --no-prompt --time-limit 1000ms --launch -- /tmp/skv12-profile-target-50bd1648/release/xctrace_probe /Users/mkbabb/Programming/bbnf-lang/skinny/test_data/y_string_unicode.json track1 100000	Retained CPU Counters trace bundle; PMU numeric row authority is the probe TSV.
xctrace-cpu-counters	xctrace-cpu-counters-parse	parse	y_string_unicode	track2	y_string_unicode.json	100000	/Users/mkbabb/Programming/bbnf-lang	xctrace	rc=0 or rc=54 with saved trace after time-limit/target-exit stop	/tmp/skv12-p1/parse-xctrace/cpu-counters/y_string_unicode__track2.trace	/tmp/skv12-p1/pmu/capture_status.tsv	cd /Users/mkbabb/Programming/bbnf-lang && xctrace record --template "CPU Counters" --output /tmp/skv12-p1/parse-xctrace/cpu-counters/y_string_unicode__track2.trace --no-prompt --time-limit 1000ms --launch -- /tmp/skv12-profile-target-50bd1648/release/xctrace_probe /Users/mkbabb/Programming/bbnf-lang/skinny/test_data/y_string_unicode.json track2 100000	Retained CPU Counters trace bundle; PMU numeric row authority is the probe TSV.
xctrace-cpu-counters	xctrace-cpu-counters-typed	typed	apache_builds	real_typed_track1	apache_builds	31429	/Users/mkbabb/Programming/bbnf-lang/skinny	xctrace	rc=0 or rc=54 with saved trace after time-limit/target-exit stop	/tmp/skv12-p1/direct-xctrace/cpu-counters/apache_builds__real_typed_track1.trace	/tmp/skv12-p1/pmu/capture_status.tsv	cd /Users/mkbabb/Programming/bbnf-lang/skinny && xctrace record --template "CPU Counters" --output /tmp/skv12-p1/direct-xctrace/cpu-counters/apache_builds__real_typed_track1.trace --no-prompt --time-limit 1000ms --launch -- /tmp/skv12-profile-target-50bd1648/release/profile_direct 31429 apache_builds real_typed_track1	Retained CPU Counters trace bundle; PMU numeric row authority is the probe TSV.
xctrace-cpu-counters	xctrace-cpu-counters-typed	typed	apache_builds	real_typed_track2	apache_builds	31429	/Users/mkbabb/Programming/bbnf-lang/skinny	xctrace	rc=0 or rc=54 with saved trace after time-limit/target-exit stop	/tmp/skv12-p1/direct-xctrace/cpu-counters/apache_builds__real_typed_track2.trace	/tmp/skv12-p1/pmu/capture_status.tsv	cd /Users/mkbabb/Programming/bbnf-lang/skinny && xctrace record --template "CPU Counters" --output /tmp/skv12-p1/direct-xctrace/cpu-counters/apache_builds__real_typed_track2.trace --no-prompt --time-limit 1000ms --launch -- /tmp/skv12-profile-target-50bd1648/release/profile_direct 31429 apache_builds real_typed_track2	Retained CPU Counters trace bundle; PMU numeric row authority is the probe TSV.
xctrace-cpu-counters	xctrace-cpu-counters-typed	typed	citm_catalog	real_typed_track1	citm_catalog	2316	/Users/mkbabb/Programming/bbnf-lang/skinny	xctrace	rc=0 or rc=54 with saved trace after time-limit/target-exit stop	/tmp/skv12-p1/direct-xctrace/cpu-counters/citm_catalog__real_typed_track1.trace	/tmp/skv12-p1/pmu/capture_status.tsv	cd /Users/mkbabb/Programming/bbnf-lang/skinny && xctrace record --template "CPU Counters" --output /tmp/skv12-p1/direct-xctrace/cpu-counters/citm_catalog__real_typed_track1.trace --no-prompt --time-limit 1000ms --launch -- /tmp/skv12-profile-target-50bd1648/release/profile_direct 2316 citm_catalog real_typed_track1	Retained CPU Counters trace bundle; PMU numeric row authority is the probe TSV.
xctrace-cpu-counters	xctrace-cpu-counters-typed	typed	citm_catalog	real_typed_track2	citm_catalog	2316	/Users/mkbabb/Programming/bbnf-lang/skinny	xctrace	rc=0 or rc=54 with saved trace after time-limit/target-exit stop	/tmp/skv12-p1/direct-xctrace/cpu-counters/citm_catalog__real_typed_track2.trace	/tmp/skv12-p1/pmu/capture_status.tsv	cd /Users/mkbabb/Programming/bbnf-lang/skinny && xctrace record --template "CPU Counters" --output /tmp/skv12-p1/direct-xctrace/cpu-counters/citm_catalog__real_typed_track2.trace --no-prompt --time-limit 1000ms --launch -- /tmp/skv12-profile-target-50bd1648/release/profile_direct 2316 citm_catalog real_typed_track2	Retained CPU Counters trace bundle; PMU numeric row authority is the probe TSV.
xctrace-cpu-counters	xctrace-cpu-counters-typed	typed	github_events	real_typed_track1	github_events	61414	/Users/mkbabb/Programming/bbnf-lang/skinny	xctrace	rc=0 or rc=54 with saved trace after time-limit/target-exit stop	/tmp/skv12-p1/direct-xctrace/cpu-counters/github_events__real_typed_track1.trace	/tmp/skv12-p1/pmu/capture_status.tsv	cd /Users/mkbabb/Programming/bbnf-lang/skinny && xctrace record --template "CPU Counters" --output /tmp/skv12-p1/direct-xctrace/cpu-counters/github_events__real_typed_track1.trace --no-prompt --time-limit 1000ms --launch -- /tmp/skv12-profile-target-50bd1648/release/profile_direct 61414 github_events real_typed_track1	Retained CPU Counters trace bundle; PMU numeric row authority is the probe TSV.
xctrace-cpu-counters	xctrace-cpu-counters-typed	typed	github_events	real_typed_track2	github_events	61414	/Users/mkbabb/Programming/bbnf-lang/skinny	xctrace	rc=0 or rc=54 with saved trace after time-limit/target-exit stop	/tmp/skv12-p1/direct-xctrace/cpu-counters/github_events__real_typed_track2.trace	/tmp/skv12-p1/pmu/capture_status.tsv	cd /Users/mkbabb/Programming/bbnf-lang/skinny && xctrace record --template "CPU Counters" --output /tmp/skv12-p1/direct-xctrace/cpu-counters/github_events__real_typed_track2.trace --no-prompt --time-limit 1000ms --launch -- /tmp/skv12-profile-target-50bd1648/release/profile_direct 61414 github_events real_typed_track2	Retained CPU Counters trace bundle; PMU numeric row authority is the probe TSV.
xctrace-cpu-counters	xctrace-cpu-counters-typed	typed	marine_ik	real_typed_track1	marine_ik	1341	/Users/mkbabb/Programming/bbnf-lang/skinny	xctrace	rc=0 or rc=54 with saved trace after time-limit/target-exit stop	/tmp/skv12-p1/direct-xctrace/cpu-counters/marine_ik__real_typed_track1.trace	/tmp/skv12-p1/pmu/capture_status.tsv	cd /Users/mkbabb/Programming/bbnf-lang/skinny && xctrace record --template "CPU Counters" --output /tmp/skv12-p1/direct-xctrace/cpu-counters/marine_ik__real_typed_track1.trace --no-prompt --time-limit 1000ms --launch -- /tmp/skv12-profile-target-50bd1648/release/profile_direct 1341 marine_ik real_typed_track1	Retained CPU Counters trace bundle; PMU numeric row authority is the probe TSV.
xctrace-cpu-counters	xctrace-cpu-counters-typed	typed	marine_ik	real_typed_track2	marine_ik	1341	/Users/mkbabb/Programming/bbnf-lang/skinny	xctrace	rc=0 or rc=54 with saved trace after time-limit/target-exit stop	/tmp/skv12-p1/direct-xctrace/cpu-counters/marine_ik__real_typed_track2.trace	/tmp/skv12-p1/pmu/capture_status.tsv	cd /Users/mkbabb/Programming/bbnf-lang/skinny && xctrace record --template "CPU Counters" --output /tmp/skv12-p1/direct-xctrace/cpu-counters/marine_ik__real_typed_track2.trace --no-prompt --time-limit 1000ms --launch -- /tmp/skv12-profile-target-50bd1648/release/profile_direct 1341 marine_ik real_typed_track2	Retained CPU Counters trace bundle; PMU numeric row authority is the probe TSV.
xctrace-cpu-counters	xctrace-cpu-counters-typed	typed	mesh	real_typed_track1	mesh	5528	/Users/mkbabb/Programming/bbnf-lang/skinny	xctrace	rc=0 or rc=54 with saved trace after time-limit/target-exit stop	/tmp/skv12-p1/direct-xctrace/cpu-counters/mesh__real_typed_track1.trace	/tmp/skv12-p1/pmu/capture_status.tsv	cd /Users/mkbabb/Programming/bbnf-lang/skinny && xctrace record --template "CPU Counters" --output /tmp/skv12-p1/direct-xctrace/cpu-counters/mesh__real_typed_track1.trace --no-prompt --time-limit 1000ms --launch -- /tmp/skv12-profile-target-50bd1648/release/profile_direct 5528 mesh real_typed_track1	Retained CPU Counters trace bundle; PMU numeric row authority is the probe TSV.
xctrace-cpu-counters	xctrace-cpu-counters-typed	typed	mesh	real_typed_track2	mesh	5528	/Users/mkbabb/Programming/bbnf-lang/skinny	xctrace	rc=0 or rc=54 with saved trace after time-limit/target-exit stop	/tmp/skv12-p1/direct-xctrace/cpu-counters/mesh__real_typed_track2.trace	/tmp/skv12-p1/pmu/capture_status.tsv	cd /Users/mkbabb/Programming/bbnf-lang/skinny && xctrace record --template "CPU Counters" --output /tmp/skv12-p1/direct-xctrace/cpu-counters/mesh__real_typed_track2.trace --no-prompt --time-limit 1000ms --launch -- /tmp/skv12-profile-target-50bd1648/release/profile_direct 5528 mesh real_typed_track2	Retained CPU Counters trace bundle; PMU numeric row authority is the probe TSV.
xctrace-cpu-counters	xctrace-cpu-counters-typed	typed	twitter	real_typed_track1	twitter	6334	/Users/mkbabb/Programming/bbnf-lang/skinny	xctrace	rc=0 or rc=54 with saved trace after time-limit/target-exit stop	/tmp/skv12-p1/direct-xctrace/cpu-counters/twitter__real_typed_track1.trace	/tmp/skv12-p1/pmu/capture_status.tsv	cd /Users/mkbabb/Programming/bbnf-lang/skinny && xctrace record --template "CPU Counters" --output /tmp/skv12-p1/direct-xctrace/cpu-counters/twitter__real_typed_track1.trace --no-prompt --time-limit 1000ms --launch -- /tmp/skv12-profile-target-50bd1648/release/profile_direct 6334 twitter real_typed_track1	Retained CPU Counters trace bundle; PMU numeric row authority is the probe TSV.
xctrace-cpu-counters	xctrace-cpu-counters-typed	typed	twitter	real_typed_track2	twitter	6334	/Users/mkbabb/Programming/bbnf-lang/skinny	xctrace	rc=0 or rc=54 with saved trace after time-limit/target-exit stop	/tmp/skv12-p1/direct-xctrace/cpu-counters/twitter__real_typed_track2.trace	/tmp/skv12-p1/pmu/capture_status.tsv	cd /Users/mkbabb/Programming/bbnf-lang/skinny && xctrace record --template "CPU Counters" --output /tmp/skv12-p1/direct-xctrace/cpu-counters/twitter__real_typed_track2.trace --no-prompt --time-limit 1000ms --launch -- /tmp/skv12-profile-target-50bd1648/release/profile_direct 6334 twitter real_typed_track2	Retained CPU Counters trace bundle; PMU numeric row authority is the probe TSV.
xctrace-cpu-counters	xctrace-cpu-counters-typed	typed	update_center	real_typed_track1	update-center	7503	/Users/mkbabb/Programming/bbnf-lang/skinny	xctrace	rc=0 or rc=54 with saved trace after time-limit/target-exit stop	/tmp/skv12-p1/direct-xctrace/cpu-counters/update_center__real_typed_track1.trace	/tmp/skv12-p1/pmu/capture_status.tsv	cd /Users/mkbabb/Programming/bbnf-lang/skinny && xctrace record --template "CPU Counters" --output /tmp/skv12-p1/direct-xctrace/cpu-counters/update_center__real_typed_track1.trace --no-prompt --time-limit 1000ms --launch -- /tmp/skv12-profile-target-50bd1648/release/profile_direct 7503 update-center real_typed_track1	Retained CPU Counters trace bundle; PMU numeric row authority is the probe TSV.
xctrace-cpu-counters	xctrace-cpu-counters-typed	typed	update_center	real_typed_track2	update-center	7503	/Users/mkbabb/Programming/bbnf-lang/skinny	xctrace	rc=0 or rc=54 with saved trace after time-limit/target-exit stop	/tmp/skv12-p1/direct-xctrace/cpu-counters/update_center__real_typed_track2.trace	/tmp/skv12-p1/pmu/capture_status.tsv	cd /Users/mkbabb/Programming/bbnf-lang/skinny && xctrace record --template "CPU Counters" --output /tmp/skv12-p1/direct-xctrace/cpu-counters/update_center__real_typed_track2.trace --no-prompt --time-limit 1000ms --launch -- /tmp/skv12-profile-target-50bd1648/release/profile_direct 7503 update-center real_typed_track2	Retained CPU Counters trace bundle; PMU numeric row authority is the probe TSV.
xctrace-time-profiler-export	xctrace-time-profiler-export-parse	parse	apache_builds	track1	apache_builds.json	31429	/Users/mkbabb/Programming/bbnf-lang	xctrace	rc=0 required	/tmp/skv12-p1/parse-xctrace/exports/apache_builds__track1.time-profile.xml	/tmp/skv12-p1/time_profile_export_status.tsv	xctrace export --input /tmp/skv12-p1/parse-xctrace/time-profiler/apache_builds__track1.trace --xpath "/trace-toc/run[@number=\"1\"]/data/table[@schema=\"time-profile\"]" > /tmp/skv12-p1/parse-xctrace/exports/apache_builds__track1.time-profile.xml	Parse Time Profiler XML export; feeds the derived self-time TSVs.
xctrace-time-profiler-export	xctrace-time-profiler-export-parse	parse	apache_builds	track2	apache_builds.json	31429	/Users/mkbabb/Programming/bbnf-lang	xctrace	rc=0 required	/tmp/skv12-p1/parse-xctrace/exports/apache_builds__track2.time-profile.xml	/tmp/skv12-p1/time_profile_export_status.tsv	xctrace export --input /tmp/skv12-p1/parse-xctrace/time-profiler/apache_builds__track2.trace --xpath "/trace-toc/run[@number=\"1\"]/data/table[@schema=\"time-profile\"]" > /tmp/skv12-p1/parse-xctrace/exports/apache_builds__track2.time-profile.xml	Parse Time Profiler XML export; feeds the derived self-time TSVs.
xctrace-time-profiler-export	xctrace-time-profiler-export-parse	parse	canada	track1	canada.json	1777	/Users/mkbabb/Programming/bbnf-lang	xctrace	rc=0 required	/tmp/skv12-p1/parse-xctrace/exports/canada__track1.time-profile.xml	/tmp/skv12-p1/time_profile_export_status.tsv	xctrace export --input /tmp/skv12-p1/parse-xctrace/time-profiler/canada__track1.trace --xpath "/trace-toc/run[@number=\"1\"]/data/table[@schema=\"time-profile\"]" > /tmp/skv12-p1/parse-xctrace/exports/canada__track1.time-profile.xml	Parse Time Profiler XML export; feeds the derived self-time TSVs.
xctrace-time-profiler-export	xctrace-time-profiler-export-parse	parse	canada	track2	canada.json	1777	/Users/mkbabb/Programming/bbnf-lang	xctrace	rc=0 required	/tmp/skv12-p1/parse-xctrace/exports/canada__track2.time-profile.xml	/tmp/skv12-p1/time_profile_export_status.tsv	xctrace export --input /tmp/skv12-p1/parse-xctrace/time-profiler/canada__track2.trace --xpath "/trace-toc/run[@number=\"1\"]/data/table[@schema=\"time-profile\"]" > /tmp/skv12-p1/parse-xctrace/exports/canada__track2.time-profile.xml	Parse Time Profiler XML export; feeds the derived self-time TSVs.
xctrace-time-profiler-export	xctrace-time-profiler-export-parse	parse	citm_catalog	track1	citm_catalog.json	2316	/Users/mkbabb/Programming/bbnf-lang	xctrace	rc=0 required	/tmp/skv12-p1/parse-xctrace/exports/citm_catalog__track1.time-profile.xml	/tmp/skv12-p1/time_profile_export_status.tsv	xctrace export --input /tmp/skv12-p1/parse-xctrace/time-profiler/citm_catalog__track1.trace --xpath "/trace-toc/run[@number=\"1\"]/data/table[@schema=\"time-profile\"]" > /tmp/skv12-p1/parse-xctrace/exports/citm_catalog__track1.time-profile.xml	Parse Time Profiler XML export; feeds the derived self-time TSVs.
xctrace-time-profiler-export	xctrace-time-profiler-export-parse	parse	citm_catalog	track2	citm_catalog.json	2316	/Users/mkbabb/Programming/bbnf-lang	xctrace	rc=0 required	/tmp/skv12-p1/parse-xctrace/exports/citm_catalog__track2.time-profile.xml	/tmp/skv12-p1/time_profile_export_status.tsv	xctrace export --input /tmp/skv12-p1/parse-xctrace/time-profiler/citm_catalog__track2.trace --xpath "/trace-toc/run[@number=\"1\"]/data/table[@schema=\"time-profile\"]" > /tmp/skv12-p1/parse-xctrace/exports/citm_catalog__track2.time-profile.xml	Parse Time Profiler XML export; feeds the derived self-time TSVs.
xctrace-time-profiler-export	xctrace-time-profiler-export-parse	parse	distinct_values	track1	distinct_values.json	26037	/Users/mkbabb/Programming/bbnf-lang	xctrace	rc=0 required	/tmp/skv12-p1/parse-xctrace/exports/distinct_values__track1.time-profile.xml	/tmp/skv12-p1/time_profile_export_status.tsv	xctrace export --input /tmp/skv12-p1/parse-xctrace/time-profiler/distinct_values__track1.trace --xpath "/trace-toc/run[@number=\"1\"]/data/table[@schema=\"time-profile\"]" > /tmp/skv12-p1/parse-xctrace/exports/distinct_values__track1.time-profile.xml	Parse Time Profiler XML export; feeds the derived self-time TSVs.
xctrace-time-profiler-export	xctrace-time-profiler-export-parse	parse	distinct_values	track2	distinct_values.json	26037	/Users/mkbabb/Programming/bbnf-lang	xctrace	rc=0 required	/tmp/skv12-p1/parse-xctrace/exports/distinct_values__track2.time-profile.xml	/tmp/skv12-p1/time_profile_export_status.tsv	xctrace export --input /tmp/skv12-p1/parse-xctrace/time-profiler/distinct_values__track2.trace --xpath "/trace-toc/run[@number=\"1\"]/data/table[@schema=\"time-profile\"]" > /tmp/skv12-p1/parse-xctrace/exports/distinct_values__track2.time-profile.xml	Parse Time Profiler XML export; feeds the derived self-time TSVs.
xctrace-time-profiler-export	xctrace-time-profiler-export-parse	parse	github_events	track1	github_events.json	61414	/Users/mkbabb/Programming/bbnf-lang	xctrace	rc=0 required	/tmp/skv12-p1/parse-xctrace/exports/github_events__track1.time-profile.xml	/tmp/skv12-p1/time_profile_export_status.tsv	xctrace export --input /tmp/skv12-p1/parse-xctrace/time-profiler/github_events__track1.trace --xpath "/trace-toc/run[@number=\"1\"]/data/table[@schema=\"time-profile\"]" > /tmp/skv12-p1/parse-xctrace/exports/github_events__track1.time-profile.xml	Parse Time Profiler XML export; feeds the derived self-time TSVs.
xctrace-time-profiler-export	xctrace-time-profiler-export-parse	parse	github_events	track2	github_events.json	61414	/Users/mkbabb/Programming/bbnf-lang	xctrace	rc=0 required	/tmp/skv12-p1/parse-xctrace/exports/github_events__track2.time-profile.xml	/tmp/skv12-p1/time_profile_export_status.tsv	xctrace export --input /tmp/skv12-p1/parse-xctrace/time-profiler/github_events__track2.trace --xpath "/trace-toc/run[@number=\"1\"]/data/table[@schema=\"time-profile\"]" > /tmp/skv12-p1/parse-xctrace/exports/github_events__track2.time-profile.xml	Parse Time Profiler XML export; feeds the derived self-time TSVs.
xctrace-time-profiler-export	xctrace-time-profiler-export-parse	parse	gsoc-2018	track1	gsoc-2018.json	1202	/Users/mkbabb/Programming/bbnf-lang	xctrace	rc=0 required	/tmp/skv12-p1/parse-xctrace/exports/gsoc-2018__track1.time-profile.xml	/tmp/skv12-p1/time_profile_export_status.tsv	xctrace export --input /tmp/skv12-p1/parse-xctrace/time-profiler/gsoc-2018__track1.trace --xpath "/trace-toc/run[@number=\"1\"]/data/table[@schema=\"time-profile\"]" > /tmp/skv12-p1/parse-xctrace/exports/gsoc-2018__track1.time-profile.xml	Parse Time Profiler XML export; feeds the derived self-time TSVs.
xctrace-time-profiler-export	xctrace-time-profiler-export-parse	parse	gsoc-2018	track2	gsoc-2018.json	1202	/Users/mkbabb/Programming/bbnf-lang	xctrace	rc=0 required	/tmp/skv12-p1/parse-xctrace/exports/gsoc-2018__track2.time-profile.xml	/tmp/skv12-p1/time_profile_export_status.tsv	xctrace export --input /tmp/skv12-p1/parse-xctrace/time-profiler/gsoc-2018__track2.trace --xpath "/trace-toc/run[@number=\"1\"]/data/table[@schema=\"time-profile\"]" > /tmp/skv12-p1/parse-xctrace/exports/gsoc-2018__track2.time-profile.xml	Parse Time Profiler XML export; feeds the derived self-time TSVs.
xctrace-time-profiler-export	xctrace-time-profiler-export-parse	parse	instruments	track1	instruments.json	18154	/Users/mkbabb/Programming/bbnf-lang	xctrace	rc=0 required	/tmp/skv12-p1/parse-xctrace/exports/instruments__track1.time-profile.xml	/tmp/skv12-p1/time_profile_export_status.tsv	xctrace export --input /tmp/skv12-p1/parse-xctrace/time-profiler/instruments__track1.trace --xpath "/trace-toc/run[@number=\"1\"]/data/table[@schema=\"time-profile\"]" > /tmp/skv12-p1/parse-xctrace/exports/instruments__track1.time-profile.xml	Parse Time Profiler XML export; feeds the derived self-time TSVs.
xctrace-time-profiler-export	xctrace-time-profiler-export-parse	parse	instruments	track2	instruments.json	18154	/Users/mkbabb/Programming/bbnf-lang	xctrace	rc=0 required	/tmp/skv12-p1/parse-xctrace/exports/instruments__track2.time-profile.xml	/tmp/skv12-p1/time_profile_export_status.tsv	xctrace export --input /tmp/skv12-p1/parse-xctrace/time-profiler/instruments__track2.trace --xpath "/trace-toc/run[@number=\"1\"]/data/table[@schema=\"time-profile\"]" > /tmp/skv12-p1/parse-xctrace/exports/instruments__track2.time-profile.xml	Parse Time Profiler XML export; feeds the derived self-time TSVs.
xctrace-time-profiler-export	xctrace-time-profiler-export-parse	parse	marine_ik	track1	marine_ik.json	1341	/Users/mkbabb/Programming/bbnf-lang	xctrace	rc=0 required	/tmp/skv12-p1/parse-xctrace/exports/marine_ik__track1.time-profile.xml	/tmp/skv12-p1/time_profile_export_status.tsv	xctrace export --input /tmp/skv12-p1/parse-xctrace/time-profiler/marine_ik__track1.trace --xpath "/trace-toc/run[@number=\"1\"]/data/table[@schema=\"time-profile\"]" > /tmp/skv12-p1/parse-xctrace/exports/marine_ik__track1.time-profile.xml	Parse Time Profiler XML export; feeds the derived self-time TSVs.
xctrace-time-profiler-export	xctrace-time-profiler-export-parse	parse	marine_ik	track2	marine_ik.json	1341	/Users/mkbabb/Programming/bbnf-lang	xctrace	rc=0 required	/tmp/skv12-p1/parse-xctrace/exports/marine_ik__track2.time-profile.xml	/tmp/skv12-p1/time_profile_export_status.tsv	xctrace export --input /tmp/skv12-p1/parse-xctrace/time-profiler/marine_ik__track2.trace --xpath "/trace-toc/run[@number=\"1\"]/data/table[@schema=\"time-profile\"]" > /tmp/skv12-p1/parse-xctrace/exports/marine_ik__track2.time-profile.xml	Parse Time Profiler XML export; feeds the derived self-time TSVs.
xctrace-time-profiler-export	xctrace-time-profiler-export-parse	parse	mesh	track1	mesh.json	5528	/Users/mkbabb/Programming/bbnf-lang	xctrace	rc=0 required	/tmp/skv12-p1/parse-xctrace/exports/mesh__track1.time-profile.xml	/tmp/skv12-p1/time_profile_export_status.tsv	xctrace export --input /tmp/skv12-p1/parse-xctrace/time-profiler/mesh__track1.trace --xpath "/trace-toc/run[@number=\"1\"]/data/table[@schema=\"time-profile\"]" > /tmp/skv12-p1/parse-xctrace/exports/mesh__track1.time-profile.xml	Parse Time Profiler XML export; feeds the derived self-time TSVs.
xctrace-time-profiler-export	xctrace-time-profiler-export-parse	parse	mesh	track2	mesh.json	5528	/Users/mkbabb/Programming/bbnf-lang	xctrace	rc=0 required	/tmp/skv12-p1/parse-xctrace/exports/mesh__track2.time-profile.xml	/tmp/skv12-p1/time_profile_export_status.tsv	xctrace export --input /tmp/skv12-p1/parse-xctrace/time-profiler/mesh__track2.trace --xpath "/trace-toc/run[@number=\"1\"]/data/table[@schema=\"time-profile\"]" > /tmp/skv12-p1/parse-xctrace/exports/mesh__track2.time-profile.xml	Parse Time Profiler XML export; feeds the derived self-time TSVs.
xctrace-time-profiler-export	xctrace-time-profiler-export-parse	parse	numbers	track1	numbers.json	26645	/Users/mkbabb/Programming/bbnf-lang	xctrace	rc=0 required	/tmp/skv12-p1/parse-xctrace/exports/numbers__track1.time-profile.xml	/tmp/skv12-p1/time_profile_export_status.tsv	xctrace export --input /tmp/skv12-p1/parse-xctrace/time-profiler/numbers__track1.trace --xpath "/trace-toc/run[@number=\"1\"]/data/table[@schema=\"time-profile\"]" > /tmp/skv12-p1/parse-xctrace/exports/numbers__track1.time-profile.xml	Parse Time Profiler XML export; feeds the derived self-time TSVs.
xctrace-time-profiler-export	xctrace-time-profiler-export-parse	parse	numbers	track2	numbers.json	26645	/Users/mkbabb/Programming/bbnf-lang	xctrace	rc=0 required	/tmp/skv12-p1/parse-xctrace/exports/numbers__track2.time-profile.xml	/tmp/skv12-p1/time_profile_export_status.tsv	xctrace export --input /tmp/skv12-p1/parse-xctrace/time-profiler/numbers__track2.trace --xpath "/trace-toc/run[@number=\"1\"]/data/table[@schema=\"time-profile\"]" > /tmp/skv12-p1/parse-xctrace/exports/numbers__track2.time-profile.xml	Parse Time Profiler XML export; feeds the derived self-time TSVs.
xctrace-time-profiler-export	xctrace-time-profiler-export-parse	parse	random	track1	random.json	7836	/Users/mkbabb/Programming/bbnf-lang	xctrace	rc=0 required	/tmp/skv12-p1/parse-xctrace/exports/random__track1.time-profile.xml	/tmp/skv12-p1/time_profile_export_status.tsv	xctrace export --input /tmp/skv12-p1/parse-xctrace/time-profiler/random__track1.trace --xpath "/trace-toc/run[@number=\"1\"]/data/table[@schema=\"time-profile\"]" > /tmp/skv12-p1/parse-xctrace/exports/random__track1.time-profile.xml	Parse Time Profiler XML export; feeds the derived self-time TSVs.
xctrace-time-profiler-export	xctrace-time-profiler-export-parse	parse	random	track2	random.json	7836	/Users/mkbabb/Programming/bbnf-lang	xctrace	rc=0 required	/tmp/skv12-p1/parse-xctrace/exports/random__track2.time-profile.xml	/tmp/skv12-p1/time_profile_export_status.tsv	xctrace export --input /tmp/skv12-p1/parse-xctrace/time-profiler/random__track2.trace --xpath "/trace-toc/run[@number=\"1\"]/data/table[@schema=\"time-profile\"]" > /tmp/skv12-p1/parse-xctrace/exports/random__track2.time-profile.xml	Parse Time Profiler XML export; feeds the derived self-time TSVs.
xctrace-time-profiler-export	xctrace-time-profiler-export-parse	parse	twitter	track1	twitter.json	6334	/Users/mkbabb/Programming/bbnf-lang	xctrace	rc=0 required	/tmp/skv12-p1/parse-xctrace/exports/twitter__track1.time-profile.xml	/tmp/skv12-p1/time_profile_export_status.tsv	xctrace export --input /tmp/skv12-p1/parse-xctrace/time-profiler/twitter__track1.trace --xpath "/trace-toc/run[@number=\"1\"]/data/table[@schema=\"time-profile\"]" > /tmp/skv12-p1/parse-xctrace/exports/twitter__track1.time-profile.xml	Parse Time Profiler XML export; feeds the derived self-time TSVs.
xctrace-time-profiler-export	xctrace-time-profiler-export-parse	parse	twitter	track2	twitter.json	6334	/Users/mkbabb/Programming/bbnf-lang	xctrace	rc=0 required	/tmp/skv12-p1/parse-xctrace/exports/twitter__track2.time-profile.xml	/tmp/skv12-p1/time_profile_export_status.tsv	xctrace export --input /tmp/skv12-p1/parse-xctrace/time-profiler/twitter__track2.trace --xpath "/trace-toc/run[@number=\"1\"]/data/table[@schema=\"time-profile\"]" > /tmp/skv12-p1/parse-xctrace/exports/twitter__track2.time-profile.xml	Parse Time Profiler XML export; feeds the derived self-time TSVs.
xctrace-time-profiler-export	xctrace-time-profiler-export-parse	parse	unicode_basic	track1	unicode_basic.json	3815	/Users/mkbabb/Programming/bbnf-lang	xctrace	rc=0 required	/tmp/skv12-p1/parse-xctrace/exports/unicode_basic__track1.time-profile.xml	/tmp/skv12-p1/time_profile_export_status.tsv	xctrace export --input /tmp/skv12-p1/parse-xctrace/time-profiler/unicode_basic__track1.trace --xpath "/trace-toc/run[@number=\"1\"]/data/table[@schema=\"time-profile\"]" > /tmp/skv12-p1/parse-xctrace/exports/unicode_basic__track1.time-profile.xml	Parse Time Profiler XML export; feeds the derived self-time TSVs.
xctrace-time-profiler-export	xctrace-time-profiler-export-parse	parse	unicode_basic	track2	unicode_basic.json	3815	/Users/mkbabb/Programming/bbnf-lang	xctrace	rc=0 required	/tmp/skv12-p1/parse-xctrace/exports/unicode_basic__track2.time-profile.xml	/tmp/skv12-p1/time_profile_export_status.tsv	xctrace export --input /tmp/skv12-p1/parse-xctrace/time-profiler/unicode_basic__track2.trace --xpath "/trace-toc/run[@number=\"1\"]/data/table[@schema=\"time-profile\"]" > /tmp/skv12-p1/parse-xctrace/exports/unicode_basic__track2.time-profile.xml	Parse Time Profiler XML export; feeds the derived self-time TSVs.
xctrace-time-profiler-export	xctrace-time-profiler-export-parse	parse	unicode_escapes	track1	unicode_escapes.json	3807	/Users/mkbabb/Programming/bbnf-lang	xctrace	rc=0 required	/tmp/skv12-p1/parse-xctrace/exports/unicode_escapes__track1.time-profile.xml	/tmp/skv12-p1/time_profile_export_status.tsv	xctrace export --input /tmp/skv12-p1/parse-xctrace/time-profiler/unicode_escapes__track1.trace --xpath "/trace-toc/run[@number=\"1\"]/data/table[@schema=\"time-profile\"]" > /tmp/skv12-p1/parse-xctrace/exports/unicode_escapes__track1.time-profile.xml	Parse Time Profiler XML export; feeds the derived self-time TSVs.
xctrace-time-profiler-export	xctrace-time-profiler-export-parse	parse	unicode_escapes	track2	unicode_escapes.json	3807	/Users/mkbabb/Programming/bbnf-lang	xctrace	rc=0 required	/tmp/skv12-p1/parse-xctrace/exports/unicode_escapes__track2.time-profile.xml	/tmp/skv12-p1/time_profile_export_status.tsv	xctrace export --input /tmp/skv12-p1/parse-xctrace/time-profiler/unicode_escapes__track2.trace --xpath "/trace-toc/run[@number=\"1\"]/data/table[@schema=\"time-profile\"]" > /tmp/skv12-p1/parse-xctrace/exports/unicode_escapes__track2.time-profile.xml	Parse Time Profiler XML export; feeds the derived self-time TSVs.
xctrace-time-profiler-export	xctrace-time-profiler-export-parse	parse	unicode_mixed	track1	unicode_mixed.json	3799	/Users/mkbabb/Programming/bbnf-lang	xctrace	rc=0 required	/tmp/skv12-p1/parse-xctrace/exports/unicode_mixed__track1.time-profile.xml	/tmp/skv12-p1/time_profile_export_status.tsv	xctrace export --input /tmp/skv12-p1/parse-xctrace/time-profiler/unicode_mixed__track1.trace --xpath "/trace-toc/run[@number=\"1\"]/data/table[@schema=\"time-profile\"]" > /tmp/skv12-p1/parse-xctrace/exports/unicode_mixed__track1.time-profile.xml	Parse Time Profiler XML export; feeds the derived self-time TSVs.
xctrace-time-profiler-export	xctrace-time-profiler-export-parse	parse	unicode_mixed	track2	unicode_mixed.json	3799	/Users/mkbabb/Programming/bbnf-lang	xctrace	rc=0 required	/tmp/skv12-p1/parse-xctrace/exports/unicode_mixed__track2.time-profile.xml	/tmp/skv12-p1/time_profile_export_status.tsv	xctrace export --input /tmp/skv12-p1/parse-xctrace/time-profiler/unicode_mixed__track2.trace --xpath "/trace-toc/run[@number=\"1\"]/data/table[@schema=\"time-profile\"]" > /tmp/skv12-p1/parse-xctrace/exports/unicode_mixed__track2.time-profile.xml	Parse Time Profiler XML export; feeds the derived self-time TSVs.
xctrace-time-profiler-export	xctrace-time-profiler-export-parse	parse	update_center	track1	update-center.json	7503	/Users/mkbabb/Programming/bbnf-lang	xctrace	rc=0 required	/tmp/skv12-p1/parse-xctrace/exports/update_center__track1.time-profile.xml	/tmp/skv12-p1/time_profile_export_status.tsv	xctrace export --input /tmp/skv12-p1/parse-xctrace/time-profiler/update_center__track1.trace --xpath "/trace-toc/run[@number=\"1\"]/data/table[@schema=\"time-profile\"]" > /tmp/skv12-p1/parse-xctrace/exports/update_center__track1.time-profile.xml	Parse Time Profiler XML export; feeds the derived self-time TSVs.
xctrace-time-profiler-export	xctrace-time-profiler-export-parse	parse	update_center	track2	update-center.json	7503	/Users/mkbabb/Programming/bbnf-lang	xctrace	rc=0 required	/tmp/skv12-p1/parse-xctrace/exports/update_center__track2.time-profile.xml	/tmp/skv12-p1/time_profile_export_status.tsv	xctrace export --input /tmp/skv12-p1/parse-xctrace/time-profiler/update_center__track2.trace --xpath "/trace-toc/run[@number=\"1\"]/data/table[@schema=\"time-profile\"]" > /tmp/skv12-p1/parse-xctrace/exports/update_center__track2.time-profile.xml	Parse Time Profiler XML export; feeds the derived self-time TSVs.
xctrace-time-profiler-export	xctrace-time-profiler-export-parse	parse	y_string_unicode	track1	y_string_unicode.json	100000	/Users/mkbabb/Programming/bbnf-lang	xctrace	rc=0 required	/tmp/skv12-p1/parse-xctrace/exports/y_string_unicode__track1.time-profile.xml	/tmp/skv12-p1/time_profile_export_status.tsv	xctrace export --input /tmp/skv12-p1/parse-xctrace/time-profiler/y_string_unicode__track1.trace --xpath "/trace-toc/run[@number=\"1\"]/data/table[@schema=\"time-profile\"]" > /tmp/skv12-p1/parse-xctrace/exports/y_string_unicode__track1.time-profile.xml	Parse Time Profiler XML export; feeds the derived self-time TSVs.
xctrace-time-profiler-export	xctrace-time-profiler-export-parse	parse	y_string_unicode	track2	y_string_unicode.json	100000	/Users/mkbabb/Programming/bbnf-lang	xctrace	rc=0 required	/tmp/skv12-p1/parse-xctrace/exports/y_string_unicode__track2.time-profile.xml	/tmp/skv12-p1/time_profile_export_status.tsv	xctrace export --input /tmp/skv12-p1/parse-xctrace/time-profiler/y_string_unicode__track2.trace --xpath "/trace-toc/run[@number=\"1\"]/data/table[@schema=\"time-profile\"]" > /tmp/skv12-p1/parse-xctrace/exports/y_string_unicode__track2.time-profile.xml	Parse Time Profiler XML export; feeds the derived self-time TSVs.
xctrace-time-profiler-export-primary	xctrace-time-profiler-export-direct	direct	apache_builds	track1	apache_builds	31429	/Users/mkbabb/Programming/bbnf-lang	xctrace	rc=0 required	/tmp/skv12-p1/direct-xctrace/exports/apache_builds__track1.time-profile.xml	/tmp/skv12-p1/time_profile_export_status.tsv	xctrace export --input /tmp/skv12-p1/direct-xctrace/time-profiler/apache_builds__track1.trace --xpath "/trace-toc/run[@number=\"1\"]/data/table[@schema=\"time-profile\"]" > /tmp/skv12-p1/direct-xctrace/exports/apache_builds__track1.time-profile.xml	Original product Time Profiler XML export; retained but superseded for self-time by product-v2.
xctrace-time-profiler-export-primary	xctrace-time-profiler-export-direct	direct	apache_builds	track2	apache_builds	31429	/Users/mkbabb/Programming/bbnf-lang	xctrace	rc=0 required	/tmp/skv12-p1/direct-xctrace/exports/apache_builds__track2.time-profile.xml	/tmp/skv12-p1/time_profile_export_status.tsv	xctrace export --input /tmp/skv12-p1/direct-xctrace/time-profiler/apache_builds__track2.trace --xpath "/trace-toc/run[@number=\"1\"]/data/table[@schema=\"time-profile\"]" > /tmp/skv12-p1/direct-xctrace/exports/apache_builds__track2.time-profile.xml	Original product Time Profiler XML export; retained but superseded for self-time by product-v2.
xctrace-time-profiler-export-primary	xctrace-time-profiler-export-direct	direct	canada	track1	canada	1777	/Users/mkbabb/Programming/bbnf-lang	xctrace	rc=0 required	/tmp/skv12-p1/direct-xctrace/exports/canada__track1.time-profile.xml	/tmp/skv12-p1/time_profile_export_status.tsv	xctrace export --input /tmp/skv12-p1/direct-xctrace/time-profiler/canada__track1.trace --xpath "/trace-toc/run[@number=\"1\"]/data/table[@schema=\"time-profile\"]" > /tmp/skv12-p1/direct-xctrace/exports/canada__track1.time-profile.xml	Original product Time Profiler XML export; retained but superseded for self-time by product-v2.
xctrace-time-profiler-export-primary	xctrace-time-profiler-export-direct	direct	canada	track2	canada	1777	/Users/mkbabb/Programming/bbnf-lang	xctrace	rc=0 required	/tmp/skv12-p1/direct-xctrace/exports/canada__track2.time-profile.xml	/tmp/skv12-p1/time_profile_export_status.tsv	xctrace export --input /tmp/skv12-p1/direct-xctrace/time-profiler/canada__track2.trace --xpath "/trace-toc/run[@number=\"1\"]/data/table[@schema=\"time-profile\"]" > /tmp/skv12-p1/direct-xctrace/exports/canada__track2.time-profile.xml	Original product Time Profiler XML export; retained but superseded for self-time by product-v2.
xctrace-time-profiler-export-primary	xctrace-time-profiler-export-direct	direct	citm_catalog	track1	citm_catalog	2316	/Users/mkbabb/Programming/bbnf-lang	xctrace	rc=0 required	/tmp/skv12-p1/direct-xctrace/exports/citm_catalog__track1.time-profile.xml	/tmp/skv12-p1/time_profile_export_status.tsv	xctrace export --input /tmp/skv12-p1/direct-xctrace/time-profiler/citm_catalog__track1.trace --xpath "/trace-toc/run[@number=\"1\"]/data/table[@schema=\"time-profile\"]" > /tmp/skv12-p1/direct-xctrace/exports/citm_catalog__track1.time-profile.xml	Original product Time Profiler XML export; retained but superseded for self-time by product-v2.
xctrace-time-profiler-export-primary	xctrace-time-profiler-export-direct	direct	citm_catalog	track2	citm_catalog	2316	/Users/mkbabb/Programming/bbnf-lang	xctrace	rc=0 required	/tmp/skv12-p1/direct-xctrace/exports/citm_catalog__track2.time-profile.xml	/tmp/skv12-p1/time_profile_export_status.tsv	xctrace export --input /tmp/skv12-p1/direct-xctrace/time-profiler/citm_catalog__track2.trace --xpath "/trace-toc/run[@number=\"1\"]/data/table[@schema=\"time-profile\"]" > /tmp/skv12-p1/direct-xctrace/exports/citm_catalog__track2.time-profile.xml	Original product Time Profiler XML export; retained but superseded for self-time by product-v2.
xctrace-time-profiler-export-primary	xctrace-time-profiler-export-direct	direct	distinct_values	track1	distinct_values	26037	/Users/mkbabb/Programming/bbnf-lang	xctrace	rc=0 required	/tmp/skv12-p1/direct-xctrace/exports/distinct_values__track1.time-profile.xml	/tmp/skv12-p1/time_profile_export_status.tsv	xctrace export --input /tmp/skv12-p1/direct-xctrace/time-profiler/distinct_values__track1.trace --xpath "/trace-toc/run[@number=\"1\"]/data/table[@schema=\"time-profile\"]" > /tmp/skv12-p1/direct-xctrace/exports/distinct_values__track1.time-profile.xml	Original product Time Profiler XML export; retained but superseded for self-time by product-v2.
xctrace-time-profiler-export-primary	xctrace-time-profiler-export-direct	direct	distinct_values	track2	distinct_values	26037	/Users/mkbabb/Programming/bbnf-lang	xctrace	rc=0 required	/tmp/skv12-p1/direct-xctrace/exports/distinct_values__track2.time-profile.xml	/tmp/skv12-p1/time_profile_export_status.tsv	xctrace export --input /tmp/skv12-p1/direct-xctrace/time-profiler/distinct_values__track2.trace --xpath "/trace-toc/run[@number=\"1\"]/data/table[@schema=\"time-profile\"]" > /tmp/skv12-p1/direct-xctrace/exports/distinct_values__track2.time-profile.xml	Original product Time Profiler XML export; retained but superseded for self-time by product-v2.
xctrace-time-profiler-export-primary	xctrace-time-profiler-export-direct	direct	github_events	track1	github_events	61414	/Users/mkbabb/Programming/bbnf-lang	xctrace	rc=0 required	/tmp/skv12-p1/direct-xctrace/exports/github_events__track1.time-profile.xml	/tmp/skv12-p1/time_profile_export_status.tsv	xctrace export --input /tmp/skv12-p1/direct-xctrace/time-profiler/github_events__track1.trace --xpath "/trace-toc/run[@number=\"1\"]/data/table[@schema=\"time-profile\"]" > /tmp/skv12-p1/direct-xctrace/exports/github_events__track1.time-profile.xml	Original product Time Profiler XML export; retained but superseded for self-time by product-v2.
xctrace-time-profiler-export-primary	xctrace-time-profiler-export-direct	direct	github_events	track2	github_events	61414	/Users/mkbabb/Programming/bbnf-lang	xctrace	rc=0 required	/tmp/skv12-p1/direct-xctrace/exports/github_events__track2.time-profile.xml	/tmp/skv12-p1/time_profile_export_status.tsv	xctrace export --input /tmp/skv12-p1/direct-xctrace/time-profiler/github_events__track2.trace --xpath "/trace-toc/run[@number=\"1\"]/data/table[@schema=\"time-profile\"]" > /tmp/skv12-p1/direct-xctrace/exports/github_events__track2.time-profile.xml	Original product Time Profiler XML export; retained but superseded for self-time by product-v2.
xctrace-time-profiler-export-primary	xctrace-time-profiler-export-direct	direct	gsoc-2018	track1	gsoc-2018	1202	/Users/mkbabb/Programming/bbnf-lang	xctrace	rc=0 required	/tmp/skv12-p1/direct-xctrace/exports/gsoc-2018__track1.time-profile.xml	/tmp/skv12-p1/time_profile_export_status.tsv	xctrace export --input /tmp/skv12-p1/direct-xctrace/time-profiler/gsoc-2018__track1.trace --xpath "/trace-toc/run[@number=\"1\"]/data/table[@schema=\"time-profile\"]" > /tmp/skv12-p1/direct-xctrace/exports/gsoc-2018__track1.time-profile.xml	Original product Time Profiler XML export; retained but superseded for self-time by product-v2.
xctrace-time-profiler-export-primary	xctrace-time-profiler-export-direct	direct	gsoc-2018	track2	gsoc-2018	1202	/Users/mkbabb/Programming/bbnf-lang	xctrace	rc=0 required	/tmp/skv12-p1/direct-xctrace/exports/gsoc-2018__track2.time-profile.xml	/tmp/skv12-p1/time_profile_export_status.tsv	xctrace export --input /tmp/skv12-p1/direct-xctrace/time-profiler/gsoc-2018__track2.trace --xpath "/trace-toc/run[@number=\"1\"]/data/table[@schema=\"time-profile\"]" > /tmp/skv12-p1/direct-xctrace/exports/gsoc-2018__track2.time-profile.xml	Original product Time Profiler XML export; retained but superseded for self-time by product-v2.
xctrace-time-profiler-export-primary	xctrace-time-profiler-export-direct	direct	instruments	track1	instruments	18154	/Users/mkbabb/Programming/bbnf-lang	xctrace	rc=0 required	/tmp/skv12-p1/direct-xctrace/exports/instruments__track1.time-profile.xml	/tmp/skv12-p1/time_profile_export_status.tsv	xctrace export --input /tmp/skv12-p1/direct-xctrace/time-profiler/instruments__track1.trace --xpath "/trace-toc/run[@number=\"1\"]/data/table[@schema=\"time-profile\"]" > /tmp/skv12-p1/direct-xctrace/exports/instruments__track1.time-profile.xml	Original product Time Profiler XML export; retained but superseded for self-time by product-v2.
xctrace-time-profiler-export-primary	xctrace-time-profiler-export-direct	direct	instruments	track2	instruments	18154	/Users/mkbabb/Programming/bbnf-lang	xctrace	rc=0 required	/tmp/skv12-p1/direct-xctrace/exports/instruments__track2.time-profile.xml	/tmp/skv12-p1/time_profile_export_status.tsv	xctrace export --input /tmp/skv12-p1/direct-xctrace/time-profiler/instruments__track2.trace --xpath "/trace-toc/run[@number=\"1\"]/data/table[@schema=\"time-profile\"]" > /tmp/skv12-p1/direct-xctrace/exports/instruments__track2.time-profile.xml	Original product Time Profiler XML export; retained but superseded for self-time by product-v2.
xctrace-time-profiler-export-primary	xctrace-time-profiler-export-direct	direct	marine_ik	track1	marine_ik	1341	/Users/mkbabb/Programming/bbnf-lang	xctrace	rc=0 required	/tmp/skv12-p1/direct-xctrace/exports/marine_ik__track1.time-profile.xml	/tmp/skv12-p1/time_profile_export_status.tsv	xctrace export --input /tmp/skv12-p1/direct-xctrace/time-profiler/marine_ik__track1.trace --xpath "/trace-toc/run[@number=\"1\"]/data/table[@schema=\"time-profile\"]" > /tmp/skv12-p1/direct-xctrace/exports/marine_ik__track1.time-profile.xml	Original product Time Profiler XML export; retained but superseded for self-time by product-v2.
xctrace-time-profiler-export-primary	xctrace-time-profiler-export-direct	direct	marine_ik	track2	marine_ik	1341	/Users/mkbabb/Programming/bbnf-lang	xctrace	rc=0 required	/tmp/skv12-p1/direct-xctrace/exports/marine_ik__track2.time-profile.xml	/tmp/skv12-p1/time_profile_export_status.tsv	xctrace export --input /tmp/skv12-p1/direct-xctrace/time-profiler/marine_ik__track2.trace --xpath "/trace-toc/run[@number=\"1\"]/data/table[@schema=\"time-profile\"]" > /tmp/skv12-p1/direct-xctrace/exports/marine_ik__track2.time-profile.xml	Original product Time Profiler XML export; retained but superseded for self-time by product-v2.
xctrace-time-profiler-export-primary	xctrace-time-profiler-export-direct	direct	mesh	track1	mesh	5528	/Users/mkbabb/Programming/bbnf-lang	xctrace	rc=0 required	/tmp/skv12-p1/direct-xctrace/exports/mesh__track1.time-profile.xml	/tmp/skv12-p1/time_profile_export_status.tsv	xctrace export --input /tmp/skv12-p1/direct-xctrace/time-profiler/mesh__track1.trace --xpath "/trace-toc/run[@number=\"1\"]/data/table[@schema=\"time-profile\"]" > /tmp/skv12-p1/direct-xctrace/exports/mesh__track1.time-profile.xml	Original product Time Profiler XML export; retained but superseded for self-time by product-v2.
xctrace-time-profiler-export-primary	xctrace-time-profiler-export-direct	direct	mesh	track2	mesh	5528	/Users/mkbabb/Programming/bbnf-lang	xctrace	rc=0 required	/tmp/skv12-p1/direct-xctrace/exports/mesh__track2.time-profile.xml	/tmp/skv12-p1/time_profile_export_status.tsv	xctrace export --input /tmp/skv12-p1/direct-xctrace/time-profiler/mesh__track2.trace --xpath "/trace-toc/run[@number=\"1\"]/data/table[@schema=\"time-profile\"]" > /tmp/skv12-p1/direct-xctrace/exports/mesh__track2.time-profile.xml	Original product Time Profiler XML export; retained but superseded for self-time by product-v2.
xctrace-time-profiler-export-primary	xctrace-time-profiler-export-direct	direct	numbers	track1	numbers	26645	/Users/mkbabb/Programming/bbnf-lang	xctrace	rc=0 required	/tmp/skv12-p1/direct-xctrace/exports/numbers__track1.time-profile.xml	/tmp/skv12-p1/time_profile_export_status.tsv	xctrace export --input /tmp/skv12-p1/direct-xctrace/time-profiler/numbers__track1.trace --xpath "/trace-toc/run[@number=\"1\"]/data/table[@schema=\"time-profile\"]" > /tmp/skv12-p1/direct-xctrace/exports/numbers__track1.time-profile.xml	Original product Time Profiler XML export; retained but superseded for self-time by product-v2.
xctrace-time-profiler-export-primary	xctrace-time-profiler-export-direct	direct	numbers	track2	numbers	26645	/Users/mkbabb/Programming/bbnf-lang	xctrace	rc=0 required	/tmp/skv12-p1/direct-xctrace/exports/numbers__track2.time-profile.xml	/tmp/skv12-p1/time_profile_export_status.tsv	xctrace export --input /tmp/skv12-p1/direct-xctrace/time-profiler/numbers__track2.trace --xpath "/trace-toc/run[@number=\"1\"]/data/table[@schema=\"time-profile\"]" > /tmp/skv12-p1/direct-xctrace/exports/numbers__track2.time-profile.xml	Original product Time Profiler XML export; retained but superseded for self-time by product-v2.
xctrace-time-profiler-export-primary	xctrace-time-profiler-export-direct	direct	random	track1	random	7836	/Users/mkbabb/Programming/bbnf-lang	xctrace	rc=0 required	/tmp/skv12-p1/direct-xctrace/exports/random__track1.time-profile.xml	/tmp/skv12-p1/time_profile_export_status.tsv	xctrace export --input /tmp/skv12-p1/direct-xctrace/time-profiler/random__track1.trace --xpath "/trace-toc/run[@number=\"1\"]/data/table[@schema=\"time-profile\"]" > /tmp/skv12-p1/direct-xctrace/exports/random__track1.time-profile.xml	Original product Time Profiler XML export; retained but superseded for self-time by product-v2.
xctrace-time-profiler-export-primary	xctrace-time-profiler-export-direct	direct	random	track2	random	7836	/Users/mkbabb/Programming/bbnf-lang	xctrace	rc=0 required	/tmp/skv12-p1/direct-xctrace/exports/random__track2.time-profile.xml	/tmp/skv12-p1/time_profile_export_status.tsv	xctrace export --input /tmp/skv12-p1/direct-xctrace/time-profiler/random__track2.trace --xpath "/trace-toc/run[@number=\"1\"]/data/table[@schema=\"time-profile\"]" > /tmp/skv12-p1/direct-xctrace/exports/random__track2.time-profile.xml	Original product Time Profiler XML export; retained but superseded for self-time by product-v2.
xctrace-time-profiler-export-primary	xctrace-time-profiler-export-direct	direct	twitter	track1	twitter	6334	/Users/mkbabb/Programming/bbnf-lang	xctrace	rc=0 required	/tmp/skv12-p1/direct-xctrace/exports/twitter__track1.time-profile.xml	/tmp/skv12-p1/time_profile_export_status.tsv	xctrace export --input /tmp/skv12-p1/direct-xctrace/time-profiler/twitter__track1.trace --xpath "/trace-toc/run[@number=\"1\"]/data/table[@schema=\"time-profile\"]" > /tmp/skv12-p1/direct-xctrace/exports/twitter__track1.time-profile.xml	Original product Time Profiler XML export; retained but superseded for self-time by product-v2.
xctrace-time-profiler-export-primary	xctrace-time-profiler-export-direct	direct	twitter	track2	twitter	6334	/Users/mkbabb/Programming/bbnf-lang	xctrace	rc=0 required	/tmp/skv12-p1/direct-xctrace/exports/twitter__track2.time-profile.xml	/tmp/skv12-p1/time_profile_export_status.tsv	xctrace export --input /tmp/skv12-p1/direct-xctrace/time-profiler/twitter__track2.trace --xpath "/trace-toc/run[@number=\"1\"]/data/table[@schema=\"time-profile\"]" > /tmp/skv12-p1/direct-xctrace/exports/twitter__track2.time-profile.xml	Original product Time Profiler XML export; retained but superseded for self-time by product-v2.
xctrace-time-profiler-export-primary	xctrace-time-profiler-export-direct	direct	unicode_basic	track1	unicode_basic	3815	/Users/mkbabb/Programming/bbnf-lang	xctrace	rc=0 required	/tmp/skv12-p1/direct-xctrace/exports/unicode_basic__track1.time-profile.xml	/tmp/skv12-p1/time_profile_export_status.tsv	xctrace export --input /tmp/skv12-p1/direct-xctrace/time-profiler/unicode_basic__track1.trace --xpath "/trace-toc/run[@number=\"1\"]/data/table[@schema=\"time-profile\"]" > /tmp/skv12-p1/direct-xctrace/exports/unicode_basic__track1.time-profile.xml	Original product Time Profiler XML export; retained but superseded for self-time by product-v2.
xctrace-time-profiler-export-primary	xctrace-time-profiler-export-direct	direct	unicode_basic	track2	unicode_basic	3815	/Users/mkbabb/Programming/bbnf-lang	xctrace	rc=0 required	/tmp/skv12-p1/direct-xctrace/exports/unicode_basic__track2.time-profile.xml	/tmp/skv12-p1/time_profile_export_status.tsv	xctrace export --input /tmp/skv12-p1/direct-xctrace/time-profiler/unicode_basic__track2.trace --xpath "/trace-toc/run[@number=\"1\"]/data/table[@schema=\"time-profile\"]" > /tmp/skv12-p1/direct-xctrace/exports/unicode_basic__track2.time-profile.xml	Original product Time Profiler XML export; retained but superseded for self-time by product-v2.
xctrace-time-profiler-export-primary	xctrace-time-profiler-export-direct	direct	unicode_escapes	track1	unicode_escapes	3807	/Users/mkbabb/Programming/bbnf-lang	xctrace	rc=0 required	/tmp/skv12-p1/direct-xctrace/exports/unicode_escapes__track1.time-profile.xml	/tmp/skv12-p1/time_profile_export_status.tsv	xctrace export --input /tmp/skv12-p1/direct-xctrace/time-profiler/unicode_escapes__track1.trace --xpath "/trace-toc/run[@number=\"1\"]/data/table[@schema=\"time-profile\"]" > /tmp/skv12-p1/direct-xctrace/exports/unicode_escapes__track1.time-profile.xml	Original product Time Profiler XML export; retained but superseded for self-time by product-v2.
xctrace-time-profiler-export-primary	xctrace-time-profiler-export-direct	direct	unicode_escapes	track2	unicode_escapes	3807	/Users/mkbabb/Programming/bbnf-lang	xctrace	rc=0 required	/tmp/skv12-p1/direct-xctrace/exports/unicode_escapes__track2.time-profile.xml	/tmp/skv12-p1/time_profile_export_status.tsv	xctrace export --input /tmp/skv12-p1/direct-xctrace/time-profiler/unicode_escapes__track2.trace --xpath "/trace-toc/run[@number=\"1\"]/data/table[@schema=\"time-profile\"]" > /tmp/skv12-p1/direct-xctrace/exports/unicode_escapes__track2.time-profile.xml	Original product Time Profiler XML export; retained but superseded for self-time by product-v2.
xctrace-time-profiler-export-primary	xctrace-time-profiler-export-direct	direct	unicode_mixed	track1	unicode_mixed	3799	/Users/mkbabb/Programming/bbnf-lang	xctrace	rc=0 required	/tmp/skv12-p1/direct-xctrace/exports/unicode_mixed__track1.time-profile.xml	/tmp/skv12-p1/time_profile_export_status.tsv	xctrace export --input /tmp/skv12-p1/direct-xctrace/time-profiler/unicode_mixed__track1.trace --xpath "/trace-toc/run[@number=\"1\"]/data/table[@schema=\"time-profile\"]" > /tmp/skv12-p1/direct-xctrace/exports/unicode_mixed__track1.time-profile.xml	Original product Time Profiler XML export; retained but superseded for self-time by product-v2.
xctrace-time-profiler-export-primary	xctrace-time-profiler-export-direct	direct	unicode_mixed	track2	unicode_mixed	3799	/Users/mkbabb/Programming/bbnf-lang	xctrace	rc=0 required	/tmp/skv12-p1/direct-xctrace/exports/unicode_mixed__track2.time-profile.xml	/tmp/skv12-p1/time_profile_export_status.tsv	xctrace export --input /tmp/skv12-p1/direct-xctrace/time-profiler/unicode_mixed__track2.trace --xpath "/trace-toc/run[@number=\"1\"]/data/table[@schema=\"time-profile\"]" > /tmp/skv12-p1/direct-xctrace/exports/unicode_mixed__track2.time-profile.xml	Original product Time Profiler XML export; retained but superseded for self-time by product-v2.
xctrace-time-profiler-export-primary	xctrace-time-profiler-export-direct	direct	update_center	track1	update-center	7503	/Users/mkbabb/Programming/bbnf-lang	xctrace	rc=0 required	/tmp/skv12-p1/direct-xctrace/exports/update_center__track1.time-profile.xml	/tmp/skv12-p1/time_profile_export_status.tsv	xctrace export --input /tmp/skv12-p1/direct-xctrace/time-profiler/update_center__track1.trace --xpath "/trace-toc/run[@number=\"1\"]/data/table[@schema=\"time-profile\"]" > /tmp/skv12-p1/direct-xctrace/exports/update_center__track1.time-profile.xml	Original product Time Profiler XML export; retained but superseded for self-time by product-v2.
xctrace-time-profiler-export-primary	xctrace-time-profiler-export-direct	direct	update_center	track2	update-center	7503	/Users/mkbabb/Programming/bbnf-lang	xctrace	rc=0 required	/tmp/skv12-p1/direct-xctrace/exports/update_center__track2.time-profile.xml	/tmp/skv12-p1/time_profile_export_status.tsv	xctrace export --input /tmp/skv12-p1/direct-xctrace/time-profiler/update_center__track2.trace --xpath "/trace-toc/run[@number=\"1\"]/data/table[@schema=\"time-profile\"]" > /tmp/skv12-p1/direct-xctrace/exports/update_center__track2.time-profile.xml	Original product Time Profiler XML export; retained but superseded for self-time by product-v2.
xctrace-time-profiler-export-primary	xctrace-time-profiler-export-direct	direct	y_string_unicode	track1	y_string_unicode	100000	/Users/mkbabb/Programming/bbnf-lang	xctrace	rc=0 required	/tmp/skv12-p1/direct-xctrace/exports/y_string_unicode__track1.time-profile.xml	/tmp/skv12-p1/time_profile_export_status.tsv	xctrace export --input /tmp/skv12-p1/direct-xctrace/time-profiler/y_string_unicode__track1.trace --xpath "/trace-toc/run[@number=\"1\"]/data/table[@schema=\"time-profile\"]" > /tmp/skv12-p1/direct-xctrace/exports/y_string_unicode__track1.time-profile.xml	Original product Time Profiler XML export; retained but superseded for self-time by product-v2.
xctrace-time-profiler-export-primary	xctrace-time-profiler-export-direct	direct	y_string_unicode	track2	y_string_unicode	100000	/Users/mkbabb/Programming/bbnf-lang	xctrace	rc=0 required	/tmp/skv12-p1/direct-xctrace/exports/y_string_unicode__track2.time-profile.xml	/tmp/skv12-p1/time_profile_export_status.tsv	xctrace export --input /tmp/skv12-p1/direct-xctrace/time-profiler/y_string_unicode__track2.trace --xpath "/trace-toc/run[@number=\"1\"]/data/table[@schema=\"time-profile\"]" > /tmp/skv12-p1/direct-xctrace/exports/y_string_unicode__track2.time-profile.xml	Original product Time Profiler XML export; retained but superseded for self-time by product-v2.
xctrace-time-profiler-export-primary	xctrace-time-profiler-export-typed	typed	apache_builds	real_typed_track1	apache_builds	31429	/Users/mkbabb/Programming/bbnf-lang	xctrace	rc=0 required	/tmp/skv12-p1/direct-xctrace/exports/apache_builds__real_typed_track1.time-profile.xml	/tmp/skv12-p1/time_profile_export_status.tsv	xctrace export --input /tmp/skv12-p1/direct-xctrace/time-profiler/apache_builds__real_typed_track1.trace --xpath "/trace-toc/run[@number=\"1\"]/data/table[@schema=\"time-profile\"]" > /tmp/skv12-p1/direct-xctrace/exports/apache_builds__real_typed_track1.time-profile.xml	Original product Time Profiler XML export; retained but superseded for self-time by product-v2.
xctrace-time-profiler-export-primary	xctrace-time-profiler-export-typed	typed	apache_builds	real_typed_track2	apache_builds	31429	/Users/mkbabb/Programming/bbnf-lang	xctrace	rc=0 required	/tmp/skv12-p1/direct-xctrace/exports/apache_builds__real_typed_track2.time-profile.xml	/tmp/skv12-p1/time_profile_export_status.tsv	xctrace export --input /tmp/skv12-p1/direct-xctrace/time-profiler/apache_builds__real_typed_track2.trace --xpath "/trace-toc/run[@number=\"1\"]/data/table[@schema=\"time-profile\"]" > /tmp/skv12-p1/direct-xctrace/exports/apache_builds__real_typed_track2.time-profile.xml	Original product Time Profiler XML export; retained but superseded for self-time by product-v2.
xctrace-time-profiler-export-primary	xctrace-time-profiler-export-typed	typed	citm_catalog	real_typed_track1	citm_catalog	2316	/Users/mkbabb/Programming/bbnf-lang	xctrace	rc=0 required	/tmp/skv12-p1/direct-xctrace/exports/citm_catalog__real_typed_track1.time-profile.xml	/tmp/skv12-p1/time_profile_export_status.tsv	xctrace export --input /tmp/skv12-p1/direct-xctrace/time-profiler/citm_catalog__real_typed_track1.trace --xpath "/trace-toc/run[@number=\"1\"]/data/table[@schema=\"time-profile\"]" > /tmp/skv12-p1/direct-xctrace/exports/citm_catalog__real_typed_track1.time-profile.xml	Original product Time Profiler XML export; retained but superseded for self-time by product-v2.
xctrace-time-profiler-export-primary	xctrace-time-profiler-export-typed	typed	citm_catalog	real_typed_track2	citm_catalog	2316	/Users/mkbabb/Programming/bbnf-lang	xctrace	rc=0 required	/tmp/skv12-p1/direct-xctrace/exports/citm_catalog__real_typed_track2.time-profile.xml	/tmp/skv12-p1/time_profile_export_status.tsv	xctrace export --input /tmp/skv12-p1/direct-xctrace/time-profiler/citm_catalog__real_typed_track2.trace --xpath "/trace-toc/run[@number=\"1\"]/data/table[@schema=\"time-profile\"]" > /tmp/skv12-p1/direct-xctrace/exports/citm_catalog__real_typed_track2.time-profile.xml	Original product Time Profiler XML export; retained but superseded for self-time by product-v2.
xctrace-time-profiler-export-primary	xctrace-time-profiler-export-typed	typed	github_events	real_typed_track1	github_events	61414	/Users/mkbabb/Programming/bbnf-lang	xctrace	rc=0 required	/tmp/skv12-p1/direct-xctrace/exports/github_events__real_typed_track1.time-profile.xml	/tmp/skv12-p1/time_profile_export_status.tsv	xctrace export --input /tmp/skv12-p1/direct-xctrace/time-profiler/github_events__real_typed_track1.trace --xpath "/trace-toc/run[@number=\"1\"]/data/table[@schema=\"time-profile\"]" > /tmp/skv12-p1/direct-xctrace/exports/github_events__real_typed_track1.time-profile.xml	Original product Time Profiler XML export; retained but superseded for self-time by product-v2.
xctrace-time-profiler-export-primary	xctrace-time-profiler-export-typed	typed	github_events	real_typed_track2	github_events	61414	/Users/mkbabb/Programming/bbnf-lang	xctrace	rc=0 required	/tmp/skv12-p1/direct-xctrace/exports/github_events__real_typed_track2.time-profile.xml	/tmp/skv12-p1/time_profile_export_status.tsv	xctrace export --input /tmp/skv12-p1/direct-xctrace/time-profiler/github_events__real_typed_track2.trace --xpath "/trace-toc/run[@number=\"1\"]/data/table[@schema=\"time-profile\"]" > /tmp/skv12-p1/direct-xctrace/exports/github_events__real_typed_track2.time-profile.xml	Original product Time Profiler XML export; retained but superseded for self-time by product-v2.
xctrace-time-profiler-export-primary	xctrace-time-profiler-export-typed	typed	marine_ik	real_typed_track1	marine_ik	1341	/Users/mkbabb/Programming/bbnf-lang	xctrace	rc=0 required	/tmp/skv12-p1/direct-xctrace/exports/marine_ik__real_typed_track1.time-profile.xml	/tmp/skv12-p1/time_profile_export_status.tsv	xctrace export --input /tmp/skv12-p1/direct-xctrace/time-profiler/marine_ik__real_typed_track1.trace --xpath "/trace-toc/run[@number=\"1\"]/data/table[@schema=\"time-profile\"]" > /tmp/skv12-p1/direct-xctrace/exports/marine_ik__real_typed_track1.time-profile.xml	Original product Time Profiler XML export; retained but superseded for self-time by product-v2.
xctrace-time-profiler-export-primary	xctrace-time-profiler-export-typed	typed	marine_ik	real_typed_track2	marine_ik	1341	/Users/mkbabb/Programming/bbnf-lang	xctrace	rc=0 required	/tmp/skv12-p1/direct-xctrace/exports/marine_ik__real_typed_track2.time-profile.xml	/tmp/skv12-p1/time_profile_export_status.tsv	xctrace export --input /tmp/skv12-p1/direct-xctrace/time-profiler/marine_ik__real_typed_track2.trace --xpath "/trace-toc/run[@number=\"1\"]/data/table[@schema=\"time-profile\"]" > /tmp/skv12-p1/direct-xctrace/exports/marine_ik__real_typed_track2.time-profile.xml	Original product Time Profiler XML export; retained but superseded for self-time by product-v2.
xctrace-time-profiler-export-primary	xctrace-time-profiler-export-typed	typed	mesh	real_typed_track1	mesh	5528	/Users/mkbabb/Programming/bbnf-lang	xctrace	rc=0 required	/tmp/skv12-p1/direct-xctrace/exports/mesh__real_typed_track1.time-profile.xml	/tmp/skv12-p1/time_profile_export_status.tsv	xctrace export --input /tmp/skv12-p1/direct-xctrace/time-profiler/mesh__real_typed_track1.trace --xpath "/trace-toc/run[@number=\"1\"]/data/table[@schema=\"time-profile\"]" > /tmp/skv12-p1/direct-xctrace/exports/mesh__real_typed_track1.time-profile.xml	Original product Time Profiler XML export; retained but superseded for self-time by product-v2.
xctrace-time-profiler-export-primary	xctrace-time-profiler-export-typed	typed	mesh	real_typed_track2	mesh	5528	/Users/mkbabb/Programming/bbnf-lang	xctrace	rc=0 required	/tmp/skv12-p1/direct-xctrace/exports/mesh__real_typed_track2.time-profile.xml	/tmp/skv12-p1/time_profile_export_status.tsv	xctrace export --input /tmp/skv12-p1/direct-xctrace/time-profiler/mesh__real_typed_track2.trace --xpath "/trace-toc/run[@number=\"1\"]/data/table[@schema=\"time-profile\"]" > /tmp/skv12-p1/direct-xctrace/exports/mesh__real_typed_track2.time-profile.xml	Original product Time Profiler XML export; retained but superseded for self-time by product-v2.
xctrace-time-profiler-export-primary	xctrace-time-profiler-export-typed	typed	twitter	real_typed_track1	twitter	6334	/Users/mkbabb/Programming/bbnf-lang	xctrace	rc=0 required	/tmp/skv12-p1/direct-xctrace/exports/twitter__real_typed_track1.time-profile.xml	/tmp/skv12-p1/time_profile_export_status.tsv	xctrace export --input /tmp/skv12-p1/direct-xctrace/time-profiler/twitter__real_typed_track1.trace --xpath "/trace-toc/run[@number=\"1\"]/data/table[@schema=\"time-profile\"]" > /tmp/skv12-p1/direct-xctrace/exports/twitter__real_typed_track1.time-profile.xml	Original product Time Profiler XML export; retained but superseded for self-time by product-v2.
xctrace-time-profiler-export-primary	xctrace-time-profiler-export-typed	typed	twitter	real_typed_track2	twitter	6334	/Users/mkbabb/Programming/bbnf-lang	xctrace	rc=0 required	/tmp/skv12-p1/direct-xctrace/exports/twitter__real_typed_track2.time-profile.xml	/tmp/skv12-p1/time_profile_export_status.tsv	xctrace export --input /tmp/skv12-p1/direct-xctrace/time-profiler/twitter__real_typed_track2.trace --xpath "/trace-toc/run[@number=\"1\"]/data/table[@schema=\"time-profile\"]" > /tmp/skv12-p1/direct-xctrace/exports/twitter__real_typed_track2.time-profile.xml	Original product Time Profiler XML export; retained but superseded for self-time by product-v2.
xctrace-time-profiler-export-primary	xctrace-time-profiler-export-typed	typed	update_center	real_typed_track1	update-center	7503	/Users/mkbabb/Programming/bbnf-lang	xctrace	rc=0 required	/tmp/skv12-p1/direct-xctrace/exports/update_center__real_typed_track1.time-profile.xml	/tmp/skv12-p1/time_profile_export_status.tsv	xctrace export --input /tmp/skv12-p1/direct-xctrace/time-profiler/update_center__real_typed_track1.trace --xpath "/trace-toc/run[@number=\"1\"]/data/table[@schema=\"time-profile\"]" > /tmp/skv12-p1/direct-xctrace/exports/update_center__real_typed_track1.time-profile.xml	Original product Time Profiler XML export; retained but superseded for self-time by product-v2.
xctrace-time-profiler-export-primary	xctrace-time-profiler-export-typed	typed	update_center	real_typed_track2	update-center	7503	/Users/mkbabb/Programming/bbnf-lang	xctrace	rc=0 required	/tmp/skv12-p1/direct-xctrace/exports/update_center__real_typed_track2.time-profile.xml	/tmp/skv12-p1/time_profile_export_status.tsv	xctrace export --input /tmp/skv12-p1/direct-xctrace/time-profiler/update_center__real_typed_track2.trace --xpath "/trace-toc/run[@number=\"1\"]/data/table[@schema=\"time-profile\"]" > /tmp/skv12-p1/direct-xctrace/exports/update_center__real_typed_track2.time-profile.xml	Original product Time Profiler XML export; retained but superseded for self-time by product-v2.
xctrace-time-profiler-product-v2	xctrace-time-profiler-v2-direct	direct	apache_builds	track1	apache_builds	20000	/Users/mkbabb/Programming/bbnf-lang/skinny	xctrace	rc=0 or rc=54 with saved trace after time-limit/target-exit stop	/tmp/skv12-p1/direct-xctrace/time-profiler-v2/apache_builds__track1.trace	/tmp/skv12-p1/product_time_profile_v2_status.tsv	cd /Users/mkbabb/Programming/bbnf-lang/skinny && xctrace record --template "Time Profiler" --output /tmp/skv12-p1/direct-xctrace/time-profiler-v2/apache_builds__track1.trace --no-prompt --time-limit 2000ms --launch -- /tmp/skv12-profile-target-50bd1648/release/profile_direct 20000 apache_builds track1	Product self-time authority; 2s/20000-iteration recapture avoids shallow primary product traces.
xctrace-time-profiler-product-v2-export	xctrace-time-profiler-v2-export-direct	direct	apache_builds	track1	apache_builds	20000	/Users/mkbabb/Programming/bbnf-lang	xctrace	rc=0 required	/tmp/skv12-p1/direct-xctrace/exports-v2/apache_builds__track1.time-profile.xml	/tmp/skv12-p1/product_time_profile_v2_status.tsv	xctrace export --input /tmp/skv12-p1/direct-xctrace/time-profiler-v2/apache_builds__track1.trace --xpath "/trace-toc/run[@number=\"1\"]/data/table[@schema=\"time-profile\"]" > /tmp/skv12-p1/direct-xctrace/exports-v2/apache_builds__track1.time-profile.xml	Product-v2 Time Profiler XML export; feeds the derived direct/typed self-time TSVs.
xctrace-time-profiler-product-v2	xctrace-time-profiler-v2-direct	direct	apache_builds	track2	apache_builds	20000	/Users/mkbabb/Programming/bbnf-lang/skinny	xctrace	rc=0 or rc=54 with saved trace after time-limit/target-exit stop	/tmp/skv12-p1/direct-xctrace/time-profiler-v2/apache_builds__track2.trace	/tmp/skv12-p1/product_time_profile_v2_status.tsv	cd /Users/mkbabb/Programming/bbnf-lang/skinny && xctrace record --template "Time Profiler" --output /tmp/skv12-p1/direct-xctrace/time-profiler-v2/apache_builds__track2.trace --no-prompt --time-limit 2000ms --launch -- /tmp/skv12-profile-target-50bd1648/release/profile_direct 20000 apache_builds track2	Product self-time authority; 2s/20000-iteration recapture avoids shallow primary product traces.
xctrace-time-profiler-product-v2-export	xctrace-time-profiler-v2-export-direct	direct	apache_builds	track2	apache_builds	20000	/Users/mkbabb/Programming/bbnf-lang	xctrace	rc=0 required	/tmp/skv12-p1/direct-xctrace/exports-v2/apache_builds__track2.time-profile.xml	/tmp/skv12-p1/product_time_profile_v2_status.tsv	xctrace export --input /tmp/skv12-p1/direct-xctrace/time-profiler-v2/apache_builds__track2.trace --xpath "/trace-toc/run[@number=\"1\"]/data/table[@schema=\"time-profile\"]" > /tmp/skv12-p1/direct-xctrace/exports-v2/apache_builds__track2.time-profile.xml	Product-v2 Time Profiler XML export; feeds the derived direct/typed self-time TSVs.
xctrace-time-profiler-product-v2	xctrace-time-profiler-v2-direct	direct	canada	track1	canada	20000	/Users/mkbabb/Programming/bbnf-lang/skinny	xctrace	rc=0 or rc=54 with saved trace after time-limit/target-exit stop	/tmp/skv12-p1/direct-xctrace/time-profiler-v2/canada__track1.trace	/tmp/skv12-p1/product_time_profile_v2_status.tsv	cd /Users/mkbabb/Programming/bbnf-lang/skinny && xctrace record --template "Time Profiler" --output /tmp/skv12-p1/direct-xctrace/time-profiler-v2/canada__track1.trace --no-prompt --time-limit 2000ms --launch -- /tmp/skv12-profile-target-50bd1648/release/profile_direct 20000 canada track1	Product self-time authority; 2s/20000-iteration recapture avoids shallow primary product traces.
xctrace-time-profiler-product-v2-export	xctrace-time-profiler-v2-export-direct	direct	canada	track1	canada	20000	/Users/mkbabb/Programming/bbnf-lang	xctrace	rc=0 required	/tmp/skv12-p1/direct-xctrace/exports-v2/canada__track1.time-profile.xml	/tmp/skv12-p1/product_time_profile_v2_status.tsv	xctrace export --input /tmp/skv12-p1/direct-xctrace/time-profiler-v2/canada__track1.trace --xpath "/trace-toc/run[@number=\"1\"]/data/table[@schema=\"time-profile\"]" > /tmp/skv12-p1/direct-xctrace/exports-v2/canada__track1.time-profile.xml	Product-v2 Time Profiler XML export; feeds the derived direct/typed self-time TSVs.
xctrace-time-profiler-product-v2	xctrace-time-profiler-v2-direct	direct	canada	track2	canada	20000	/Users/mkbabb/Programming/bbnf-lang/skinny	xctrace	rc=0 or rc=54 with saved trace after time-limit/target-exit stop	/tmp/skv12-p1/direct-xctrace/time-profiler-v2/canada__track2.trace	/tmp/skv12-p1/product_time_profile_v2_status.tsv	cd /Users/mkbabb/Programming/bbnf-lang/skinny && xctrace record --template "Time Profiler" --output /tmp/skv12-p1/direct-xctrace/time-profiler-v2/canada__track2.trace --no-prompt --time-limit 2000ms --launch -- /tmp/skv12-profile-target-50bd1648/release/profile_direct 20000 canada track2	Product self-time authority; 2s/20000-iteration recapture avoids shallow primary product traces.
xctrace-time-profiler-product-v2-export	xctrace-time-profiler-v2-export-direct	direct	canada	track2	canada	20000	/Users/mkbabb/Programming/bbnf-lang	xctrace	rc=0 required	/tmp/skv12-p1/direct-xctrace/exports-v2/canada__track2.time-profile.xml	/tmp/skv12-p1/product_time_profile_v2_status.tsv	xctrace export --input /tmp/skv12-p1/direct-xctrace/time-profiler-v2/canada__track2.trace --xpath "/trace-toc/run[@number=\"1\"]/data/table[@schema=\"time-profile\"]" > /tmp/skv12-p1/direct-xctrace/exports-v2/canada__track2.time-profile.xml	Product-v2 Time Profiler XML export; feeds the derived direct/typed self-time TSVs.
xctrace-time-profiler-product-v2	xctrace-time-profiler-v2-direct	direct	citm_catalog	track1	citm_catalog	20000	/Users/mkbabb/Programming/bbnf-lang/skinny	xctrace	rc=0 or rc=54 with saved trace after time-limit/target-exit stop	/tmp/skv12-p1/direct-xctrace/time-profiler-v2/citm_catalog__track1.trace	/tmp/skv12-p1/product_time_profile_v2_status.tsv	cd /Users/mkbabb/Programming/bbnf-lang/skinny && xctrace record --template "Time Profiler" --output /tmp/skv12-p1/direct-xctrace/time-profiler-v2/citm_catalog__track1.trace --no-prompt --time-limit 2000ms --launch -- /tmp/skv12-profile-target-50bd1648/release/profile_direct 20000 citm_catalog track1	Product self-time authority; 2s/20000-iteration recapture avoids shallow primary product traces.
xctrace-time-profiler-product-v2-export	xctrace-time-profiler-v2-export-direct	direct	citm_catalog	track1	citm_catalog	20000	/Users/mkbabb/Programming/bbnf-lang	xctrace	rc=0 required	/tmp/skv12-p1/direct-xctrace/exports-v2/citm_catalog__track1.time-profile.xml	/tmp/skv12-p1/product_time_profile_v2_status.tsv	xctrace export --input /tmp/skv12-p1/direct-xctrace/time-profiler-v2/citm_catalog__track1.trace --xpath "/trace-toc/run[@number=\"1\"]/data/table[@schema=\"time-profile\"]" > /tmp/skv12-p1/direct-xctrace/exports-v2/citm_catalog__track1.time-profile.xml	Product-v2 Time Profiler XML export; feeds the derived direct/typed self-time TSVs.
xctrace-time-profiler-product-v2	xctrace-time-profiler-v2-direct	direct	citm_catalog	track2	citm_catalog	20000	/Users/mkbabb/Programming/bbnf-lang/skinny	xctrace	rc=0 or rc=54 with saved trace after time-limit/target-exit stop	/tmp/skv12-p1/direct-xctrace/time-profiler-v2/citm_catalog__track2.trace	/tmp/skv12-p1/product_time_profile_v2_status.tsv	cd /Users/mkbabb/Programming/bbnf-lang/skinny && xctrace record --template "Time Profiler" --output /tmp/skv12-p1/direct-xctrace/time-profiler-v2/citm_catalog__track2.trace --no-prompt --time-limit 2000ms --launch -- /tmp/skv12-profile-target-50bd1648/release/profile_direct 20000 citm_catalog track2	Product self-time authority; 2s/20000-iteration recapture avoids shallow primary product traces.
xctrace-time-profiler-product-v2-export	xctrace-time-profiler-v2-export-direct	direct	citm_catalog	track2	citm_catalog	20000	/Users/mkbabb/Programming/bbnf-lang	xctrace	rc=0 required	/tmp/skv12-p1/direct-xctrace/exports-v2/citm_catalog__track2.time-profile.xml	/tmp/skv12-p1/product_time_profile_v2_status.tsv	xctrace export --input /tmp/skv12-p1/direct-xctrace/time-profiler-v2/citm_catalog__track2.trace --xpath "/trace-toc/run[@number=\"1\"]/data/table[@schema=\"time-profile\"]" > /tmp/skv12-p1/direct-xctrace/exports-v2/citm_catalog__track2.time-profile.xml	Product-v2 Time Profiler XML export; feeds the derived direct/typed self-time TSVs.
xctrace-time-profiler-product-v2	xctrace-time-profiler-v2-direct	direct	distinct_values	track1	distinct_values	20000	/Users/mkbabb/Programming/bbnf-lang/skinny	xctrace	rc=0 or rc=54 with saved trace after time-limit/target-exit stop	/tmp/skv12-p1/direct-xctrace/time-profiler-v2/distinct_values__track1.trace	/tmp/skv12-p1/product_time_profile_v2_status.tsv	cd /Users/mkbabb/Programming/bbnf-lang/skinny && xctrace record --template "Time Profiler" --output /tmp/skv12-p1/direct-xctrace/time-profiler-v2/distinct_values__track1.trace --no-prompt --time-limit 2000ms --launch -- /tmp/skv12-profile-target-50bd1648/release/profile_direct 20000 distinct_values track1	Product self-time authority; 2s/20000-iteration recapture avoids shallow primary product traces.
xctrace-time-profiler-product-v2-export	xctrace-time-profiler-v2-export-direct	direct	distinct_values	track1	distinct_values	20000	/Users/mkbabb/Programming/bbnf-lang	xctrace	rc=0 required	/tmp/skv12-p1/direct-xctrace/exports-v2/distinct_values__track1.time-profile.xml	/tmp/skv12-p1/product_time_profile_v2_status.tsv	xctrace export --input /tmp/skv12-p1/direct-xctrace/time-profiler-v2/distinct_values__track1.trace --xpath "/trace-toc/run[@number=\"1\"]/data/table[@schema=\"time-profile\"]" > /tmp/skv12-p1/direct-xctrace/exports-v2/distinct_values__track1.time-profile.xml	Product-v2 Time Profiler XML export; feeds the derived direct/typed self-time TSVs.
xctrace-time-profiler-product-v2	xctrace-time-profiler-v2-direct	direct	distinct_values	track2	distinct_values	20000	/Users/mkbabb/Programming/bbnf-lang/skinny	xctrace	rc=0 or rc=54 with saved trace after time-limit/target-exit stop	/tmp/skv12-p1/direct-xctrace/time-profiler-v2/distinct_values__track2.trace	/tmp/skv12-p1/product_time_profile_v2_status.tsv	cd /Users/mkbabb/Programming/bbnf-lang/skinny && xctrace record --template "Time Profiler" --output /tmp/skv12-p1/direct-xctrace/time-profiler-v2/distinct_values__track2.trace --no-prompt --time-limit 2000ms --launch -- /tmp/skv12-profile-target-50bd1648/release/profile_direct 20000 distinct_values track2	Product self-time authority; 2s/20000-iteration recapture avoids shallow primary product traces.
xctrace-time-profiler-product-v2-export	xctrace-time-profiler-v2-export-direct	direct	distinct_values	track2	distinct_values	20000	/Users/mkbabb/Programming/bbnf-lang	xctrace	rc=0 required	/tmp/skv12-p1/direct-xctrace/exports-v2/distinct_values__track2.time-profile.xml	/tmp/skv12-p1/product_time_profile_v2_status.tsv	xctrace export --input /tmp/skv12-p1/direct-xctrace/time-profiler-v2/distinct_values__track2.trace --xpath "/trace-toc/run[@number=\"1\"]/data/table[@schema=\"time-profile\"]" > /tmp/skv12-p1/direct-xctrace/exports-v2/distinct_values__track2.time-profile.xml	Product-v2 Time Profiler XML export; feeds the derived direct/typed self-time TSVs.
xctrace-time-profiler-product-v2	xctrace-time-profiler-v2-direct	direct	github_events	track1	github_events	20000	/Users/mkbabb/Programming/bbnf-lang/skinny	xctrace	rc=0 or rc=54 with saved trace after time-limit/target-exit stop	/tmp/skv12-p1/direct-xctrace/time-profiler-v2/github_events__track1.trace	/tmp/skv12-p1/product_time_profile_v2_status.tsv	cd /Users/mkbabb/Programming/bbnf-lang/skinny && xctrace record --template "Time Profiler" --output /tmp/skv12-p1/direct-xctrace/time-profiler-v2/github_events__track1.trace --no-prompt --time-limit 2000ms --launch -- /tmp/skv12-profile-target-50bd1648/release/profile_direct 20000 github_events track1	Product self-time authority; 2s/20000-iteration recapture avoids shallow primary product traces.
xctrace-time-profiler-product-v2-export	xctrace-time-profiler-v2-export-direct	direct	github_events	track1	github_events	20000	/Users/mkbabb/Programming/bbnf-lang	xctrace	rc=0 required	/tmp/skv12-p1/direct-xctrace/exports-v2/github_events__track1.time-profile.xml	/tmp/skv12-p1/product_time_profile_v2_status.tsv	xctrace export --input /tmp/skv12-p1/direct-xctrace/time-profiler-v2/github_events__track1.trace --xpath "/trace-toc/run[@number=\"1\"]/data/table[@schema=\"time-profile\"]" > /tmp/skv12-p1/direct-xctrace/exports-v2/github_events__track1.time-profile.xml	Product-v2 Time Profiler XML export; feeds the derived direct/typed self-time TSVs.
xctrace-time-profiler-product-v2	xctrace-time-profiler-v2-direct	direct	github_events	track2	github_events	20000	/Users/mkbabb/Programming/bbnf-lang/skinny	xctrace	rc=0 or rc=54 with saved trace after time-limit/target-exit stop	/tmp/skv12-p1/direct-xctrace/time-profiler-v2/github_events__track2.trace	/tmp/skv12-p1/product_time_profile_v2_status.tsv	cd /Users/mkbabb/Programming/bbnf-lang/skinny && xctrace record --template "Time Profiler" --output /tmp/skv12-p1/direct-xctrace/time-profiler-v2/github_events__track2.trace --no-prompt --time-limit 2000ms --launch -- /tmp/skv12-profile-target-50bd1648/release/profile_direct 20000 github_events track2	Product self-time authority; 2s/20000-iteration recapture avoids shallow primary product traces.
xctrace-time-profiler-product-v2-export	xctrace-time-profiler-v2-export-direct	direct	github_events	track2	github_events	20000	/Users/mkbabb/Programming/bbnf-lang	xctrace	rc=0 required	/tmp/skv12-p1/direct-xctrace/exports-v2/github_events__track2.time-profile.xml	/tmp/skv12-p1/product_time_profile_v2_status.tsv	xctrace export --input /tmp/skv12-p1/direct-xctrace/time-profiler-v2/github_events__track2.trace --xpath "/trace-toc/run[@number=\"1\"]/data/table[@schema=\"time-profile\"]" > /tmp/skv12-p1/direct-xctrace/exports-v2/github_events__track2.time-profile.xml	Product-v2 Time Profiler XML export; feeds the derived direct/typed self-time TSVs.
xctrace-time-profiler-product-v2	xctrace-time-profiler-v2-direct	direct	gsoc-2018	track1	gsoc-2018	20000	/Users/mkbabb/Programming/bbnf-lang/skinny	xctrace	rc=0 or rc=54 with saved trace after time-limit/target-exit stop	/tmp/skv12-p1/direct-xctrace/time-profiler-v2/gsoc-2018__track1.trace	/tmp/skv12-p1/product_time_profile_v2_status.tsv	cd /Users/mkbabb/Programming/bbnf-lang/skinny && xctrace record --template "Time Profiler" --output /tmp/skv12-p1/direct-xctrace/time-profiler-v2/gsoc-2018__track1.trace --no-prompt --time-limit 2000ms --launch -- /tmp/skv12-profile-target-50bd1648/release/profile_direct 20000 gsoc-2018 track1	Product self-time authority; 2s/20000-iteration recapture avoids shallow primary product traces.
xctrace-time-profiler-product-v2-export	xctrace-time-profiler-v2-export-direct	direct	gsoc-2018	track1	gsoc-2018	20000	/Users/mkbabb/Programming/bbnf-lang	xctrace	rc=0 required	/tmp/skv12-p1/direct-xctrace/exports-v2/gsoc-2018__track1.time-profile.xml	/tmp/skv12-p1/product_time_profile_v2_status.tsv	xctrace export --input /tmp/skv12-p1/direct-xctrace/time-profiler-v2/gsoc-2018__track1.trace --xpath "/trace-toc/run[@number=\"1\"]/data/table[@schema=\"time-profile\"]" > /tmp/skv12-p1/direct-xctrace/exports-v2/gsoc-2018__track1.time-profile.xml	Product-v2 Time Profiler XML export; feeds the derived direct/typed self-time TSVs.
xctrace-time-profiler-product-v2	xctrace-time-profiler-v2-direct	direct	gsoc-2018	track2	gsoc-2018	20000	/Users/mkbabb/Programming/bbnf-lang/skinny	xctrace	rc=0 or rc=54 with saved trace after time-limit/target-exit stop	/tmp/skv12-p1/direct-xctrace/time-profiler-v2/gsoc-2018__track2.trace	/tmp/skv12-p1/product_time_profile_v2_status.tsv	cd /Users/mkbabb/Programming/bbnf-lang/skinny && xctrace record --template "Time Profiler" --output /tmp/skv12-p1/direct-xctrace/time-profiler-v2/gsoc-2018__track2.trace --no-prompt --time-limit 2000ms --launch -- /tmp/skv12-profile-target-50bd1648/release/profile_direct 20000 gsoc-2018 track2	Product self-time authority; 2s/20000-iteration recapture avoids shallow primary product traces.
xctrace-time-profiler-product-v2-export	xctrace-time-profiler-v2-export-direct	direct	gsoc-2018	track2	gsoc-2018	20000	/Users/mkbabb/Programming/bbnf-lang	xctrace	rc=0 required	/tmp/skv12-p1/direct-xctrace/exports-v2/gsoc-2018__track2.time-profile.xml	/tmp/skv12-p1/product_time_profile_v2_status.tsv	xctrace export --input /tmp/skv12-p1/direct-xctrace/time-profiler-v2/gsoc-2018__track2.trace --xpath "/trace-toc/run[@number=\"1\"]/data/table[@schema=\"time-profile\"]" > /tmp/skv12-p1/direct-xctrace/exports-v2/gsoc-2018__track2.time-profile.xml	Product-v2 Time Profiler XML export; feeds the derived direct/typed self-time TSVs.
xctrace-time-profiler-product-v2	xctrace-time-profiler-v2-direct	direct	instruments	track1	instruments	20000	/Users/mkbabb/Programming/bbnf-lang/skinny	xctrace	rc=0 or rc=54 with saved trace after time-limit/target-exit stop	/tmp/skv12-p1/direct-xctrace/time-profiler-v2/instruments__track1.trace	/tmp/skv12-p1/product_time_profile_v2_status.tsv	cd /Users/mkbabb/Programming/bbnf-lang/skinny && xctrace record --template "Time Profiler" --output /tmp/skv12-p1/direct-xctrace/time-profiler-v2/instruments__track1.trace --no-prompt --time-limit 2000ms --launch -- /tmp/skv12-profile-target-50bd1648/release/profile_direct 20000 instruments track1	Product self-time authority; 2s/20000-iteration recapture avoids shallow primary product traces.
xctrace-time-profiler-product-v2-export	xctrace-time-profiler-v2-export-direct	direct	instruments	track1	instruments	20000	/Users/mkbabb/Programming/bbnf-lang	xctrace	rc=0 required	/tmp/skv12-p1/direct-xctrace/exports-v2/instruments__track1.time-profile.xml	/tmp/skv12-p1/product_time_profile_v2_status.tsv	xctrace export --input /tmp/skv12-p1/direct-xctrace/time-profiler-v2/instruments__track1.trace --xpath "/trace-toc/run[@number=\"1\"]/data/table[@schema=\"time-profile\"]" > /tmp/skv12-p1/direct-xctrace/exports-v2/instruments__track1.time-profile.xml	Product-v2 Time Profiler XML export; feeds the derived direct/typed self-time TSVs.
xctrace-time-profiler-product-v2	xctrace-time-profiler-v2-direct	direct	instruments	track2	instruments	20000	/Users/mkbabb/Programming/bbnf-lang/skinny	xctrace	rc=0 or rc=54 with saved trace after time-limit/target-exit stop	/tmp/skv12-p1/direct-xctrace/time-profiler-v2/instruments__track2.trace	/tmp/skv12-p1/product_time_profile_v2_status.tsv	cd /Users/mkbabb/Programming/bbnf-lang/skinny && xctrace record --template "Time Profiler" --output /tmp/skv12-p1/direct-xctrace/time-profiler-v2/instruments__track2.trace --no-prompt --time-limit 2000ms --launch -- /tmp/skv12-profile-target-50bd1648/release/profile_direct 20000 instruments track2	Product self-time authority; 2s/20000-iteration recapture avoids shallow primary product traces.
xctrace-time-profiler-product-v2-export	xctrace-time-profiler-v2-export-direct	direct	instruments	track2	instruments	20000	/Users/mkbabb/Programming/bbnf-lang	xctrace	rc=0 required	/tmp/skv12-p1/direct-xctrace/exports-v2/instruments__track2.time-profile.xml	/tmp/skv12-p1/product_time_profile_v2_status.tsv	xctrace export --input /tmp/skv12-p1/direct-xctrace/time-profiler-v2/instruments__track2.trace --xpath "/trace-toc/run[@number=\"1\"]/data/table[@schema=\"time-profile\"]" > /tmp/skv12-p1/direct-xctrace/exports-v2/instruments__track2.time-profile.xml	Product-v2 Time Profiler XML export; feeds the derived direct/typed self-time TSVs.
xctrace-time-profiler-product-v2	xctrace-time-profiler-v2-direct	direct	marine_ik	track1	marine_ik	20000	/Users/mkbabb/Programming/bbnf-lang/skinny	xctrace	rc=0 or rc=54 with saved trace after time-limit/target-exit stop	/tmp/skv12-p1/direct-xctrace/time-profiler-v2/marine_ik__track1.trace	/tmp/skv12-p1/product_time_profile_v2_status.tsv	cd /Users/mkbabb/Programming/bbnf-lang/skinny && xctrace record --template "Time Profiler" --output /tmp/skv12-p1/direct-xctrace/time-profiler-v2/marine_ik__track1.trace --no-prompt --time-limit 2000ms --launch -- /tmp/skv12-profile-target-50bd1648/release/profile_direct 20000 marine_ik track1	Product self-time authority; 2s/20000-iteration recapture avoids shallow primary product traces.
xctrace-time-profiler-product-v2-export	xctrace-time-profiler-v2-export-direct	direct	marine_ik	track1	marine_ik	20000	/Users/mkbabb/Programming/bbnf-lang	xctrace	rc=0 required	/tmp/skv12-p1/direct-xctrace/exports-v2/marine_ik__track1.time-profile.xml	/tmp/skv12-p1/product_time_profile_v2_status.tsv	xctrace export --input /tmp/skv12-p1/direct-xctrace/time-profiler-v2/marine_ik__track1.trace --xpath "/trace-toc/run[@number=\"1\"]/data/table[@schema=\"time-profile\"]" > /tmp/skv12-p1/direct-xctrace/exports-v2/marine_ik__track1.time-profile.xml	Product-v2 Time Profiler XML export; feeds the derived direct/typed self-time TSVs.
xctrace-time-profiler-product-v2	xctrace-time-profiler-v2-direct	direct	marine_ik	track2	marine_ik	20000	/Users/mkbabb/Programming/bbnf-lang/skinny	xctrace	rc=0 or rc=54 with saved trace after time-limit/target-exit stop	/tmp/skv12-p1/direct-xctrace/time-profiler-v2/marine_ik__track2.trace	/tmp/skv12-p1/product_time_profile_v2_status.tsv	cd /Users/mkbabb/Programming/bbnf-lang/skinny && xctrace record --template "Time Profiler" --output /tmp/skv12-p1/direct-xctrace/time-profiler-v2/marine_ik__track2.trace --no-prompt --time-limit 2000ms --launch -- /tmp/skv12-profile-target-50bd1648/release/profile_direct 20000 marine_ik track2	Product self-time authority; 2s/20000-iteration recapture avoids shallow primary product traces.
xctrace-time-profiler-product-v2-export	xctrace-time-profiler-v2-export-direct	direct	marine_ik	track2	marine_ik	20000	/Users/mkbabb/Programming/bbnf-lang	xctrace	rc=0 required	/tmp/skv12-p1/direct-xctrace/exports-v2/marine_ik__track2.time-profile.xml	/tmp/skv12-p1/product_time_profile_v2_status.tsv	xctrace export --input /tmp/skv12-p1/direct-xctrace/time-profiler-v2/marine_ik__track2.trace --xpath "/trace-toc/run[@number=\"1\"]/data/table[@schema=\"time-profile\"]" > /tmp/skv12-p1/direct-xctrace/exports-v2/marine_ik__track2.time-profile.xml	Product-v2 Time Profiler XML export; feeds the derived direct/typed self-time TSVs.
xctrace-time-profiler-product-v2	xctrace-time-profiler-v2-direct	direct	mesh	track1	mesh	20000	/Users/mkbabb/Programming/bbnf-lang/skinny	xctrace	rc=0 or rc=54 with saved trace after time-limit/target-exit stop	/tmp/skv12-p1/direct-xctrace/time-profiler-v2/mesh__track1.trace	/tmp/skv12-p1/product_time_profile_v2_status.tsv	cd /Users/mkbabb/Programming/bbnf-lang/skinny && xctrace record --template "Time Profiler" --output /tmp/skv12-p1/direct-xctrace/time-profiler-v2/mesh__track1.trace --no-prompt --time-limit 2000ms --launch -- /tmp/skv12-profile-target-50bd1648/release/profile_direct 20000 mesh track1	Product self-time authority; 2s/20000-iteration recapture avoids shallow primary product traces.
xctrace-time-profiler-product-v2-export	xctrace-time-profiler-v2-export-direct	direct	mesh	track1	mesh	20000	/Users/mkbabb/Programming/bbnf-lang	xctrace	rc=0 required	/tmp/skv12-p1/direct-xctrace/exports-v2/mesh__track1.time-profile.xml	/tmp/skv12-p1/product_time_profile_v2_status.tsv	xctrace export --input /tmp/skv12-p1/direct-xctrace/time-profiler-v2/mesh__track1.trace --xpath "/trace-toc/run[@number=\"1\"]/data/table[@schema=\"time-profile\"]" > /tmp/skv12-p1/direct-xctrace/exports-v2/mesh__track1.time-profile.xml	Product-v2 Time Profiler XML export; feeds the derived direct/typed self-time TSVs.
xctrace-time-profiler-product-v2	xctrace-time-profiler-v2-direct	direct	mesh	track2	mesh	20000	/Users/mkbabb/Programming/bbnf-lang/skinny	xctrace	rc=0 or rc=54 with saved trace after time-limit/target-exit stop	/tmp/skv12-p1/direct-xctrace/time-profiler-v2/mesh__track2.trace	/tmp/skv12-p1/product_time_profile_v2_status.tsv	cd /Users/mkbabb/Programming/bbnf-lang/skinny && xctrace record --template "Time Profiler" --output /tmp/skv12-p1/direct-xctrace/time-profiler-v2/mesh__track2.trace --no-prompt --time-limit 2000ms --launch -- /tmp/skv12-profile-target-50bd1648/release/profile_direct 20000 mesh track2	Product self-time authority; 2s/20000-iteration recapture avoids shallow primary product traces.
xctrace-time-profiler-product-v2-export	xctrace-time-profiler-v2-export-direct	direct	mesh	track2	mesh	20000	/Users/mkbabb/Programming/bbnf-lang	xctrace	rc=0 required	/tmp/skv12-p1/direct-xctrace/exports-v2/mesh__track2.time-profile.xml	/tmp/skv12-p1/product_time_profile_v2_status.tsv	xctrace export --input /tmp/skv12-p1/direct-xctrace/time-profiler-v2/mesh__track2.trace --xpath "/trace-toc/run[@number=\"1\"]/data/table[@schema=\"time-profile\"]" > /tmp/skv12-p1/direct-xctrace/exports-v2/mesh__track2.time-profile.xml	Product-v2 Time Profiler XML export; feeds the derived direct/typed self-time TSVs.
xctrace-time-profiler-product-v2	xctrace-time-profiler-v2-direct	direct	numbers	track1	numbers	20000	/Users/mkbabb/Programming/bbnf-lang/skinny	xctrace	rc=0 or rc=54 with saved trace after time-limit/target-exit stop	/tmp/skv12-p1/direct-xctrace/time-profiler-v2/numbers__track1.trace	/tmp/skv12-p1/product_time_profile_v2_status.tsv	cd /Users/mkbabb/Programming/bbnf-lang/skinny && xctrace record --template "Time Profiler" --output /tmp/skv12-p1/direct-xctrace/time-profiler-v2/numbers__track1.trace --no-prompt --time-limit 2000ms --launch -- /tmp/skv12-profile-target-50bd1648/release/profile_direct 20000 numbers track1	Product self-time authority; 2s/20000-iteration recapture avoids shallow primary product traces.
xctrace-time-profiler-product-v2-export	xctrace-time-profiler-v2-export-direct	direct	numbers	track1	numbers	20000	/Users/mkbabb/Programming/bbnf-lang	xctrace	rc=0 required	/tmp/skv12-p1/direct-xctrace/exports-v2/numbers__track1.time-profile.xml	/tmp/skv12-p1/product_time_profile_v2_status.tsv	xctrace export --input /tmp/skv12-p1/direct-xctrace/time-profiler-v2/numbers__track1.trace --xpath "/trace-toc/run[@number=\"1\"]/data/table[@schema=\"time-profile\"]" > /tmp/skv12-p1/direct-xctrace/exports-v2/numbers__track1.time-profile.xml	Product-v2 Time Profiler XML export; feeds the derived direct/typed self-time TSVs.
xctrace-time-profiler-product-v2	xctrace-time-profiler-v2-direct	direct	numbers	track2	numbers	20000	/Users/mkbabb/Programming/bbnf-lang/skinny	xctrace	rc=0 or rc=54 with saved trace after time-limit/target-exit stop	/tmp/skv12-p1/direct-xctrace/time-profiler-v2/numbers__track2.trace	/tmp/skv12-p1/product_time_profile_v2_status.tsv	cd /Users/mkbabb/Programming/bbnf-lang/skinny && xctrace record --template "Time Profiler" --output /tmp/skv12-p1/direct-xctrace/time-profiler-v2/numbers__track2.trace --no-prompt --time-limit 2000ms --launch -- /tmp/skv12-profile-target-50bd1648/release/profile_direct 20000 numbers track2	Product self-time authority; 2s/20000-iteration recapture avoids shallow primary product traces.
xctrace-time-profiler-product-v2-export	xctrace-time-profiler-v2-export-direct	direct	numbers	track2	numbers	20000	/Users/mkbabb/Programming/bbnf-lang	xctrace	rc=0 required	/tmp/skv12-p1/direct-xctrace/exports-v2/numbers__track2.time-profile.xml	/tmp/skv12-p1/product_time_profile_v2_status.tsv	xctrace export --input /tmp/skv12-p1/direct-xctrace/time-profiler-v2/numbers__track2.trace --xpath "/trace-toc/run[@number=\"1\"]/data/table[@schema=\"time-profile\"]" > /tmp/skv12-p1/direct-xctrace/exports-v2/numbers__track2.time-profile.xml	Product-v2 Time Profiler XML export; feeds the derived direct/typed self-time TSVs.
xctrace-time-profiler-product-v2	xctrace-time-profiler-v2-direct	direct	random	track1	random	20000	/Users/mkbabb/Programming/bbnf-lang/skinny	xctrace	rc=0 or rc=54 with saved trace after time-limit/target-exit stop	/tmp/skv12-p1/direct-xctrace/time-profiler-v2/random__track1.trace	/tmp/skv12-p1/product_time_profile_v2_status.tsv	cd /Users/mkbabb/Programming/bbnf-lang/skinny && xctrace record --template "Time Profiler" --output /tmp/skv12-p1/direct-xctrace/time-profiler-v2/random__track1.trace --no-prompt --time-limit 2000ms --launch -- /tmp/skv12-profile-target-50bd1648/release/profile_direct 20000 random track1	Product self-time authority; 2s/20000-iteration recapture avoids shallow primary product traces.
xctrace-time-profiler-product-v2-export	xctrace-time-profiler-v2-export-direct	direct	random	track1	random	20000	/Users/mkbabb/Programming/bbnf-lang	xctrace	rc=0 required	/tmp/skv12-p1/direct-xctrace/exports-v2/random__track1.time-profile.xml	/tmp/skv12-p1/product_time_profile_v2_status.tsv	xctrace export --input /tmp/skv12-p1/direct-xctrace/time-profiler-v2/random__track1.trace --xpath "/trace-toc/run[@number=\"1\"]/data/table[@schema=\"time-profile\"]" > /tmp/skv12-p1/direct-xctrace/exports-v2/random__track1.time-profile.xml	Product-v2 Time Profiler XML export; feeds the derived direct/typed self-time TSVs.
xctrace-time-profiler-product-v2	xctrace-time-profiler-v2-direct	direct	random	track2	random	20000	/Users/mkbabb/Programming/bbnf-lang/skinny	xctrace	rc=0 or rc=54 with saved trace after time-limit/target-exit stop	/tmp/skv12-p1/direct-xctrace/time-profiler-v2/random__track2.trace	/tmp/skv12-p1/product_time_profile_v2_status.tsv	cd /Users/mkbabb/Programming/bbnf-lang/skinny && xctrace record --template "Time Profiler" --output /tmp/skv12-p1/direct-xctrace/time-profiler-v2/random__track2.trace --no-prompt --time-limit 2000ms --launch -- /tmp/skv12-profile-target-50bd1648/release/profile_direct 20000 random track2	Product self-time authority; 2s/20000-iteration recapture avoids shallow primary product traces.
xctrace-time-profiler-product-v2-export	xctrace-time-profiler-v2-export-direct	direct	random	track2	random	20000	/Users/mkbabb/Programming/bbnf-lang	xctrace	rc=0 required	/tmp/skv12-p1/direct-xctrace/exports-v2/random__track2.time-profile.xml	/tmp/skv12-p1/product_time_profile_v2_status.tsv	xctrace export --input /tmp/skv12-p1/direct-xctrace/time-profiler-v2/random__track2.trace --xpath "/trace-toc/run[@number=\"1\"]/data/table[@schema=\"time-profile\"]" > /tmp/skv12-p1/direct-xctrace/exports-v2/random__track2.time-profile.xml	Product-v2 Time Profiler XML export; feeds the derived direct/typed self-time TSVs.
xctrace-time-profiler-product-v2	xctrace-time-profiler-v2-direct	direct	twitter	track1	twitter	20000	/Users/mkbabb/Programming/bbnf-lang/skinny	xctrace	rc=0 or rc=54 with saved trace after time-limit/target-exit stop	/tmp/skv12-p1/direct-xctrace/time-profiler-v2/twitter__track1.trace	/tmp/skv12-p1/product_time_profile_v2_status.tsv	cd /Users/mkbabb/Programming/bbnf-lang/skinny && xctrace record --template "Time Profiler" --output /tmp/skv12-p1/direct-xctrace/time-profiler-v2/twitter__track1.trace --no-prompt --time-limit 2000ms --launch -- /tmp/skv12-profile-target-50bd1648/release/profile_direct 20000 twitter track1	Product self-time authority; 2s/20000-iteration recapture avoids shallow primary product traces.
xctrace-time-profiler-product-v2-export	xctrace-time-profiler-v2-export-direct	direct	twitter	track1	twitter	20000	/Users/mkbabb/Programming/bbnf-lang	xctrace	rc=0 required	/tmp/skv12-p1/direct-xctrace/exports-v2/twitter__track1.time-profile.xml	/tmp/skv12-p1/product_time_profile_v2_status.tsv	xctrace export --input /tmp/skv12-p1/direct-xctrace/time-profiler-v2/twitter__track1.trace --xpath "/trace-toc/run[@number=\"1\"]/data/table[@schema=\"time-profile\"]" > /tmp/skv12-p1/direct-xctrace/exports-v2/twitter__track1.time-profile.xml	Product-v2 Time Profiler XML export; feeds the derived direct/typed self-time TSVs.
xctrace-time-profiler-product-v2	xctrace-time-profiler-v2-direct	direct	twitter	track2	twitter	20000	/Users/mkbabb/Programming/bbnf-lang/skinny	xctrace	rc=0 or rc=54 with saved trace after time-limit/target-exit stop	/tmp/skv12-p1/direct-xctrace/time-profiler-v2/twitter__track2.trace	/tmp/skv12-p1/product_time_profile_v2_status.tsv	cd /Users/mkbabb/Programming/bbnf-lang/skinny && xctrace record --template "Time Profiler" --output /tmp/skv12-p1/direct-xctrace/time-profiler-v2/twitter__track2.trace --no-prompt --time-limit 2000ms --launch -- /tmp/skv12-profile-target-50bd1648/release/profile_direct 20000 twitter track2	Product self-time authority; 2s/20000-iteration recapture avoids shallow primary product traces.
xctrace-time-profiler-product-v2-export	xctrace-time-profiler-v2-export-direct	direct	twitter	track2	twitter	20000	/Users/mkbabb/Programming/bbnf-lang	xctrace	rc=0 required	/tmp/skv12-p1/direct-xctrace/exports-v2/twitter__track2.time-profile.xml	/tmp/skv12-p1/product_time_profile_v2_status.tsv	xctrace export --input /tmp/skv12-p1/direct-xctrace/time-profiler-v2/twitter__track2.trace --xpath "/trace-toc/run[@number=\"1\"]/data/table[@schema=\"time-profile\"]" > /tmp/skv12-p1/direct-xctrace/exports-v2/twitter__track2.time-profile.xml	Product-v2 Time Profiler XML export; feeds the derived direct/typed self-time TSVs.
xctrace-time-profiler-product-v2	xctrace-time-profiler-v2-direct	direct	unicode_basic	track1	unicode_basic	20000	/Users/mkbabb/Programming/bbnf-lang/skinny	xctrace	rc=0 or rc=54 with saved trace after time-limit/target-exit stop	/tmp/skv12-p1/direct-xctrace/time-profiler-v2/unicode_basic__track1.trace	/tmp/skv12-p1/product_time_profile_v2_status.tsv	cd /Users/mkbabb/Programming/bbnf-lang/skinny && xctrace record --template "Time Profiler" --output /tmp/skv12-p1/direct-xctrace/time-profiler-v2/unicode_basic__track1.trace --no-prompt --time-limit 2000ms --launch -- /tmp/skv12-profile-target-50bd1648/release/profile_direct 20000 unicode_basic track1	Product self-time authority; 2s/20000-iteration recapture avoids shallow primary product traces.
xctrace-time-profiler-product-v2-export	xctrace-time-profiler-v2-export-direct	direct	unicode_basic	track1	unicode_basic	20000	/Users/mkbabb/Programming/bbnf-lang	xctrace	rc=0 required	/tmp/skv12-p1/direct-xctrace/exports-v2/unicode_basic__track1.time-profile.xml	/tmp/skv12-p1/product_time_profile_v2_status.tsv	xctrace export --input /tmp/skv12-p1/direct-xctrace/time-profiler-v2/unicode_basic__track1.trace --xpath "/trace-toc/run[@number=\"1\"]/data/table[@schema=\"time-profile\"]" > /tmp/skv12-p1/direct-xctrace/exports-v2/unicode_basic__track1.time-profile.xml	Product-v2 Time Profiler XML export; feeds the derived direct/typed self-time TSVs.
xctrace-time-profiler-product-v2	xctrace-time-profiler-v2-direct	direct	unicode_basic	track2	unicode_basic	20000	/Users/mkbabb/Programming/bbnf-lang/skinny	xctrace	rc=0 or rc=54 with saved trace after time-limit/target-exit stop	/tmp/skv12-p1/direct-xctrace/time-profiler-v2/unicode_basic__track2.trace	/tmp/skv12-p1/product_time_profile_v2_status.tsv	cd /Users/mkbabb/Programming/bbnf-lang/skinny && xctrace record --template "Time Profiler" --output /tmp/skv12-p1/direct-xctrace/time-profiler-v2/unicode_basic__track2.trace --no-prompt --time-limit 2000ms --launch -- /tmp/skv12-profile-target-50bd1648/release/profile_direct 20000 unicode_basic track2	Product self-time authority; 2s/20000-iteration recapture avoids shallow primary product traces.
xctrace-time-profiler-product-v2-export	xctrace-time-profiler-v2-export-direct	direct	unicode_basic	track2	unicode_basic	20000	/Users/mkbabb/Programming/bbnf-lang	xctrace	rc=0 required	/tmp/skv12-p1/direct-xctrace/exports-v2/unicode_basic__track2.time-profile.xml	/tmp/skv12-p1/product_time_profile_v2_status.tsv	xctrace export --input /tmp/skv12-p1/direct-xctrace/time-profiler-v2/unicode_basic__track2.trace --xpath "/trace-toc/run[@number=\"1\"]/data/table[@schema=\"time-profile\"]" > /tmp/skv12-p1/direct-xctrace/exports-v2/unicode_basic__track2.time-profile.xml	Product-v2 Time Profiler XML export; feeds the derived direct/typed self-time TSVs.
xctrace-time-profiler-product-v2	xctrace-time-profiler-v2-direct	direct	unicode_escapes	track1	unicode_escapes	20000	/Users/mkbabb/Programming/bbnf-lang/skinny	xctrace	rc=0 or rc=54 with saved trace after time-limit/target-exit stop	/tmp/skv12-p1/direct-xctrace/time-profiler-v2/unicode_escapes__track1.trace	/tmp/skv12-p1/product_time_profile_v2_status.tsv	cd /Users/mkbabb/Programming/bbnf-lang/skinny && xctrace record --template "Time Profiler" --output /tmp/skv12-p1/direct-xctrace/time-profiler-v2/unicode_escapes__track1.trace --no-prompt --time-limit 2000ms --launch -- /tmp/skv12-profile-target-50bd1648/release/profile_direct 20000 unicode_escapes track1	Product self-time authority; 2s/20000-iteration recapture avoids shallow primary product traces.
xctrace-time-profiler-product-v2-export	xctrace-time-profiler-v2-export-direct	direct	unicode_escapes	track1	unicode_escapes	20000	/Users/mkbabb/Programming/bbnf-lang	xctrace	rc=0 required	/tmp/skv12-p1/direct-xctrace/exports-v2/unicode_escapes__track1.time-profile.xml	/tmp/skv12-p1/product_time_profile_v2_status.tsv	xctrace export --input /tmp/skv12-p1/direct-xctrace/time-profiler-v2/unicode_escapes__track1.trace --xpath "/trace-toc/run[@number=\"1\"]/data/table[@schema=\"time-profile\"]" > /tmp/skv12-p1/direct-xctrace/exports-v2/unicode_escapes__track1.time-profile.xml	Product-v2 Time Profiler XML export; feeds the derived direct/typed self-time TSVs.
xctrace-time-profiler-product-v2	xctrace-time-profiler-v2-direct	direct	unicode_escapes	track2	unicode_escapes	20000	/Users/mkbabb/Programming/bbnf-lang/skinny	xctrace	rc=0 or rc=54 with saved trace after time-limit/target-exit stop	/tmp/skv12-p1/direct-xctrace/time-profiler-v2/unicode_escapes__track2.trace	/tmp/skv12-p1/product_time_profile_v2_status.tsv	cd /Users/mkbabb/Programming/bbnf-lang/skinny && xctrace record --template "Time Profiler" --output /tmp/skv12-p1/direct-xctrace/time-profiler-v2/unicode_escapes__track2.trace --no-prompt --time-limit 2000ms --launch -- /tmp/skv12-profile-target-50bd1648/release/profile_direct 20000 unicode_escapes track2	Product self-time authority; 2s/20000-iteration recapture avoids shallow primary product traces.
xctrace-time-profiler-product-v2-export	xctrace-time-profiler-v2-export-direct	direct	unicode_escapes	track2	unicode_escapes	20000	/Users/mkbabb/Programming/bbnf-lang	xctrace	rc=0 required	/tmp/skv12-p1/direct-xctrace/exports-v2/unicode_escapes__track2.time-profile.xml	/tmp/skv12-p1/product_time_profile_v2_status.tsv	xctrace export --input /tmp/skv12-p1/direct-xctrace/time-profiler-v2/unicode_escapes__track2.trace --xpath "/trace-toc/run[@number=\"1\"]/data/table[@schema=\"time-profile\"]" > /tmp/skv12-p1/direct-xctrace/exports-v2/unicode_escapes__track2.time-profile.xml	Product-v2 Time Profiler XML export; feeds the derived direct/typed self-time TSVs.
xctrace-time-profiler-product-v2	xctrace-time-profiler-v2-direct	direct	unicode_mixed	track1	unicode_mixed	20000	/Users/mkbabb/Programming/bbnf-lang/skinny	xctrace	rc=0 or rc=54 with saved trace after time-limit/target-exit stop	/tmp/skv12-p1/direct-xctrace/time-profiler-v2/unicode_mixed__track1.trace	/tmp/skv12-p1/product_time_profile_v2_status.tsv	cd /Users/mkbabb/Programming/bbnf-lang/skinny && xctrace record --template "Time Profiler" --output /tmp/skv12-p1/direct-xctrace/time-profiler-v2/unicode_mixed__track1.trace --no-prompt --time-limit 2000ms --launch -- /tmp/skv12-profile-target-50bd1648/release/profile_direct 20000 unicode_mixed track1	Product self-time authority; 2s/20000-iteration recapture avoids shallow primary product traces.
xctrace-time-profiler-product-v2-export	xctrace-time-profiler-v2-export-direct	direct	unicode_mixed	track1	unicode_mixed	20000	/Users/mkbabb/Programming/bbnf-lang	xctrace	rc=0 required	/tmp/skv12-p1/direct-xctrace/exports-v2/unicode_mixed__track1.time-profile.xml	/tmp/skv12-p1/product_time_profile_v2_status.tsv	xctrace export --input /tmp/skv12-p1/direct-xctrace/time-profiler-v2/unicode_mixed__track1.trace --xpath "/trace-toc/run[@number=\"1\"]/data/table[@schema=\"time-profile\"]" > /tmp/skv12-p1/direct-xctrace/exports-v2/unicode_mixed__track1.time-profile.xml	Product-v2 Time Profiler XML export; feeds the derived direct/typed self-time TSVs.
xctrace-time-profiler-product-v2	xctrace-time-profiler-v2-direct	direct	unicode_mixed	track2	unicode_mixed	20000	/Users/mkbabb/Programming/bbnf-lang/skinny	xctrace	rc=0 or rc=54 with saved trace after time-limit/target-exit stop	/tmp/skv12-p1/direct-xctrace/time-profiler-v2/unicode_mixed__track2.trace	/tmp/skv12-p1/product_time_profile_v2_status.tsv	cd /Users/mkbabb/Programming/bbnf-lang/skinny && xctrace record --template "Time Profiler" --output /tmp/skv12-p1/direct-xctrace/time-profiler-v2/unicode_mixed__track2.trace --no-prompt --time-limit 2000ms --launch -- /tmp/skv12-profile-target-50bd1648/release/profile_direct 20000 unicode_mixed track2	Product self-time authority; 2s/20000-iteration recapture avoids shallow primary product traces.
xctrace-time-profiler-product-v2-export	xctrace-time-profiler-v2-export-direct	direct	unicode_mixed	track2	unicode_mixed	20000	/Users/mkbabb/Programming/bbnf-lang	xctrace	rc=0 required	/tmp/skv12-p1/direct-xctrace/exports-v2/unicode_mixed__track2.time-profile.xml	/tmp/skv12-p1/product_time_profile_v2_status.tsv	xctrace export --input /tmp/skv12-p1/direct-xctrace/time-profiler-v2/unicode_mixed__track2.trace --xpath "/trace-toc/run[@number=\"1\"]/data/table[@schema=\"time-profile\"]" > /tmp/skv12-p1/direct-xctrace/exports-v2/unicode_mixed__track2.time-profile.xml	Product-v2 Time Profiler XML export; feeds the derived direct/typed self-time TSVs.
xctrace-time-profiler-product-v2	xctrace-time-profiler-v2-direct	direct	update_center	track1	update-center	20000	/Users/mkbabb/Programming/bbnf-lang/skinny	xctrace	rc=0 or rc=54 with saved trace after time-limit/target-exit stop	/tmp/skv12-p1/direct-xctrace/time-profiler-v2/update_center__track1.trace	/tmp/skv12-p1/product_time_profile_v2_status.tsv	cd /Users/mkbabb/Programming/bbnf-lang/skinny && xctrace record --template "Time Profiler" --output /tmp/skv12-p1/direct-xctrace/time-profiler-v2/update_center__track1.trace --no-prompt --time-limit 2000ms --launch -- /tmp/skv12-profile-target-50bd1648/release/profile_direct 20000 update-center track1	Product self-time authority; 2s/20000-iteration recapture avoids shallow primary product traces.
xctrace-time-profiler-product-v2-export	xctrace-time-profiler-v2-export-direct	direct	update_center	track1	update-center	20000	/Users/mkbabb/Programming/bbnf-lang	xctrace	rc=0 required	/tmp/skv12-p1/direct-xctrace/exports-v2/update_center__track1.time-profile.xml	/tmp/skv12-p1/product_time_profile_v2_status.tsv	xctrace export --input /tmp/skv12-p1/direct-xctrace/time-profiler-v2/update_center__track1.trace --xpath "/trace-toc/run[@number=\"1\"]/data/table[@schema=\"time-profile\"]" > /tmp/skv12-p1/direct-xctrace/exports-v2/update_center__track1.time-profile.xml	Product-v2 Time Profiler XML export; feeds the derived direct/typed self-time TSVs.
xctrace-time-profiler-product-v2	xctrace-time-profiler-v2-direct	direct	update_center	track2	update-center	20000	/Users/mkbabb/Programming/bbnf-lang/skinny	xctrace	rc=0 or rc=54 with saved trace after time-limit/target-exit stop	/tmp/skv12-p1/direct-xctrace/time-profiler-v2/update_center__track2.trace	/tmp/skv12-p1/product_time_profile_v2_status.tsv	cd /Users/mkbabb/Programming/bbnf-lang/skinny && xctrace record --template "Time Profiler" --output /tmp/skv12-p1/direct-xctrace/time-profiler-v2/update_center__track2.trace --no-prompt --time-limit 2000ms --launch -- /tmp/skv12-profile-target-50bd1648/release/profile_direct 20000 update-center track2	Product self-time authority; 2s/20000-iteration recapture avoids shallow primary product traces.
xctrace-time-profiler-product-v2-export	xctrace-time-profiler-v2-export-direct	direct	update_center	track2	update-center	20000	/Users/mkbabb/Programming/bbnf-lang	xctrace	rc=0 required	/tmp/skv12-p1/direct-xctrace/exports-v2/update_center__track2.time-profile.xml	/tmp/skv12-p1/product_time_profile_v2_status.tsv	xctrace export --input /tmp/skv12-p1/direct-xctrace/time-profiler-v2/update_center__track2.trace --xpath "/trace-toc/run[@number=\"1\"]/data/table[@schema=\"time-profile\"]" > /tmp/skv12-p1/direct-xctrace/exports-v2/update_center__track2.time-profile.xml	Product-v2 Time Profiler XML export; feeds the derived direct/typed self-time TSVs.
xctrace-time-profiler-product-v2	xctrace-time-profiler-v2-direct	direct	y_string_unicode	track1	y_string_unicode	20000	/Users/mkbabb/Programming/bbnf-lang/skinny	xctrace	rc=0 or rc=54 with saved trace after time-limit/target-exit stop	/tmp/skv12-p1/direct-xctrace/time-profiler-v2/y_string_unicode__track1.trace	/tmp/skv12-p1/product_time_profile_v2_status.tsv	cd /Users/mkbabb/Programming/bbnf-lang/skinny && xctrace record --template "Time Profiler" --output /tmp/skv12-p1/direct-xctrace/time-profiler-v2/y_string_unicode__track1.trace --no-prompt --time-limit 2000ms --launch -- /tmp/skv12-profile-target-50bd1648/release/profile_direct 20000 y_string_unicode track1	Product self-time authority; 2s/20000-iteration recapture avoids shallow primary product traces.
xctrace-time-profiler-product-v2-export	xctrace-time-profiler-v2-export-direct	direct	y_string_unicode	track1	y_string_unicode	20000	/Users/mkbabb/Programming/bbnf-lang	xctrace	rc=0 required	/tmp/skv12-p1/direct-xctrace/exports-v2/y_string_unicode__track1.time-profile.xml	/tmp/skv12-p1/product_time_profile_v2_status.tsv	xctrace export --input /tmp/skv12-p1/direct-xctrace/time-profiler-v2/y_string_unicode__track1.trace --xpath "/trace-toc/run[@number=\"1\"]/data/table[@schema=\"time-profile\"]" > /tmp/skv12-p1/direct-xctrace/exports-v2/y_string_unicode__track1.time-profile.xml	Product-v2 Time Profiler XML export; feeds the derived direct/typed self-time TSVs.
xctrace-time-profiler-product-v2	xctrace-time-profiler-v2-direct	direct	y_string_unicode	track2	y_string_unicode	20000	/Users/mkbabb/Programming/bbnf-lang/skinny	xctrace	rc=0 or rc=54 with saved trace after time-limit/target-exit stop	/tmp/skv12-p1/direct-xctrace/time-profiler-v2/y_string_unicode__track2.trace	/tmp/skv12-p1/product_time_profile_v2_status.tsv	cd /Users/mkbabb/Programming/bbnf-lang/skinny && xctrace record --template "Time Profiler" --output /tmp/skv12-p1/direct-xctrace/time-profiler-v2/y_string_unicode__track2.trace --no-prompt --time-limit 2000ms --launch -- /tmp/skv12-profile-target-50bd1648/release/profile_direct 20000 y_string_unicode track2	Product self-time authority; 2s/20000-iteration recapture avoids shallow primary product traces.
xctrace-time-profiler-product-v2-export	xctrace-time-profiler-v2-export-direct	direct	y_string_unicode	track2	y_string_unicode	20000	/Users/mkbabb/Programming/bbnf-lang	xctrace	rc=0 required	/tmp/skv12-p1/direct-xctrace/exports-v2/y_string_unicode__track2.time-profile.xml	/tmp/skv12-p1/product_time_profile_v2_status.tsv	xctrace export --input /tmp/skv12-p1/direct-xctrace/time-profiler-v2/y_string_unicode__track2.trace --xpath "/trace-toc/run[@number=\"1\"]/data/table[@schema=\"time-profile\"]" > /tmp/skv12-p1/direct-xctrace/exports-v2/y_string_unicode__track2.time-profile.xml	Product-v2 Time Profiler XML export; feeds the derived direct/typed self-time TSVs.
xctrace-time-profiler-product-v2	xctrace-time-profiler-v2-typed	typed	apache_builds	real_typed_track1	apache_builds	20000	/Users/mkbabb/Programming/bbnf-lang/skinny	xctrace	rc=0 or rc=54 with saved trace after time-limit/target-exit stop	/tmp/skv12-p1/direct-xctrace/time-profiler-v2/apache_builds__real_typed_track1.trace	/tmp/skv12-p1/product_time_profile_v2_status.tsv	cd /Users/mkbabb/Programming/bbnf-lang/skinny && xctrace record --template "Time Profiler" --output /tmp/skv12-p1/direct-xctrace/time-profiler-v2/apache_builds__real_typed_track1.trace --no-prompt --time-limit 2000ms --launch -- /tmp/skv12-profile-target-50bd1648/release/profile_direct 20000 apache_builds real_typed_track1	Product self-time authority; 2s/20000-iteration recapture avoids shallow primary product traces.
xctrace-time-profiler-product-v2-export	xctrace-time-profiler-v2-export-typed	typed	apache_builds	real_typed_track1	apache_builds	20000	/Users/mkbabb/Programming/bbnf-lang	xctrace	rc=0 required	/tmp/skv12-p1/direct-xctrace/exports-v2/apache_builds__real_typed_track1.time-profile.xml	/tmp/skv12-p1/product_time_profile_v2_status.tsv	xctrace export --input /tmp/skv12-p1/direct-xctrace/time-profiler-v2/apache_builds__real_typed_track1.trace --xpath "/trace-toc/run[@number=\"1\"]/data/table[@schema=\"time-profile\"]" > /tmp/skv12-p1/direct-xctrace/exports-v2/apache_builds__real_typed_track1.time-profile.xml	Product-v2 Time Profiler XML export; feeds the derived direct/typed self-time TSVs.
xctrace-time-profiler-product-v2	xctrace-time-profiler-v2-typed	typed	apache_builds	real_typed_track2	apache_builds	20000	/Users/mkbabb/Programming/bbnf-lang/skinny	xctrace	rc=0 or rc=54 with saved trace after time-limit/target-exit stop	/tmp/skv12-p1/direct-xctrace/time-profiler-v2/apache_builds__real_typed_track2.trace	/tmp/skv12-p1/product_time_profile_v2_status.tsv	cd /Users/mkbabb/Programming/bbnf-lang/skinny && xctrace record --template "Time Profiler" --output /tmp/skv12-p1/direct-xctrace/time-profiler-v2/apache_builds__real_typed_track2.trace --no-prompt --time-limit 2000ms --launch -- /tmp/skv12-profile-target-50bd1648/release/profile_direct 20000 apache_builds real_typed_track2	Product self-time authority; 2s/20000-iteration recapture avoids shallow primary product traces.
xctrace-time-profiler-product-v2-export	xctrace-time-profiler-v2-export-typed	typed	apache_builds	real_typed_track2	apache_builds	20000	/Users/mkbabb/Programming/bbnf-lang	xctrace	rc=0 required	/tmp/skv12-p1/direct-xctrace/exports-v2/apache_builds__real_typed_track2.time-profile.xml	/tmp/skv12-p1/product_time_profile_v2_status.tsv	xctrace export --input /tmp/skv12-p1/direct-xctrace/time-profiler-v2/apache_builds__real_typed_track2.trace --xpath "/trace-toc/run[@number=\"1\"]/data/table[@schema=\"time-profile\"]" > /tmp/skv12-p1/direct-xctrace/exports-v2/apache_builds__real_typed_track2.time-profile.xml	Product-v2 Time Profiler XML export; feeds the derived direct/typed self-time TSVs.
xctrace-time-profiler-product-v2	xctrace-time-profiler-v2-typed	typed	citm_catalog	real_typed_track1	citm_catalog	20000	/Users/mkbabb/Programming/bbnf-lang/skinny	xctrace	rc=0 or rc=54 with saved trace after time-limit/target-exit stop	/tmp/skv12-p1/direct-xctrace/time-profiler-v2/citm_catalog__real_typed_track1.trace	/tmp/skv12-p1/product_time_profile_v2_status.tsv	cd /Users/mkbabb/Programming/bbnf-lang/skinny && xctrace record --template "Time Profiler" --output /tmp/skv12-p1/direct-xctrace/time-profiler-v2/citm_catalog__real_typed_track1.trace --no-prompt --time-limit 2000ms --launch -- /tmp/skv12-profile-target-50bd1648/release/profile_direct 20000 citm_catalog real_typed_track1	Product self-time authority; 2s/20000-iteration recapture avoids shallow primary product traces.
xctrace-time-profiler-product-v2-export	xctrace-time-profiler-v2-export-typed	typed	citm_catalog	real_typed_track1	citm_catalog	20000	/Users/mkbabb/Programming/bbnf-lang	xctrace	rc=0 required	/tmp/skv12-p1/direct-xctrace/exports-v2/citm_catalog__real_typed_track1.time-profile.xml	/tmp/skv12-p1/product_time_profile_v2_status.tsv	xctrace export --input /tmp/skv12-p1/direct-xctrace/time-profiler-v2/citm_catalog__real_typed_track1.trace --xpath "/trace-toc/run[@number=\"1\"]/data/table[@schema=\"time-profile\"]" > /tmp/skv12-p1/direct-xctrace/exports-v2/citm_catalog__real_typed_track1.time-profile.xml	Product-v2 Time Profiler XML export; feeds the derived direct/typed self-time TSVs.
xctrace-time-profiler-product-v2	xctrace-time-profiler-v2-typed	typed	citm_catalog	real_typed_track2	citm_catalog	20000	/Users/mkbabb/Programming/bbnf-lang/skinny	xctrace	rc=0 or rc=54 with saved trace after time-limit/target-exit stop	/tmp/skv12-p1/direct-xctrace/time-profiler-v2/citm_catalog__real_typed_track2.trace	/tmp/skv12-p1/product_time_profile_v2_status.tsv	cd /Users/mkbabb/Programming/bbnf-lang/skinny && xctrace record --template "Time Profiler" --output /tmp/skv12-p1/direct-xctrace/time-profiler-v2/citm_catalog__real_typed_track2.trace --no-prompt --time-limit 2000ms --launch -- /tmp/skv12-profile-target-50bd1648/release/profile_direct 20000 citm_catalog real_typed_track2	Product self-time authority; 2s/20000-iteration recapture avoids shallow primary product traces.
xctrace-time-profiler-product-v2-export	xctrace-time-profiler-v2-export-typed	typed	citm_catalog	real_typed_track2	citm_catalog	20000	/Users/mkbabb/Programming/bbnf-lang	xctrace	rc=0 required	/tmp/skv12-p1/direct-xctrace/exports-v2/citm_catalog__real_typed_track2.time-profile.xml	/tmp/skv12-p1/product_time_profile_v2_status.tsv	xctrace export --input /tmp/skv12-p1/direct-xctrace/time-profiler-v2/citm_catalog__real_typed_track2.trace --xpath "/trace-toc/run[@number=\"1\"]/data/table[@schema=\"time-profile\"]" > /tmp/skv12-p1/direct-xctrace/exports-v2/citm_catalog__real_typed_track2.time-profile.xml	Product-v2 Time Profiler XML export; feeds the derived direct/typed self-time TSVs.
xctrace-time-profiler-product-v2	xctrace-time-profiler-v2-typed	typed	github_events	real_typed_track1	github_events	20000	/Users/mkbabb/Programming/bbnf-lang/skinny	xctrace	rc=0 or rc=54 with saved trace after time-limit/target-exit stop	/tmp/skv12-p1/direct-xctrace/time-profiler-v2/github_events__real_typed_track1.trace	/tmp/skv12-p1/product_time_profile_v2_status.tsv	cd /Users/mkbabb/Programming/bbnf-lang/skinny && xctrace record --template "Time Profiler" --output /tmp/skv12-p1/direct-xctrace/time-profiler-v2/github_events__real_typed_track1.trace --no-prompt --time-limit 2000ms --launch -- /tmp/skv12-profile-target-50bd1648/release/profile_direct 20000 github_events real_typed_track1	Product self-time authority; 2s/20000-iteration recapture avoids shallow primary product traces.
xctrace-time-profiler-product-v2-export	xctrace-time-profiler-v2-export-typed	typed	github_events	real_typed_track1	github_events	20000	/Users/mkbabb/Programming/bbnf-lang	xctrace	rc=0 required	/tmp/skv12-p1/direct-xctrace/exports-v2/github_events__real_typed_track1.time-profile.xml	/tmp/skv12-p1/product_time_profile_v2_status.tsv	xctrace export --input /tmp/skv12-p1/direct-xctrace/time-profiler-v2/github_events__real_typed_track1.trace --xpath "/trace-toc/run[@number=\"1\"]/data/table[@schema=\"time-profile\"]" > /tmp/skv12-p1/direct-xctrace/exports-v2/github_events__real_typed_track1.time-profile.xml	Product-v2 Time Profiler XML export; feeds the derived direct/typed self-time TSVs.
xctrace-time-profiler-product-v2	xctrace-time-profiler-v2-typed	typed	github_events	real_typed_track2	github_events	20000	/Users/mkbabb/Programming/bbnf-lang/skinny	xctrace	rc=0 or rc=54 with saved trace after time-limit/target-exit stop	/tmp/skv12-p1/direct-xctrace/time-profiler-v2/github_events__real_typed_track2.trace	/tmp/skv12-p1/product_time_profile_v2_status.tsv	cd /Users/mkbabb/Programming/bbnf-lang/skinny && xctrace record --template "Time Profiler" --output /tmp/skv12-p1/direct-xctrace/time-profiler-v2/github_events__real_typed_track2.trace --no-prompt --time-limit 2000ms --launch -- /tmp/skv12-profile-target-50bd1648/release/profile_direct 20000 github_events real_typed_track2	Product self-time authority; 2s/20000-iteration recapture avoids shallow primary product traces.
xctrace-time-profiler-product-v2-export	xctrace-time-profiler-v2-export-typed	typed	github_events	real_typed_track2	github_events	20000	/Users/mkbabb/Programming/bbnf-lang	xctrace	rc=0 required	/tmp/skv12-p1/direct-xctrace/exports-v2/github_events__real_typed_track2.time-profile.xml	/tmp/skv12-p1/product_time_profile_v2_status.tsv	xctrace export --input /tmp/skv12-p1/direct-xctrace/time-profiler-v2/github_events__real_typed_track2.trace --xpath "/trace-toc/run[@number=\"1\"]/data/table[@schema=\"time-profile\"]" > /tmp/skv12-p1/direct-xctrace/exports-v2/github_events__real_typed_track2.time-profile.xml	Product-v2 Time Profiler XML export; feeds the derived direct/typed self-time TSVs.
xctrace-time-profiler-product-v2	xctrace-time-profiler-v2-typed	typed	marine_ik	real_typed_track1	marine_ik	20000	/Users/mkbabb/Programming/bbnf-lang/skinny	xctrace	rc=0 or rc=54 with saved trace after time-limit/target-exit stop	/tmp/skv12-p1/direct-xctrace/time-profiler-v2/marine_ik__real_typed_track1.trace	/tmp/skv12-p1/product_time_profile_v2_status.tsv	cd /Users/mkbabb/Programming/bbnf-lang/skinny && xctrace record --template "Time Profiler" --output /tmp/skv12-p1/direct-xctrace/time-profiler-v2/marine_ik__real_typed_track1.trace --no-prompt --time-limit 2000ms --launch -- /tmp/skv12-profile-target-50bd1648/release/profile_direct 20000 marine_ik real_typed_track1	Product self-time authority; 2s/20000-iteration recapture avoids shallow primary product traces.
xctrace-time-profiler-product-v2-export	xctrace-time-profiler-v2-export-typed	typed	marine_ik	real_typed_track1	marine_ik	20000	/Users/mkbabb/Programming/bbnf-lang	xctrace	rc=0 required	/tmp/skv12-p1/direct-xctrace/exports-v2/marine_ik__real_typed_track1.time-profile.xml	/tmp/skv12-p1/product_time_profile_v2_status.tsv	xctrace export --input /tmp/skv12-p1/direct-xctrace/time-profiler-v2/marine_ik__real_typed_track1.trace --xpath "/trace-toc/run[@number=\"1\"]/data/table[@schema=\"time-profile\"]" > /tmp/skv12-p1/direct-xctrace/exports-v2/marine_ik__real_typed_track1.time-profile.xml	Product-v2 Time Profiler XML export; feeds the derived direct/typed self-time TSVs.
xctrace-time-profiler-product-v2	xctrace-time-profiler-v2-typed	typed	marine_ik	real_typed_track2	marine_ik	20000	/Users/mkbabb/Programming/bbnf-lang/skinny	xctrace	rc=0 or rc=54 with saved trace after time-limit/target-exit stop	/tmp/skv12-p1/direct-xctrace/time-profiler-v2/marine_ik__real_typed_track2.trace	/tmp/skv12-p1/product_time_profile_v2_status.tsv	cd /Users/mkbabb/Programming/bbnf-lang/skinny && xctrace record --template "Time Profiler" --output /tmp/skv12-p1/direct-xctrace/time-profiler-v2/marine_ik__real_typed_track2.trace --no-prompt --time-limit 2000ms --launch -- /tmp/skv12-profile-target-50bd1648/release/profile_direct 20000 marine_ik real_typed_track2	Product self-time authority; 2s/20000-iteration recapture avoids shallow primary product traces.
xctrace-time-profiler-product-v2-export	xctrace-time-profiler-v2-export-typed	typed	marine_ik	real_typed_track2	marine_ik	20000	/Users/mkbabb/Programming/bbnf-lang	xctrace	rc=0 required	/tmp/skv12-p1/direct-xctrace/exports-v2/marine_ik__real_typed_track2.time-profile.xml	/tmp/skv12-p1/product_time_profile_v2_status.tsv	xctrace export --input /tmp/skv12-p1/direct-xctrace/time-profiler-v2/marine_ik__real_typed_track2.trace --xpath "/trace-toc/run[@number=\"1\"]/data/table[@schema=\"time-profile\"]" > /tmp/skv12-p1/direct-xctrace/exports-v2/marine_ik__real_typed_track2.time-profile.xml	Product-v2 Time Profiler XML export; feeds the derived direct/typed self-time TSVs.
xctrace-time-profiler-product-v2	xctrace-time-profiler-v2-typed	typed	mesh	real_typed_track1	mesh	20000	/Users/mkbabb/Programming/bbnf-lang/skinny	xctrace	rc=0 or rc=54 with saved trace after time-limit/target-exit stop	/tmp/skv12-p1/direct-xctrace/time-profiler-v2/mesh__real_typed_track1.trace	/tmp/skv12-p1/product_time_profile_v2_status.tsv	cd /Users/mkbabb/Programming/bbnf-lang/skinny && xctrace record --template "Time Profiler" --output /tmp/skv12-p1/direct-xctrace/time-profiler-v2/mesh__real_typed_track1.trace --no-prompt --time-limit 2000ms --launch -- /tmp/skv12-profile-target-50bd1648/release/profile_direct 20000 mesh real_typed_track1	Product self-time authority; 2s/20000-iteration recapture avoids shallow primary product traces.
xctrace-time-profiler-product-v2-export	xctrace-time-profiler-v2-export-typed	typed	mesh	real_typed_track1	mesh	20000	/Users/mkbabb/Programming/bbnf-lang	xctrace	rc=0 required	/tmp/skv12-p1/direct-xctrace/exports-v2/mesh__real_typed_track1.time-profile.xml	/tmp/skv12-p1/product_time_profile_v2_status.tsv	xctrace export --input /tmp/skv12-p1/direct-xctrace/time-profiler-v2/mesh__real_typed_track1.trace --xpath "/trace-toc/run[@number=\"1\"]/data/table[@schema=\"time-profile\"]" > /tmp/skv12-p1/direct-xctrace/exports-v2/mesh__real_typed_track1.time-profile.xml	Product-v2 Time Profiler XML export; feeds the derived direct/typed self-time TSVs.
xctrace-time-profiler-product-v2	xctrace-time-profiler-v2-typed	typed	mesh	real_typed_track2	mesh	20000	/Users/mkbabb/Programming/bbnf-lang/skinny	xctrace	rc=0 or rc=54 with saved trace after time-limit/target-exit stop	/tmp/skv12-p1/direct-xctrace/time-profiler-v2/mesh__real_typed_track2.trace	/tmp/skv12-p1/product_time_profile_v2_status.tsv	cd /Users/mkbabb/Programming/bbnf-lang/skinny && xctrace record --template "Time Profiler" --output /tmp/skv12-p1/direct-xctrace/time-profiler-v2/mesh__real_typed_track2.trace --no-prompt --time-limit 2000ms --launch -- /tmp/skv12-profile-target-50bd1648/release/profile_direct 20000 mesh real_typed_track2	Product self-time authority; 2s/20000-iteration recapture avoids shallow primary product traces.
xctrace-time-profiler-product-v2-export	xctrace-time-profiler-v2-export-typed	typed	mesh	real_typed_track2	mesh	20000	/Users/mkbabb/Programming/bbnf-lang	xctrace	rc=0 required	/tmp/skv12-p1/direct-xctrace/exports-v2/mesh__real_typed_track2.time-profile.xml	/tmp/skv12-p1/product_time_profile_v2_status.tsv	xctrace export --input /tmp/skv12-p1/direct-xctrace/time-profiler-v2/mesh__real_typed_track2.trace --xpath "/trace-toc/run[@number=\"1\"]/data/table[@schema=\"time-profile\"]" > /tmp/skv12-p1/direct-xctrace/exports-v2/mesh__real_typed_track2.time-profile.xml	Product-v2 Time Profiler XML export; feeds the derived direct/typed self-time TSVs.
xctrace-time-profiler-product-v2	xctrace-time-profiler-v2-typed	typed	twitter	real_typed_track1	twitter	20000	/Users/mkbabb/Programming/bbnf-lang/skinny	xctrace	rc=0 or rc=54 with saved trace after time-limit/target-exit stop	/tmp/skv12-p1/direct-xctrace/time-profiler-v2/twitter__real_typed_track1.trace	/tmp/skv12-p1/product_time_profile_v2_status.tsv	cd /Users/mkbabb/Programming/bbnf-lang/skinny && xctrace record --template "Time Profiler" --output /tmp/skv12-p1/direct-xctrace/time-profiler-v2/twitter__real_typed_track1.trace --no-prompt --time-limit 2000ms --launch -- /tmp/skv12-profile-target-50bd1648/release/profile_direct 20000 twitter real_typed_track1	Product self-time authority; 2s/20000-iteration recapture avoids shallow primary product traces.
xctrace-time-profiler-product-v2-export	xctrace-time-profiler-v2-export-typed	typed	twitter	real_typed_track1	twitter	20000	/Users/mkbabb/Programming/bbnf-lang	xctrace	rc=0 required	/tmp/skv12-p1/direct-xctrace/exports-v2/twitter__real_typed_track1.time-profile.xml	/tmp/skv12-p1/product_time_profile_v2_status.tsv	xctrace export --input /tmp/skv12-p1/direct-xctrace/time-profiler-v2/twitter__real_typed_track1.trace --xpath "/trace-toc/run[@number=\"1\"]/data/table[@schema=\"time-profile\"]" > /tmp/skv12-p1/direct-xctrace/exports-v2/twitter__real_typed_track1.time-profile.xml	Product-v2 Time Profiler XML export; feeds the derived direct/typed self-time TSVs.
xctrace-time-profiler-product-v2	xctrace-time-profiler-v2-typed	typed	twitter	real_typed_track2	twitter	20000	/Users/mkbabb/Programming/bbnf-lang/skinny	xctrace	rc=0 or rc=54 with saved trace after time-limit/target-exit stop	/tmp/skv12-p1/direct-xctrace/time-profiler-v2/twitter__real_typed_track2.trace	/tmp/skv12-p1/product_time_profile_v2_status.tsv	cd /Users/mkbabb/Programming/bbnf-lang/skinny && xctrace record --template "Time Profiler" --output /tmp/skv12-p1/direct-xctrace/time-profiler-v2/twitter__real_typed_track2.trace --no-prompt --time-limit 2000ms --launch -- /tmp/skv12-profile-target-50bd1648/release/profile_direct 20000 twitter real_typed_track2	Product self-time authority; 2s/20000-iteration recapture avoids shallow primary product traces.
xctrace-time-profiler-product-v2-export	xctrace-time-profiler-v2-export-typed	typed	twitter	real_typed_track2	twitter	20000	/Users/mkbabb/Programming/bbnf-lang	xctrace	rc=0 required	/tmp/skv12-p1/direct-xctrace/exports-v2/twitter__real_typed_track2.time-profile.xml	/tmp/skv12-p1/product_time_profile_v2_status.tsv	xctrace export --input /tmp/skv12-p1/direct-xctrace/time-profiler-v2/twitter__real_typed_track2.trace --xpath "/trace-toc/run[@number=\"1\"]/data/table[@schema=\"time-profile\"]" > /tmp/skv12-p1/direct-xctrace/exports-v2/twitter__real_typed_track2.time-profile.xml	Product-v2 Time Profiler XML export; feeds the derived direct/typed self-time TSVs.
xctrace-time-profiler-product-v2	xctrace-time-profiler-v2-typed	typed	update_center	real_typed_track1	update-center	20000	/Users/mkbabb/Programming/bbnf-lang/skinny	xctrace	rc=0 or rc=54 with saved trace after time-limit/target-exit stop	/tmp/skv12-p1/direct-xctrace/time-profiler-v2/update_center__real_typed_track1.trace	/tmp/skv12-p1/product_time_profile_v2_status.tsv	cd /Users/mkbabb/Programming/bbnf-lang/skinny && xctrace record --template "Time Profiler" --output /tmp/skv12-p1/direct-xctrace/time-profiler-v2/update_center__real_typed_track1.trace --no-prompt --time-limit 2000ms --launch -- /tmp/skv12-profile-target-50bd1648/release/profile_direct 20000 update-center real_typed_track1	Product self-time authority; 2s/20000-iteration recapture avoids shallow primary product traces.
xctrace-time-profiler-product-v2-export	xctrace-time-profiler-v2-export-typed	typed	update_center	real_typed_track1	update-center	20000	/Users/mkbabb/Programming/bbnf-lang	xctrace	rc=0 required	/tmp/skv12-p1/direct-xctrace/exports-v2/update_center__real_typed_track1.time-profile.xml	/tmp/skv12-p1/product_time_profile_v2_status.tsv	xctrace export --input /tmp/skv12-p1/direct-xctrace/time-profiler-v2/update_center__real_typed_track1.trace --xpath "/trace-toc/run[@number=\"1\"]/data/table[@schema=\"time-profile\"]" > /tmp/skv12-p1/direct-xctrace/exports-v2/update_center__real_typed_track1.time-profile.xml	Product-v2 Time Profiler XML export; feeds the derived direct/typed self-time TSVs.
xctrace-time-profiler-product-v2	xctrace-time-profiler-v2-typed	typed	update_center	real_typed_track2	update-center	20000	/Users/mkbabb/Programming/bbnf-lang/skinny	xctrace	rc=0 or rc=54 with saved trace after time-limit/target-exit stop	/tmp/skv12-p1/direct-xctrace/time-profiler-v2/update_center__real_typed_track2.trace	/tmp/skv12-p1/product_time_profile_v2_status.tsv	cd /Users/mkbabb/Programming/bbnf-lang/skinny && xctrace record --template "Time Profiler" --output /tmp/skv12-p1/direct-xctrace/time-profiler-v2/update_center__real_typed_track2.trace --no-prompt --time-limit 2000ms --launch -- /tmp/skv12-profile-target-50bd1648/release/profile_direct 20000 update-center real_typed_track2	Product self-time authority; 2s/20000-iteration recapture avoids shallow primary product traces.
xctrace-time-profiler-product-v2-export	xctrace-time-profiler-v2-export-typed	typed	update_center	real_typed_track2	update-center	20000	/Users/mkbabb/Programming/bbnf-lang	xctrace	rc=0 required	/tmp/skv12-p1/direct-xctrace/exports-v2/update_center__real_typed_track2.time-profile.xml	/tmp/skv12-p1/product_time_profile_v2_status.tsv	xctrace export --input /tmp/skv12-p1/direct-xctrace/time-profiler-v2/update_center__real_typed_track2.trace --xpath "/trace-toc/run[@number=\"1\"]/data/table[@schema=\"time-profile\"]" > /tmp/skv12-p1/direct-xctrace/exports-v2/update_center__real_typed_track2.time-profile.xml	Product-v2 Time Profiler XML export; feeds the derived direct/typed self-time TSVs.
