lane	family	plane	corpus	mode	cwd	artifact	status_artifact	command	notes
pmu	pmu-direct	direct	apache_builds	track1	/Users/mkbabb/Programming/bbnf-lang/skinny	/tmp/skv12-pin-p1/logs/pmu-direct-apache_builds-track1.rerun.log.out	/tmp/skv12-pin-p1/pmu/capture_status.tsv	cd /Users/mkbabb/Programming/bbnf-lang/skinny && /tmp/skv12-pin-profile-target-cf7848b2/release/profile_direct 31429 apache_builds track1 > /tmp/skv12-pin-p1/logs/pmu-direct-apache_builds-track1.rerun.log.out 2> /tmp/skv12-pin-p1/logs/pmu-direct-apache_builds-track1.rerun.log.err	exact pin PMU command ledger
pmu	pmu-direct	direct	apache_builds	track2	/Users/mkbabb/Programming/bbnf-lang/skinny	/tmp/skv12-pin-p1/logs/pmu-direct-apache_builds-track2.rerun.log.out	/tmp/skv12-pin-p1/pmu/capture_status.tsv	cd /Users/mkbabb/Programming/bbnf-lang/skinny && /tmp/skv12-pin-profile-target-cf7848b2/release/profile_direct 31429 apache_builds track2 > /tmp/skv12-pin-p1/logs/pmu-direct-apache_builds-track2.rerun.log.out 2> /tmp/skv12-pin-p1/logs/pmu-direct-apache_builds-track2.rerun.log.err	exact pin PMU command ledger
pmu	pmu-direct	direct	canada	track1	/Users/mkbabb/Programming/bbnf-lang/skinny	/tmp/skv12-pin-p1/logs/pmu-direct-canada-track1.rerun.log.out	/tmp/skv12-pin-p1/pmu/capture_status.tsv	cd /Users/mkbabb/Programming/bbnf-lang/skinny && /tmp/skv12-pin-profile-target-cf7848b2/release/profile_direct 1777 canada track1 > /tmp/skv12-pin-p1/logs/pmu-direct-canada-track1.rerun.log.out 2> /tmp/skv12-pin-p1/logs/pmu-direct-canada-track1.rerun.log.err	exact pin PMU command ledger
pmu	pmu-direct	direct	canada	track2	/Users/mkbabb/Programming/bbnf-lang/skinny	/tmp/skv12-pin-p1/logs/pmu-direct-canada-track2.rerun.log.out	/tmp/skv12-pin-p1/pmu/capture_status.tsv	cd /Users/mkbabb/Programming/bbnf-lang/skinny && /tmp/skv12-pin-profile-target-cf7848b2/release/profile_direct 1777 canada track2 > /tmp/skv12-pin-p1/logs/pmu-direct-canada-track2.rerun.log.out 2> /tmp/skv12-pin-p1/logs/pmu-direct-canada-track2.rerun.log.err	exact pin PMU command ledger
pmu	pmu-direct	direct	citm_catalog	track1	/Users/mkbabb/Programming/bbnf-lang/skinny	/tmp/skv12-pin-p1/logs/pmu-direct-citm_catalog-track1.rerun.log.out	/tmp/skv12-pin-p1/pmu/capture_status.tsv	cd /Users/mkbabb/Programming/bbnf-lang/skinny && /tmp/skv12-pin-profile-target-cf7848b2/release/profile_direct 2316 citm_catalog track1 > /tmp/skv12-pin-p1/logs/pmu-direct-citm_catalog-track1.rerun.log.out 2> /tmp/skv12-pin-p1/logs/pmu-direct-citm_catalog-track1.rerun.log.err	exact pin PMU command ledger
pmu	pmu-direct	direct	citm_catalog	track2	/Users/mkbabb/Programming/bbnf-lang/skinny	/tmp/skv12-pin-p1/logs/pmu-direct-citm_catalog-track2.rerun.log.out	/tmp/skv12-pin-p1/pmu/capture_status.tsv	cd /Users/mkbabb/Programming/bbnf-lang/skinny && /tmp/skv12-pin-profile-target-cf7848b2/release/profile_direct 2316 citm_catalog track2 > /tmp/skv12-pin-p1/logs/pmu-direct-citm_catalog-track2.rerun.log.out 2> /tmp/skv12-pin-p1/logs/pmu-direct-citm_catalog-track2.rerun.log.err	exact pin PMU command ledger
pmu	pmu-direct	direct	distinct_values	track1	/Users/mkbabb/Programming/bbnf-lang/skinny	/tmp/skv12-pin-p1/logs/pmu-direct-distinct_values-track1.rerun.log.out	/tmp/skv12-pin-p1/pmu/capture_status.tsv	cd /Users/mkbabb/Programming/bbnf-lang/skinny && /tmp/skv12-pin-profile-target-cf7848b2/release/profile_direct 26037 distinct_values track1 > /tmp/skv12-pin-p1/logs/pmu-direct-distinct_values-track1.rerun.log.out 2> /tmp/skv12-pin-p1/logs/pmu-direct-distinct_values-track1.rerun.log.err	exact pin PMU command ledger
pmu	pmu-direct	direct	distinct_values	track2	/Users/mkbabb/Programming/bbnf-lang/skinny	/tmp/skv12-pin-p1/logs/pmu-direct-distinct_values-track2.rerun.log.out	/tmp/skv12-pin-p1/pmu/capture_status.tsv	cd /Users/mkbabb/Programming/bbnf-lang/skinny && /tmp/skv12-pin-profile-target-cf7848b2/release/profile_direct 26037 distinct_values track2 > /tmp/skv12-pin-p1/logs/pmu-direct-distinct_values-track2.rerun.log.out 2> /tmp/skv12-pin-p1/logs/pmu-direct-distinct_values-track2.rerun.log.err	exact pin PMU command ledger
pmu	pmu-direct	direct	github_events	track1	/Users/mkbabb/Programming/bbnf-lang/skinny	/tmp/skv12-pin-p1/logs/pmu-direct-github_events-track1.rerun.log.out	/tmp/skv12-pin-p1/pmu/capture_status.tsv	cd /Users/mkbabb/Programming/bbnf-lang/skinny && /tmp/skv12-pin-profile-target-cf7848b2/release/profile_direct 61414 github_events track1 > /tmp/skv12-pin-p1/logs/pmu-direct-github_events-track1.rerun.log.out 2> /tmp/skv12-pin-p1/logs/pmu-direct-github_events-track1.rerun.log.err	exact pin PMU command ledger
pmu	pmu-direct	direct	github_events	track2	/Users/mkbabb/Programming/bbnf-lang/skinny	/tmp/skv12-pin-p1/logs/pmu-direct-github_events-track2.rerun.log.out	/tmp/skv12-pin-p1/pmu/capture_status.tsv	cd /Users/mkbabb/Programming/bbnf-lang/skinny && /tmp/skv12-pin-profile-target-cf7848b2/release/profile_direct 61414 github_events track2 > /tmp/skv12-pin-p1/logs/pmu-direct-github_events-track2.rerun.log.out 2> /tmp/skv12-pin-p1/logs/pmu-direct-github_events-track2.rerun.log.err	exact pin PMU command ledger
pmu	pmu-direct	direct	gsoc-2018	track1	/Users/mkbabb/Programming/bbnf-lang/skinny	/tmp/skv12-pin-p1/logs/pmu-direct-gsoc-2018-track1.rerun.log.out	/tmp/skv12-pin-p1/pmu/capture_status.tsv	cd /Users/mkbabb/Programming/bbnf-lang/skinny && /tmp/skv12-pin-profile-target-cf7848b2/release/profile_direct 1202 gsoc-2018 track1 > /tmp/skv12-pin-p1/logs/pmu-direct-gsoc-2018-track1.rerun.log.out 2> /tmp/skv12-pin-p1/logs/pmu-direct-gsoc-2018-track1.rerun.log.err	exact pin PMU command ledger
pmu	pmu-direct	direct	gsoc-2018	track2	/Users/mkbabb/Programming/bbnf-lang/skinny	/tmp/skv12-pin-p1/logs/pmu-direct-gsoc-2018-track2.rerun.log.out	/tmp/skv12-pin-p1/pmu/capture_status.tsv	cd /Users/mkbabb/Programming/bbnf-lang/skinny && /tmp/skv12-pin-profile-target-cf7848b2/release/profile_direct 1202 gsoc-2018 track2 > /tmp/skv12-pin-p1/logs/pmu-direct-gsoc-2018-track2.rerun.log.out 2> /tmp/skv12-pin-p1/logs/pmu-direct-gsoc-2018-track2.rerun.log.err	exact pin PMU command ledger
pmu	pmu-direct	direct	instruments	track1	/Users/mkbabb/Programming/bbnf-lang/skinny	/tmp/skv12-pin-p1/logs/pmu-direct-instruments-track1.rerun.log.out	/tmp/skv12-pin-p1/pmu/capture_status.tsv	cd /Users/mkbabb/Programming/bbnf-lang/skinny && /tmp/skv12-pin-profile-target-cf7848b2/release/profile_direct 18154 instruments track1 > /tmp/skv12-pin-p1/logs/pmu-direct-instruments-track1.rerun.log.out 2> /tmp/skv12-pin-p1/logs/pmu-direct-instruments-track1.rerun.log.err	exact pin PMU command ledger
pmu	pmu-direct	direct	instruments	track2	/Users/mkbabb/Programming/bbnf-lang/skinny	/tmp/skv12-pin-p1/logs/pmu-direct-instruments-track2.rerun.log.out	/tmp/skv12-pin-p1/pmu/capture_status.tsv	cd /Users/mkbabb/Programming/bbnf-lang/skinny && /tmp/skv12-pin-profile-target-cf7848b2/release/profile_direct 18154 instruments track2 > /tmp/skv12-pin-p1/logs/pmu-direct-instruments-track2.rerun.log.out 2> /tmp/skv12-pin-p1/logs/pmu-direct-instruments-track2.rerun.log.err	exact pin PMU command ledger
pmu	pmu-direct	direct	marine_ik	track1	/Users/mkbabb/Programming/bbnf-lang/skinny	/tmp/skv12-pin-p1/logs/pmu-direct-marine_ik-track1.rerun.log.out	/tmp/skv12-pin-p1/pmu/capture_status.tsv	cd /Users/mkbabb/Programming/bbnf-lang/skinny && /tmp/skv12-pin-profile-target-cf7848b2/release/profile_direct 1341 marine_ik track1 > /tmp/skv12-pin-p1/logs/pmu-direct-marine_ik-track1.rerun.log.out 2> /tmp/skv12-pin-p1/logs/pmu-direct-marine_ik-track1.rerun.log.err	exact pin PMU command ledger
pmu	pmu-direct	direct	marine_ik	track2	/Users/mkbabb/Programming/bbnf-lang/skinny	/tmp/skv12-pin-p1/logs/pmu-direct-marine_ik-track2.rerun.log.out	/tmp/skv12-pin-p1/pmu/capture_status.tsv	cd /Users/mkbabb/Programming/bbnf-lang/skinny && /tmp/skv12-pin-profile-target-cf7848b2/release/profile_direct 1341 marine_ik track2 > /tmp/skv12-pin-p1/logs/pmu-direct-marine_ik-track2.rerun.log.out 2> /tmp/skv12-pin-p1/logs/pmu-direct-marine_ik-track2.rerun.log.err	exact pin PMU command ledger
pmu	pmu-direct	direct	mesh	track1	/Users/mkbabb/Programming/bbnf-lang/skinny	/tmp/skv12-pin-p1/logs/pmu-direct-mesh-track1.rerun.log.out	/tmp/skv12-pin-p1/pmu/capture_status.tsv	cd /Users/mkbabb/Programming/bbnf-lang/skinny && /tmp/skv12-pin-profile-target-cf7848b2/release/profile_direct 5528 mesh track1 > /tmp/skv12-pin-p1/logs/pmu-direct-mesh-track1.rerun.log.out 2> /tmp/skv12-pin-p1/logs/pmu-direct-mesh-track1.rerun.log.err	exact pin PMU command ledger
pmu	pmu-direct	direct	mesh	track2	/Users/mkbabb/Programming/bbnf-lang/skinny	/tmp/skv12-pin-p1/logs/pmu-direct-mesh-track2.rerun.log.out	/tmp/skv12-pin-p1/pmu/capture_status.tsv	cd /Users/mkbabb/Programming/bbnf-lang/skinny && /tmp/skv12-pin-profile-target-cf7848b2/release/profile_direct 5528 mesh track2 > /tmp/skv12-pin-p1/logs/pmu-direct-mesh-track2.rerun.log.out 2> /tmp/skv12-pin-p1/logs/pmu-direct-mesh-track2.rerun.log.err	exact pin PMU command ledger
pmu	pmu-direct	direct	numbers	track1	/Users/mkbabb/Programming/bbnf-lang/skinny	/tmp/skv12-pin-p1/logs/pmu-direct-numbers-track1.rerun.log.out	/tmp/skv12-pin-p1/pmu/capture_status.tsv	cd /Users/mkbabb/Programming/bbnf-lang/skinny && /tmp/skv12-pin-profile-target-cf7848b2/release/profile_direct 26645 numbers track1 > /tmp/skv12-pin-p1/logs/pmu-direct-numbers-track1.rerun.log.out 2> /tmp/skv12-pin-p1/logs/pmu-direct-numbers-track1.rerun.log.err	exact pin PMU command ledger
pmu	pmu-direct	direct	numbers	track2	/Users/mkbabb/Programming/bbnf-lang/skinny	/tmp/skv12-pin-p1/logs/pmu-direct-numbers-track2.rerun.log.out	/tmp/skv12-pin-p1/pmu/capture_status.tsv	cd /Users/mkbabb/Programming/bbnf-lang/skinny && /tmp/skv12-pin-profile-target-cf7848b2/release/profile_direct 26645 numbers track2 > /tmp/skv12-pin-p1/logs/pmu-direct-numbers-track2.rerun.log.out 2> /tmp/skv12-pin-p1/logs/pmu-direct-numbers-track2.rerun.log.err	exact pin PMU command ledger
pmu	pmu-direct	direct	random	track1	/Users/mkbabb/Programming/bbnf-lang/skinny	/tmp/skv12-pin-p1/logs/pmu-direct-random-track1.rerun.log.out	/tmp/skv12-pin-p1/pmu/capture_status.tsv	cd /Users/mkbabb/Programming/bbnf-lang/skinny && /tmp/skv12-pin-profile-target-cf7848b2/release/profile_direct 7836 random track1 > /tmp/skv12-pin-p1/logs/pmu-direct-random-track1.rerun.log.out 2> /tmp/skv12-pin-p1/logs/pmu-direct-random-track1.rerun.log.err	exact pin PMU command ledger
pmu	pmu-direct	direct	random	track2	/Users/mkbabb/Programming/bbnf-lang/skinny	/tmp/skv12-pin-p1/logs/pmu-direct-random-track2.rerun.log.out	/tmp/skv12-pin-p1/pmu/capture_status.tsv	cd /Users/mkbabb/Programming/bbnf-lang/skinny && /tmp/skv12-pin-profile-target-cf7848b2/release/profile_direct 7836 random track2 > /tmp/skv12-pin-p1/logs/pmu-direct-random-track2.rerun.log.out 2> /tmp/skv12-pin-p1/logs/pmu-direct-random-track2.rerun.log.err	exact pin PMU command ledger
pmu	pmu-direct	direct	twitter	track1	/Users/mkbabb/Programming/bbnf-lang/skinny	/tmp/skv12-pin-p1/logs/pmu-direct-twitter-track1.rerun.log.out	/tmp/skv12-pin-p1/pmu/capture_status.tsv	cd /Users/mkbabb/Programming/bbnf-lang/skinny && /tmp/skv12-pin-profile-target-cf7848b2/release/profile_direct 6334 twitter track1 > /tmp/skv12-pin-p1/logs/pmu-direct-twitter-track1.rerun.log.out 2> /tmp/skv12-pin-p1/logs/pmu-direct-twitter-track1.rerun.log.err	exact pin PMU command ledger
pmu	pmu-direct	direct	twitter	track2	/Users/mkbabb/Programming/bbnf-lang/skinny	/tmp/skv12-pin-p1/logs/pmu-direct-twitter-track2.rerun.log.out	/tmp/skv12-pin-p1/pmu/capture_status.tsv	cd /Users/mkbabb/Programming/bbnf-lang/skinny && /tmp/skv12-pin-profile-target-cf7848b2/release/profile_direct 6334 twitter track2 > /tmp/skv12-pin-p1/logs/pmu-direct-twitter-track2.rerun.log.out 2> /tmp/skv12-pin-p1/logs/pmu-direct-twitter-track2.rerun.log.err	exact pin PMU command ledger
pmu	pmu-direct	direct	unicode_basic	track1	/Users/mkbabb/Programming/bbnf-lang/skinny	/tmp/skv12-pin-p1/logs/pmu-direct-unicode_basic-track1.rerun.log.out	/tmp/skv12-pin-p1/pmu/capture_status.tsv	cd /Users/mkbabb/Programming/bbnf-lang/skinny && /tmp/skv12-pin-profile-target-cf7848b2/release/profile_direct 3815 unicode_basic track1 > /tmp/skv12-pin-p1/logs/pmu-direct-unicode_basic-track1.rerun.log.out 2> /tmp/skv12-pin-p1/logs/pmu-direct-unicode_basic-track1.rerun.log.err	exact pin PMU command ledger
pmu	pmu-direct	direct	unicode_basic	track2	/Users/mkbabb/Programming/bbnf-lang/skinny	/tmp/skv12-pin-p1/logs/pmu-direct-unicode_basic-track2.rerun.log.out	/tmp/skv12-pin-p1/pmu/capture_status.tsv	cd /Users/mkbabb/Programming/bbnf-lang/skinny && /tmp/skv12-pin-profile-target-cf7848b2/release/profile_direct 3815 unicode_basic track2 > /tmp/skv12-pin-p1/logs/pmu-direct-unicode_basic-track2.rerun.log.out 2> /tmp/skv12-pin-p1/logs/pmu-direct-unicode_basic-track2.rerun.log.err	exact pin PMU command ledger
pmu	pmu-direct	direct	unicode_escapes	track1	/Users/mkbabb/Programming/bbnf-lang/skinny	/tmp/skv12-pin-p1/logs/pmu-direct-unicode_escapes-track1.rerun.log.out	/tmp/skv12-pin-p1/pmu/capture_status.tsv	cd /Users/mkbabb/Programming/bbnf-lang/skinny && /tmp/skv12-pin-profile-target-cf7848b2/release/profile_direct 3807 unicode_escapes track1 > /tmp/skv12-pin-p1/logs/pmu-direct-unicode_escapes-track1.rerun.log.out 2> /tmp/skv12-pin-p1/logs/pmu-direct-unicode_escapes-track1.rerun.log.err	exact pin PMU command ledger
pmu	pmu-direct	direct	unicode_escapes	track2	/Users/mkbabb/Programming/bbnf-lang/skinny	/tmp/skv12-pin-p1/logs/pmu-direct-unicode_escapes-track2.rerun.log.out	/tmp/skv12-pin-p1/pmu/capture_status.tsv	cd /Users/mkbabb/Programming/bbnf-lang/skinny && /tmp/skv12-pin-profile-target-cf7848b2/release/profile_direct 3807 unicode_escapes track2 > /tmp/skv12-pin-p1/logs/pmu-direct-unicode_escapes-track2.rerun.log.out 2> /tmp/skv12-pin-p1/logs/pmu-direct-unicode_escapes-track2.rerun.log.err	exact pin PMU command ledger
pmu	pmu-direct	direct	unicode_mixed	track1	/Users/mkbabb/Programming/bbnf-lang/skinny	/tmp/skv12-pin-p1/logs/pmu-direct-unicode_mixed-track1.rerun.log.out	/tmp/skv12-pin-p1/pmu/capture_status.tsv	cd /Users/mkbabb/Programming/bbnf-lang/skinny && /tmp/skv12-pin-profile-target-cf7848b2/release/profile_direct 3799 unicode_mixed track1 > /tmp/skv12-pin-p1/logs/pmu-direct-unicode_mixed-track1.rerun.log.out 2> /tmp/skv12-pin-p1/logs/pmu-direct-unicode_mixed-track1.rerun.log.err	exact pin PMU command ledger
pmu	pmu-direct	direct	unicode_mixed	track2	/Users/mkbabb/Programming/bbnf-lang/skinny	/tmp/skv12-pin-p1/logs/pmu-direct-unicode_mixed-track2.rerun.log.out	/tmp/skv12-pin-p1/pmu/capture_status.tsv	cd /Users/mkbabb/Programming/bbnf-lang/skinny && /tmp/skv12-pin-profile-target-cf7848b2/release/profile_direct 3799 unicode_mixed track2 > /tmp/skv12-pin-p1/logs/pmu-direct-unicode_mixed-track2.rerun.log.out 2> /tmp/skv12-pin-p1/logs/pmu-direct-unicode_mixed-track2.rerun.log.err	exact pin PMU command ledger
pmu	pmu-direct	direct	update_center	track1	/Users/mkbabb/Programming/bbnf-lang/skinny	/tmp/skv12-pin-p1/logs/pmu-direct-update_center-track1.rerun.log.out	/tmp/skv12-pin-p1/pmu/capture_status.tsv	cd /Users/mkbabb/Programming/bbnf-lang/skinny && /tmp/skv12-pin-profile-target-cf7848b2/release/profile_direct 7503 update-center track1 > /tmp/skv12-pin-p1/logs/pmu-direct-update_center-track1.rerun.log.out 2> /tmp/skv12-pin-p1/logs/pmu-direct-update_center-track1.rerun.log.err	exact pin PMU command ledger
pmu	pmu-direct	direct	update_center	track2	/Users/mkbabb/Programming/bbnf-lang/skinny	/tmp/skv12-pin-p1/logs/pmu-direct-update_center-track2.rerun.log.out	/tmp/skv12-pin-p1/pmu/capture_status.tsv	cd /Users/mkbabb/Programming/bbnf-lang/skinny && /tmp/skv12-pin-profile-target-cf7848b2/release/profile_direct 7503 update-center track2 > /tmp/skv12-pin-p1/logs/pmu-direct-update_center-track2.rerun.log.out 2> /tmp/skv12-pin-p1/logs/pmu-direct-update_center-track2.rerun.log.err	exact pin PMU command ledger
pmu	pmu-direct	direct	y_string_unicode	track1	/Users/mkbabb/Programming/bbnf-lang/skinny	/tmp/skv12-pin-p1/logs/pmu-direct-y_string_unicode-track1.rerun.log.out	/tmp/skv12-pin-p1/pmu/capture_status.tsv	cd /Users/mkbabb/Programming/bbnf-lang/skinny && /tmp/skv12-pin-profile-target-cf7848b2/release/profile_direct 100000 y_string_unicode track1 > /tmp/skv12-pin-p1/logs/pmu-direct-y_string_unicode-track1.rerun.log.out 2> /tmp/skv12-pin-p1/logs/pmu-direct-y_string_unicode-track1.rerun.log.err	exact pin PMU command ledger
pmu	pmu-direct	direct	y_string_unicode	track2	/Users/mkbabb/Programming/bbnf-lang/skinny	/tmp/skv12-pin-p1/logs/pmu-direct-y_string_unicode-track2.rerun.log.out	/tmp/skv12-pin-p1/pmu/capture_status.tsv	cd /Users/mkbabb/Programming/bbnf-lang/skinny && /tmp/skv12-pin-profile-target-cf7848b2/release/profile_direct 100000 y_string_unicode track2 > /tmp/skv12-pin-p1/logs/pmu-direct-y_string_unicode-track2.rerun.log.out 2> /tmp/skv12-pin-p1/logs/pmu-direct-y_string_unicode-track2.rerun.log.err	exact pin PMU command ledger
pmu	pmu-parse	parse	apache_builds	track1	/Users/mkbabb/Programming/bbnf-lang/skinny	/tmp/skv12-pin-p1/logs/pmu-parse-apache_builds-track1.log.out	/tmp/skv12-pin-p1/pmu/capture_status.tsv	cd /Users/mkbabb/Programming/bbnf-lang/skinny && /tmp/skv12-pin-profile-target-cf7848b2/release/xctrace_probe /Users/mkbabb/Programming/bbnf-lang/skinny/test_data/apache_builds.json track1 31429 > /tmp/skv12-pin-p1/logs/pmu-parse-apache_builds-track1.log.out 2> /tmp/skv12-pin-p1/logs/pmu-parse-apache_builds-track1.log.err	exact pin PMU command ledger
pmu	pmu-parse	parse	apache_builds	track2	/Users/mkbabb/Programming/bbnf-lang/skinny	/tmp/skv12-pin-p1/logs/pmu-parse-apache_builds-track2.log.out	/tmp/skv12-pin-p1/pmu/capture_status.tsv	cd /Users/mkbabb/Programming/bbnf-lang/skinny && /tmp/skv12-pin-profile-target-cf7848b2/release/xctrace_probe /Users/mkbabb/Programming/bbnf-lang/skinny/test_data/apache_builds.json track2 31429 > /tmp/skv12-pin-p1/logs/pmu-parse-apache_builds-track2.log.out 2> /tmp/skv12-pin-p1/logs/pmu-parse-apache_builds-track2.log.err	exact pin PMU command ledger
pmu	pmu-parse	parse	canada	track1	/Users/mkbabb/Programming/bbnf-lang/skinny	/tmp/skv12-pin-p1/logs/pmu-parse-canada-track1.log.out	/tmp/skv12-pin-p1/pmu/capture_status.tsv	cd /Users/mkbabb/Programming/bbnf-lang/skinny && /tmp/skv12-pin-profile-target-cf7848b2/release/xctrace_probe /Users/mkbabb/Programming/bbnf-lang/skinny/test_data/canada.json track1 1777 > /tmp/skv12-pin-p1/logs/pmu-parse-canada-track1.log.out 2> /tmp/skv12-pin-p1/logs/pmu-parse-canada-track1.log.err	exact pin PMU command ledger
pmu	pmu-parse	parse	canada	track2	/Users/mkbabb/Programming/bbnf-lang/skinny	/tmp/skv12-pin-p1/logs/pmu-parse-canada-track2.log.out	/tmp/skv12-pin-p1/pmu/capture_status.tsv	cd /Users/mkbabb/Programming/bbnf-lang/skinny && /tmp/skv12-pin-profile-target-cf7848b2/release/xctrace_probe /Users/mkbabb/Programming/bbnf-lang/skinny/test_data/canada.json track2 1777 > /tmp/skv12-pin-p1/logs/pmu-parse-canada-track2.log.out 2> /tmp/skv12-pin-p1/logs/pmu-parse-canada-track2.log.err	exact pin PMU command ledger
pmu	pmu-parse	parse	citm_catalog	track1	/Users/mkbabb/Programming/bbnf-lang/skinny	/tmp/skv12-pin-p1/logs/pmu-parse-citm_catalog-track1.log.out	/tmp/skv12-pin-p1/pmu/capture_status.tsv	cd /Users/mkbabb/Programming/bbnf-lang/skinny && /tmp/skv12-pin-profile-target-cf7848b2/release/xctrace_probe /Users/mkbabb/Programming/bbnf-lang/skinny/test_data/citm_catalog.json track1 2316 > /tmp/skv12-pin-p1/logs/pmu-parse-citm_catalog-track1.log.out 2> /tmp/skv12-pin-p1/logs/pmu-parse-citm_catalog-track1.log.err	exact pin PMU command ledger
pmu	pmu-parse	parse	citm_catalog	track2	/Users/mkbabb/Programming/bbnf-lang/skinny	/tmp/skv12-pin-p1/logs/pmu-parse-citm_catalog-track2.log.out	/tmp/skv12-pin-p1/pmu/capture_status.tsv	cd /Users/mkbabb/Programming/bbnf-lang/skinny && /tmp/skv12-pin-profile-target-cf7848b2/release/xctrace_probe /Users/mkbabb/Programming/bbnf-lang/skinny/test_data/citm_catalog.json track2 2316 > /tmp/skv12-pin-p1/logs/pmu-parse-citm_catalog-track2.log.out 2> /tmp/skv12-pin-p1/logs/pmu-parse-citm_catalog-track2.log.err	exact pin PMU command ledger
pmu	pmu-parse	parse	distinct_values	track1	/Users/mkbabb/Programming/bbnf-lang/skinny	/tmp/skv12-pin-p1/logs/pmu-parse-distinct_values-track1.log.out	/tmp/skv12-pin-p1/pmu/capture_status.tsv	cd /Users/mkbabb/Programming/bbnf-lang/skinny && /tmp/skv12-pin-profile-target-cf7848b2/release/xctrace_probe /Users/mkbabb/Programming/bbnf-lang/skinny/test_data/distinct_values.json track1 26037 > /tmp/skv12-pin-p1/logs/pmu-parse-distinct_values-track1.log.out 2> /tmp/skv12-pin-p1/logs/pmu-parse-distinct_values-track1.log.err	exact pin PMU command ledger
pmu	pmu-parse	parse	distinct_values	track2	/Users/mkbabb/Programming/bbnf-lang/skinny	/tmp/skv12-pin-p1/logs/pmu-parse-distinct_values-track2.log.out	/tmp/skv12-pin-p1/pmu/capture_status.tsv	cd /Users/mkbabb/Programming/bbnf-lang/skinny && /tmp/skv12-pin-profile-target-cf7848b2/release/xctrace_probe /Users/mkbabb/Programming/bbnf-lang/skinny/test_data/distinct_values.json track2 26037 > /tmp/skv12-pin-p1/logs/pmu-parse-distinct_values-track2.log.out 2> /tmp/skv12-pin-p1/logs/pmu-parse-distinct_values-track2.log.err	exact pin PMU command ledger
pmu	pmu-parse	parse	github_events	track1	/Users/mkbabb/Programming/bbnf-lang/skinny	/tmp/skv12-pin-p1/logs/pmu-parse-github_events-track1.log.out	/tmp/skv12-pin-p1/pmu/capture_status.tsv	cd /Users/mkbabb/Programming/bbnf-lang/skinny && /tmp/skv12-pin-profile-target-cf7848b2/release/xctrace_probe /Users/mkbabb/Programming/bbnf-lang/skinny/test_data/github_events.json track1 61414 > /tmp/skv12-pin-p1/logs/pmu-parse-github_events-track1.log.out 2> /tmp/skv12-pin-p1/logs/pmu-parse-github_events-track1.log.err	exact pin PMU command ledger
pmu	pmu-parse	parse	github_events	track2	/Users/mkbabb/Programming/bbnf-lang/skinny	/tmp/skv12-pin-p1/logs/pmu-parse-github_events-track2.log.out	/tmp/skv12-pin-p1/pmu/capture_status.tsv	cd /Users/mkbabb/Programming/bbnf-lang/skinny && /tmp/skv12-pin-profile-target-cf7848b2/release/xctrace_probe /Users/mkbabb/Programming/bbnf-lang/skinny/test_data/github_events.json track2 61414 > /tmp/skv12-pin-p1/logs/pmu-parse-github_events-track2.log.out 2> /tmp/skv12-pin-p1/logs/pmu-parse-github_events-track2.log.err	exact pin PMU command ledger
pmu	pmu-parse	parse	gsoc-2018	track1	/Users/mkbabb/Programming/bbnf-lang/skinny	/tmp/skv12-pin-p1/logs/pmu-parse-gsoc-2018-track1.log.out	/tmp/skv12-pin-p1/pmu/capture_status.tsv	cd /Users/mkbabb/Programming/bbnf-lang/skinny && /tmp/skv12-pin-profile-target-cf7848b2/release/xctrace_probe /Users/mkbabb/Programming/bbnf-lang/skinny/test_data/gsoc-2018.json track1 1202 > /tmp/skv12-pin-p1/logs/pmu-parse-gsoc-2018-track1.log.out 2> /tmp/skv12-pin-p1/logs/pmu-parse-gsoc-2018-track1.log.err	exact pin PMU command ledger
pmu	pmu-parse	parse	gsoc-2018	track2	/Users/mkbabb/Programming/bbnf-lang/skinny	/tmp/skv12-pin-p1/logs/pmu-parse-gsoc-2018-track2.log.out	/tmp/skv12-pin-p1/pmu/capture_status.tsv	cd /Users/mkbabb/Programming/bbnf-lang/skinny && /tmp/skv12-pin-profile-target-cf7848b2/release/xctrace_probe /Users/mkbabb/Programming/bbnf-lang/skinny/test_data/gsoc-2018.json track2 1202 > /tmp/skv12-pin-p1/logs/pmu-parse-gsoc-2018-track2.log.out 2> /tmp/skv12-pin-p1/logs/pmu-parse-gsoc-2018-track2.log.err	exact pin PMU command ledger
pmu	pmu-parse	parse	instruments	track1	/Users/mkbabb/Programming/bbnf-lang/skinny	/tmp/skv12-pin-p1/logs/pmu-parse-instruments-track1.log.out	/tmp/skv12-pin-p1/pmu/capture_status.tsv	cd /Users/mkbabb/Programming/bbnf-lang/skinny && /tmp/skv12-pin-profile-target-cf7848b2/release/xctrace_probe /Users/mkbabb/Programming/bbnf-lang/skinny/test_data/instruments.json track1 18154 > /tmp/skv12-pin-p1/logs/pmu-parse-instruments-track1.log.out 2> /tmp/skv12-pin-p1/logs/pmu-parse-instruments-track1.log.err	exact pin PMU command ledger
pmu	pmu-parse	parse	instruments	track2	/Users/mkbabb/Programming/bbnf-lang/skinny	/tmp/skv12-pin-p1/logs/pmu-parse-instruments-track2.log.out	/tmp/skv12-pin-p1/pmu/capture_status.tsv	cd /Users/mkbabb/Programming/bbnf-lang/skinny && /tmp/skv12-pin-profile-target-cf7848b2/release/xctrace_probe /Users/mkbabb/Programming/bbnf-lang/skinny/test_data/instruments.json track2 18154 > /tmp/skv12-pin-p1/logs/pmu-parse-instruments-track2.log.out 2> /tmp/skv12-pin-p1/logs/pmu-parse-instruments-track2.log.err	exact pin PMU command ledger
pmu	pmu-parse	parse	marine_ik	track1	/Users/mkbabb/Programming/bbnf-lang/skinny	/tmp/skv12-pin-p1/logs/pmu-parse-marine_ik-track1.log.out	/tmp/skv12-pin-p1/pmu/capture_status.tsv	cd /Users/mkbabb/Programming/bbnf-lang/skinny && /tmp/skv12-pin-profile-target-cf7848b2/release/xctrace_probe /Users/mkbabb/Programming/bbnf-lang/skinny/test_data/marine_ik.json track1 1341 > /tmp/skv12-pin-p1/logs/pmu-parse-marine_ik-track1.log.out 2> /tmp/skv12-pin-p1/logs/pmu-parse-marine_ik-track1.log.err	exact pin PMU command ledger
pmu	pmu-parse	parse	marine_ik	track2	/Users/mkbabb/Programming/bbnf-lang/skinny	/tmp/skv12-pin-p1/logs/pmu-parse-marine_ik-track2.log.out	/tmp/skv12-pin-p1/pmu/capture_status.tsv	cd /Users/mkbabb/Programming/bbnf-lang/skinny && /tmp/skv12-pin-profile-target-cf7848b2/release/xctrace_probe /Users/mkbabb/Programming/bbnf-lang/skinny/test_data/marine_ik.json track2 1341 > /tmp/skv12-pin-p1/logs/pmu-parse-marine_ik-track2.log.out 2> /tmp/skv12-pin-p1/logs/pmu-parse-marine_ik-track2.log.err	exact pin PMU command ledger
pmu	pmu-parse	parse	mesh	track1	/Users/mkbabb/Programming/bbnf-lang/skinny	/tmp/skv12-pin-p1/logs/pmu-parse-mesh-track1.log.out	/tmp/skv12-pin-p1/pmu/capture_status.tsv	cd /Users/mkbabb/Programming/bbnf-lang/skinny && /tmp/skv12-pin-profile-target-cf7848b2/release/xctrace_probe /Users/mkbabb/Programming/bbnf-lang/skinny/test_data/mesh.json track1 5528 > /tmp/skv12-pin-p1/logs/pmu-parse-mesh-track1.log.out 2> /tmp/skv12-pin-p1/logs/pmu-parse-mesh-track1.log.err	exact pin PMU command ledger
pmu	pmu-parse	parse	mesh	track2	/Users/mkbabb/Programming/bbnf-lang/skinny	/tmp/skv12-pin-p1/logs/pmu-parse-mesh-track2.log.out	/tmp/skv12-pin-p1/pmu/capture_status.tsv	cd /Users/mkbabb/Programming/bbnf-lang/skinny && /tmp/skv12-pin-profile-target-cf7848b2/release/xctrace_probe /Users/mkbabb/Programming/bbnf-lang/skinny/test_data/mesh.json track2 5528 > /tmp/skv12-pin-p1/logs/pmu-parse-mesh-track2.log.out 2> /tmp/skv12-pin-p1/logs/pmu-parse-mesh-track2.log.err	exact pin PMU command ledger
pmu	pmu-parse	parse	numbers	track1	/Users/mkbabb/Programming/bbnf-lang/skinny	/tmp/skv12-pin-p1/logs/pmu-parse-numbers-track1.log.out	/tmp/skv12-pin-p1/pmu/capture_status.tsv	cd /Users/mkbabb/Programming/bbnf-lang/skinny && /tmp/skv12-pin-profile-target-cf7848b2/release/xctrace_probe /Users/mkbabb/Programming/bbnf-lang/skinny/test_data/numbers.json track1 26645 > /tmp/skv12-pin-p1/logs/pmu-parse-numbers-track1.log.out 2> /tmp/skv12-pin-p1/logs/pmu-parse-numbers-track1.log.err	exact pin PMU command ledger
pmu	pmu-parse	parse	numbers	track2	/Users/mkbabb/Programming/bbnf-lang/skinny	/tmp/skv12-pin-p1/logs/pmu-parse-numbers-track2.log.out	/tmp/skv12-pin-p1/pmu/capture_status.tsv	cd /Users/mkbabb/Programming/bbnf-lang/skinny && /tmp/skv12-pin-profile-target-cf7848b2/release/xctrace_probe /Users/mkbabb/Programming/bbnf-lang/skinny/test_data/numbers.json track2 26645 > /tmp/skv12-pin-p1/logs/pmu-parse-numbers-track2.log.out 2> /tmp/skv12-pin-p1/logs/pmu-parse-numbers-track2.log.err	exact pin PMU command ledger
pmu	pmu-parse	parse	random	track1	/Users/mkbabb/Programming/bbnf-lang/skinny	/tmp/skv12-pin-p1/logs/pmu-parse-random-track1.log.out	/tmp/skv12-pin-p1/pmu/capture_status.tsv	cd /Users/mkbabb/Programming/bbnf-lang/skinny && /tmp/skv12-pin-profile-target-cf7848b2/release/xctrace_probe /Users/mkbabb/Programming/bbnf-lang/skinny/test_data/random.json track1 7836 > /tmp/skv12-pin-p1/logs/pmu-parse-random-track1.log.out 2> /tmp/skv12-pin-p1/logs/pmu-parse-random-track1.log.err	exact pin PMU command ledger
pmu	pmu-parse	parse	random	track2	/Users/mkbabb/Programming/bbnf-lang/skinny	/tmp/skv12-pin-p1/logs/pmu-parse-random-track2.log.out	/tmp/skv12-pin-p1/pmu/capture_status.tsv	cd /Users/mkbabb/Programming/bbnf-lang/skinny && /tmp/skv12-pin-profile-target-cf7848b2/release/xctrace_probe /Users/mkbabb/Programming/bbnf-lang/skinny/test_data/random.json track2 7836 > /tmp/skv12-pin-p1/logs/pmu-parse-random-track2.log.out 2> /tmp/skv12-pin-p1/logs/pmu-parse-random-track2.log.err	exact pin PMU command ledger
pmu	pmu-parse	parse	twitter	track1	/Users/mkbabb/Programming/bbnf-lang/skinny	/tmp/skv12-pin-p1/logs/pmu-parse-twitter-track1.log.out	/tmp/skv12-pin-p1/pmu/capture_status.tsv	cd /Users/mkbabb/Programming/bbnf-lang/skinny && /tmp/skv12-pin-profile-target-cf7848b2/release/xctrace_probe /Users/mkbabb/Programming/bbnf-lang/skinny/test_data/twitter.json track1 6334 > /tmp/skv12-pin-p1/logs/pmu-parse-twitter-track1.log.out 2> /tmp/skv12-pin-p1/logs/pmu-parse-twitter-track1.log.err	exact pin PMU command ledger
pmu	pmu-parse	parse	twitter	track2	/Users/mkbabb/Programming/bbnf-lang/skinny	/tmp/skv12-pin-p1/logs/pmu-parse-twitter-track2.log.out	/tmp/skv12-pin-p1/pmu/capture_status.tsv	cd /Users/mkbabb/Programming/bbnf-lang/skinny && /tmp/skv12-pin-profile-target-cf7848b2/release/xctrace_probe /Users/mkbabb/Programming/bbnf-lang/skinny/test_data/twitter.json track2 6334 > /tmp/skv12-pin-p1/logs/pmu-parse-twitter-track2.log.out 2> /tmp/skv12-pin-p1/logs/pmu-parse-twitter-track2.log.err	exact pin PMU command ledger
pmu	pmu-parse	parse	unicode_basic	track1	/Users/mkbabb/Programming/bbnf-lang/skinny	/tmp/skv12-pin-p1/logs/pmu-parse-unicode_basic-track1.log.out	/tmp/skv12-pin-p1/pmu/capture_status.tsv	cd /Users/mkbabb/Programming/bbnf-lang/skinny && /tmp/skv12-pin-profile-target-cf7848b2/release/xctrace_probe /Users/mkbabb/Programming/bbnf-lang/skinny/test_data/unicode_basic.json track1 3815 > /tmp/skv12-pin-p1/logs/pmu-parse-unicode_basic-track1.log.out 2> /tmp/skv12-pin-p1/logs/pmu-parse-unicode_basic-track1.log.err	exact pin PMU command ledger
pmu	pmu-parse	parse	unicode_basic	track2	/Users/mkbabb/Programming/bbnf-lang/skinny	/tmp/skv12-pin-p1/logs/pmu-parse-unicode_basic-track2.log.out	/tmp/skv12-pin-p1/pmu/capture_status.tsv	cd /Users/mkbabb/Programming/bbnf-lang/skinny && /tmp/skv12-pin-profile-target-cf7848b2/release/xctrace_probe /Users/mkbabb/Programming/bbnf-lang/skinny/test_data/unicode_basic.json track2 3815 > /tmp/skv12-pin-p1/logs/pmu-parse-unicode_basic-track2.log.out 2> /tmp/skv12-pin-p1/logs/pmu-parse-unicode_basic-track2.log.err	exact pin PMU command ledger
pmu	pmu-parse	parse	unicode_escapes	track1	/Users/mkbabb/Programming/bbnf-lang/skinny	/tmp/skv12-pin-p1/logs/pmu-parse-unicode_escapes-track1.log.out	/tmp/skv12-pin-p1/pmu/capture_status.tsv	cd /Users/mkbabb/Programming/bbnf-lang/skinny && /tmp/skv12-pin-profile-target-cf7848b2/release/xctrace_probe /Users/mkbabb/Programming/bbnf-lang/skinny/test_data/unicode_escapes.json track1 3807 > /tmp/skv12-pin-p1/logs/pmu-parse-unicode_escapes-track1.log.out 2> /tmp/skv12-pin-p1/logs/pmu-parse-unicode_escapes-track1.log.err	exact pin PMU command ledger
pmu	pmu-parse	parse	unicode_escapes	track2	/Users/mkbabb/Programming/bbnf-lang/skinny	/tmp/skv12-pin-p1/logs/pmu-parse-unicode_escapes-track2.log.out	/tmp/skv12-pin-p1/pmu/capture_status.tsv	cd /Users/mkbabb/Programming/bbnf-lang/skinny && /tmp/skv12-pin-profile-target-cf7848b2/release/xctrace_probe /Users/mkbabb/Programming/bbnf-lang/skinny/test_data/unicode_escapes.json track2 3807 > /tmp/skv12-pin-p1/logs/pmu-parse-unicode_escapes-track2.log.out 2> /tmp/skv12-pin-p1/logs/pmu-parse-unicode_escapes-track2.log.err	exact pin PMU command ledger
pmu	pmu-parse	parse	unicode_mixed	track1	/Users/mkbabb/Programming/bbnf-lang/skinny	/tmp/skv12-pin-p1/logs/pmu-parse-unicode_mixed-track1.log.out	/tmp/skv12-pin-p1/pmu/capture_status.tsv	cd /Users/mkbabb/Programming/bbnf-lang/skinny && /tmp/skv12-pin-profile-target-cf7848b2/release/xctrace_probe /Users/mkbabb/Programming/bbnf-lang/skinny/test_data/unicode_mixed.json track1 3799 > /tmp/skv12-pin-p1/logs/pmu-parse-unicode_mixed-track1.log.out 2> /tmp/skv12-pin-p1/logs/pmu-parse-unicode_mixed-track1.log.err	exact pin PMU command ledger
pmu	pmu-parse	parse	unicode_mixed	track2	/Users/mkbabb/Programming/bbnf-lang/skinny	/tmp/skv12-pin-p1/logs/pmu-parse-unicode_mixed-track2.log.out	/tmp/skv12-pin-p1/pmu/capture_status.tsv	cd /Users/mkbabb/Programming/bbnf-lang/skinny && /tmp/skv12-pin-profile-target-cf7848b2/release/xctrace_probe /Users/mkbabb/Programming/bbnf-lang/skinny/test_data/unicode_mixed.json track2 3799 > /tmp/skv12-pin-p1/logs/pmu-parse-unicode_mixed-track2.log.out 2> /tmp/skv12-pin-p1/logs/pmu-parse-unicode_mixed-track2.log.err	exact pin PMU command ledger
pmu	pmu-parse	parse	update_center	track1	/Users/mkbabb/Programming/bbnf-lang/skinny	/tmp/skv12-pin-p1/logs/pmu-parse-update_center-track1.log.out	/tmp/skv12-pin-p1/pmu/capture_status.tsv	cd /Users/mkbabb/Programming/bbnf-lang/skinny && /tmp/skv12-pin-profile-target-cf7848b2/release/xctrace_probe /Users/mkbabb/Programming/bbnf-lang/skinny/test_data/update-center.json track1 7503 > /tmp/skv12-pin-p1/logs/pmu-parse-update_center-track1.log.out 2> /tmp/skv12-pin-p1/logs/pmu-parse-update_center-track1.log.err	exact pin PMU command ledger
pmu	pmu-parse	parse	update_center	track2	/Users/mkbabb/Programming/bbnf-lang/skinny	/tmp/skv12-pin-p1/logs/pmu-parse-update_center-track2.log.out	/tmp/skv12-pin-p1/pmu/capture_status.tsv	cd /Users/mkbabb/Programming/bbnf-lang/skinny && /tmp/skv12-pin-profile-target-cf7848b2/release/xctrace_probe /Users/mkbabb/Programming/bbnf-lang/skinny/test_data/update-center.json track2 7503 > /tmp/skv12-pin-p1/logs/pmu-parse-update_center-track2.log.out 2> /tmp/skv12-pin-p1/logs/pmu-parse-update_center-track2.log.err	exact pin PMU command ledger
pmu	pmu-parse	parse	y_string_unicode	track1	/Users/mkbabb/Programming/bbnf-lang/skinny	/tmp/skv12-pin-p1/logs/pmu-parse-y_string_unicode-track1.log.out	/tmp/skv12-pin-p1/pmu/capture_status.tsv	cd /Users/mkbabb/Programming/bbnf-lang/skinny && /tmp/skv12-pin-profile-target-cf7848b2/release/xctrace_probe /Users/mkbabb/Programming/bbnf-lang/skinny/test_data/y_string_unicode.json track1 100000 > /tmp/skv12-pin-p1/logs/pmu-parse-y_string_unicode-track1.log.out 2> /tmp/skv12-pin-p1/logs/pmu-parse-y_string_unicode-track1.log.err	exact pin PMU command ledger
pmu	pmu-parse	parse	y_string_unicode	track2	/Users/mkbabb/Programming/bbnf-lang/skinny	/tmp/skv12-pin-p1/logs/pmu-parse-y_string_unicode-track2.log.out	/tmp/skv12-pin-p1/pmu/capture_status.tsv	cd /Users/mkbabb/Programming/bbnf-lang/skinny && /tmp/skv12-pin-profile-target-cf7848b2/release/xctrace_probe /Users/mkbabb/Programming/bbnf-lang/skinny/test_data/y_string_unicode.json track2 100000 > /tmp/skv12-pin-p1/logs/pmu-parse-y_string_unicode-track2.log.out 2> /tmp/skv12-pin-p1/logs/pmu-parse-y_string_unicode-track2.log.err	exact pin PMU command ledger
pmu	pmu-typed	typed	apache_builds	real_typed_track1	/Users/mkbabb/Programming/bbnf-lang/skinny	/tmp/skv12-pin-p1/logs/pmu-typed-apache_builds-real_typed_track1.rerun.log.out	/tmp/skv12-pin-p1/pmu/capture_status.tsv	cd /Users/mkbabb/Programming/bbnf-lang/skinny && /tmp/skv12-pin-profile-target-cf7848b2/release/profile_direct 31429 apache_builds real_typed_track1 > /tmp/skv12-pin-p1/logs/pmu-typed-apache_builds-real_typed_track1.rerun.log.out 2> /tmp/skv12-pin-p1/logs/pmu-typed-apache_builds-real_typed_track1.rerun.log.err	exact pin PMU command ledger
pmu	pmu-typed	typed	apache_builds	real_typed_track2	/Users/mkbabb/Programming/bbnf-lang/skinny	/tmp/skv12-pin-p1/logs/pmu-typed-apache_builds-real_typed_track2.rerun.log.out	/tmp/skv12-pin-p1/pmu/capture_status.tsv	cd /Users/mkbabb/Programming/bbnf-lang/skinny && /tmp/skv12-pin-profile-target-cf7848b2/release/profile_direct 31429 apache_builds real_typed_track2 > /tmp/skv12-pin-p1/logs/pmu-typed-apache_builds-real_typed_track2.rerun.log.out 2> /tmp/skv12-pin-p1/logs/pmu-typed-apache_builds-real_typed_track2.rerun.log.err	exact pin PMU command ledger
pmu	pmu-typed	typed	citm_catalog	real_typed_track1	/Users/mkbabb/Programming/bbnf-lang/skinny	/tmp/skv12-pin-p1/logs/pmu-typed-citm_catalog-real_typed_track1.rerun.log.out	/tmp/skv12-pin-p1/pmu/capture_status.tsv	cd /Users/mkbabb/Programming/bbnf-lang/skinny && /tmp/skv12-pin-profile-target-cf7848b2/release/profile_direct 2316 citm_catalog real_typed_track1 > /tmp/skv12-pin-p1/logs/pmu-typed-citm_catalog-real_typed_track1.rerun.log.out 2> /tmp/skv12-pin-p1/logs/pmu-typed-citm_catalog-real_typed_track1.rerun.log.err	exact pin PMU command ledger
pmu	pmu-typed	typed	citm_catalog	real_typed_track2	/Users/mkbabb/Programming/bbnf-lang/skinny	/tmp/skv12-pin-p1/logs/pmu-typed-citm_catalog-real_typed_track2.rerun.log.out	/tmp/skv12-pin-p1/pmu/capture_status.tsv	cd /Users/mkbabb/Programming/bbnf-lang/skinny && /tmp/skv12-pin-profile-target-cf7848b2/release/profile_direct 2316 citm_catalog real_typed_track2 > /tmp/skv12-pin-p1/logs/pmu-typed-citm_catalog-real_typed_track2.rerun.log.out 2> /tmp/skv12-pin-p1/logs/pmu-typed-citm_catalog-real_typed_track2.rerun.log.err	exact pin PMU command ledger
pmu	pmu-typed	typed	github_events	real_typed_track1	/Users/mkbabb/Programming/bbnf-lang/skinny	/tmp/skv12-pin-p1/logs/pmu-typed-github_events-real_typed_track1.rerun.log.out	/tmp/skv12-pin-p1/pmu/capture_status.tsv	cd /Users/mkbabb/Programming/bbnf-lang/skinny && /tmp/skv12-pin-profile-target-cf7848b2/release/profile_direct 61414 github_events real_typed_track1 > /tmp/skv12-pin-p1/logs/pmu-typed-github_events-real_typed_track1.rerun.log.out 2> /tmp/skv12-pin-p1/logs/pmu-typed-github_events-real_typed_track1.rerun.log.err	exact pin PMU command ledger
pmu	pmu-typed	typed	github_events	real_typed_track2	/Users/mkbabb/Programming/bbnf-lang/skinny	/tmp/skv12-pin-p1/logs/pmu-typed-github_events-real_typed_track2.rerun.log.out	/tmp/skv12-pin-p1/pmu/capture_status.tsv	cd /Users/mkbabb/Programming/bbnf-lang/skinny && /tmp/skv12-pin-profile-target-cf7848b2/release/profile_direct 61414 github_events real_typed_track2 > /tmp/skv12-pin-p1/logs/pmu-typed-github_events-real_typed_track2.rerun.log.out 2> /tmp/skv12-pin-p1/logs/pmu-typed-github_events-real_typed_track2.rerun.log.err	exact pin PMU command ledger
pmu	pmu-typed	typed	marine_ik	real_typed_track1	/Users/mkbabb/Programming/bbnf-lang/skinny	/tmp/skv12-pin-p1/logs/pmu-typed-marine_ik-real_typed_track1.rerun.log.out	/tmp/skv12-pin-p1/pmu/capture_status.tsv	cd /Users/mkbabb/Programming/bbnf-lang/skinny && /tmp/skv12-pin-profile-target-cf7848b2/release/profile_direct 1341 marine_ik real_typed_track1 > /tmp/skv12-pin-p1/logs/pmu-typed-marine_ik-real_typed_track1.rerun.log.out 2> /tmp/skv12-pin-p1/logs/pmu-typed-marine_ik-real_typed_track1.rerun.log.err	exact pin PMU command ledger
pmu	pmu-typed	typed	marine_ik	real_typed_track2	/Users/mkbabb/Programming/bbnf-lang/skinny	/tmp/skv12-pin-p1/logs/pmu-typed-marine_ik-real_typed_track2.rerun.log.out	/tmp/skv12-pin-p1/pmu/capture_status.tsv	cd /Users/mkbabb/Programming/bbnf-lang/skinny && /tmp/skv12-pin-profile-target-cf7848b2/release/profile_direct 1341 marine_ik real_typed_track2 > /tmp/skv12-pin-p1/logs/pmu-typed-marine_ik-real_typed_track2.rerun.log.out 2> /tmp/skv12-pin-p1/logs/pmu-typed-marine_ik-real_typed_track2.rerun.log.err	exact pin PMU command ledger
pmu	pmu-typed	typed	mesh	real_typed_track1	/Users/mkbabb/Programming/bbnf-lang/skinny	/tmp/skv12-pin-p1/logs/pmu-typed-mesh-real_typed_track1.rerun.log.out	/tmp/skv12-pin-p1/pmu/capture_status.tsv	cd /Users/mkbabb/Programming/bbnf-lang/skinny && /tmp/skv12-pin-profile-target-cf7848b2/release/profile_direct 5528 mesh real_typed_track1 > /tmp/skv12-pin-p1/logs/pmu-typed-mesh-real_typed_track1.rerun.log.out 2> /tmp/skv12-pin-p1/logs/pmu-typed-mesh-real_typed_track1.rerun.log.err	exact pin PMU command ledger
pmu	pmu-typed	typed	mesh	real_typed_track2	/Users/mkbabb/Programming/bbnf-lang/skinny	/tmp/skv12-pin-p1/logs/pmu-typed-mesh-real_typed_track2.rerun.log.out	/tmp/skv12-pin-p1/pmu/capture_status.tsv	cd /Users/mkbabb/Programming/bbnf-lang/skinny && /tmp/skv12-pin-profile-target-cf7848b2/release/profile_direct 5528 mesh real_typed_track2 > /tmp/skv12-pin-p1/logs/pmu-typed-mesh-real_typed_track2.rerun.log.out 2> /tmp/skv12-pin-p1/logs/pmu-typed-mesh-real_typed_track2.rerun.log.err	exact pin PMU command ledger
pmu	pmu-typed	typed	twitter	real_typed_track1	/Users/mkbabb/Programming/bbnf-lang/skinny	/tmp/skv12-pin-p1/logs/pmu-typed-twitter-real_typed_track1.rerun.log.out	/tmp/skv12-pin-p1/pmu/capture_status.tsv	cd /Users/mkbabb/Programming/bbnf-lang/skinny && /tmp/skv12-pin-profile-target-cf7848b2/release/profile_direct 6334 twitter real_typed_track1 > /tmp/skv12-pin-p1/logs/pmu-typed-twitter-real_typed_track1.rerun.log.out 2> /tmp/skv12-pin-p1/logs/pmu-typed-twitter-real_typed_track1.rerun.log.err	exact pin PMU command ledger
pmu	pmu-typed	typed	twitter	real_typed_track2	/Users/mkbabb/Programming/bbnf-lang/skinny	/tmp/skv12-pin-p1/logs/pmu-typed-twitter-real_typed_track2.rerun.log.out	/tmp/skv12-pin-p1/pmu/capture_status.tsv	cd /Users/mkbabb/Programming/bbnf-lang/skinny && /tmp/skv12-pin-profile-target-cf7848b2/release/profile_direct 6334 twitter real_typed_track2 > /tmp/skv12-pin-p1/logs/pmu-typed-twitter-real_typed_track2.rerun.log.out 2> /tmp/skv12-pin-p1/logs/pmu-typed-twitter-real_typed_track2.rerun.log.err	exact pin PMU command ledger
pmu	pmu-typed	typed	update_center	real_typed_track1	/Users/mkbabb/Programming/bbnf-lang/skinny	/tmp/skv12-pin-p1/logs/pmu-typed-update_center-real_typed_track1.rerun.log.out	/tmp/skv12-pin-p1/pmu/capture_status.tsv	cd /Users/mkbabb/Programming/bbnf-lang/skinny && /tmp/skv12-pin-profile-target-cf7848b2/release/profile_direct 7503 update-center real_typed_track1 > /tmp/skv12-pin-p1/logs/pmu-typed-update_center-real_typed_track1.rerun.log.out 2> /tmp/skv12-pin-p1/logs/pmu-typed-update_center-real_typed_track1.rerun.log.err	exact pin PMU command ledger
pmu	pmu-typed	typed	update_center	real_typed_track2	/Users/mkbabb/Programming/bbnf-lang/skinny	/tmp/skv12-pin-p1/logs/pmu-typed-update_center-real_typed_track2.rerun.log.out	/tmp/skv12-pin-p1/pmu/capture_status.tsv	cd /Users/mkbabb/Programming/bbnf-lang/skinny && /tmp/skv12-pin-profile-target-cf7848b2/release/profile_direct 7503 update-center real_typed_track2 > /tmp/skv12-pin-p1/logs/pmu-typed-update_center-real_typed_track2.rerun.log.out 2> /tmp/skv12-pin-p1/logs/pmu-typed-update_center-real_typed_track2.rerun.log.err	exact pin PMU command ledger
samply	samply-direct	direct	apache_builds	track1	/Users/mkbabb/Programming/bbnf-lang/skinny	/tmp/skv12-pin-p1/samply/direct/apache_builds__track1.json.gz	/tmp/skv12-pin-p1/samply/capture_status.tsv	cd /Users/mkbabb/Programming/bbnf-lang/skinny && samply record --save-only --unstable-presymbolicate -o /tmp/skv12-pin-p1/samply/direct/apache_builds__track1.json.gz -- /tmp/skv12-pin-profile-target-cf7848b2/release/profile_direct 31429 apache_builds track1	exact pin samply command ledger
samply	samply-direct	direct	apache_builds	track2	/Users/mkbabb/Programming/bbnf-lang/skinny	/tmp/skv12-pin-p1/samply/direct/apache_builds__track2.json.gz	/tmp/skv12-pin-p1/samply/capture_status.tsv	cd /Users/mkbabb/Programming/bbnf-lang/skinny && samply record --save-only --unstable-presymbolicate -o /tmp/skv12-pin-p1/samply/direct/apache_builds__track2.json.gz -- /tmp/skv12-pin-profile-target-cf7848b2/release/profile_direct 31429 apache_builds track2	exact pin samply command ledger
samply	samply-direct	direct	canada	track1	/Users/mkbabb/Programming/bbnf-lang/skinny	/tmp/skv12-pin-p1/samply/direct/canada__track1.json.gz	/tmp/skv12-pin-p1/samply/capture_status.tsv	cd /Users/mkbabb/Programming/bbnf-lang/skinny && samply record --save-only --unstable-presymbolicate -o /tmp/skv12-pin-p1/samply/direct/canada__track1.json.gz -- /tmp/skv12-pin-profile-target-cf7848b2/release/profile_direct 1777 canada track1	exact pin samply command ledger
samply	samply-direct	direct	canada	track2	/Users/mkbabb/Programming/bbnf-lang/skinny	/tmp/skv12-pin-p1/samply/direct/canada__track2.json.gz	/tmp/skv12-pin-p1/samply/capture_status.tsv	cd /Users/mkbabb/Programming/bbnf-lang/skinny && samply record --save-only --unstable-presymbolicate -o /tmp/skv12-pin-p1/samply/direct/canada__track2.json.gz -- /tmp/skv12-pin-profile-target-cf7848b2/release/profile_direct 1777 canada track2	exact pin samply command ledger
samply	samply-direct	direct	citm_catalog	track1	/Users/mkbabb/Programming/bbnf-lang/skinny	/tmp/skv12-pin-p1/samply/direct/citm_catalog__track1.json.gz	/tmp/skv12-pin-p1/samply/capture_status.tsv	cd /Users/mkbabb/Programming/bbnf-lang/skinny && samply record --save-only --unstable-presymbolicate -o /tmp/skv12-pin-p1/samply/direct/citm_catalog__track1.json.gz -- /tmp/skv12-pin-profile-target-cf7848b2/release/profile_direct 2316 citm_catalog track1	exact pin samply command ledger
samply	samply-direct	direct	citm_catalog	track2	/Users/mkbabb/Programming/bbnf-lang/skinny	/tmp/skv12-pin-p1/samply/direct/citm_catalog__track2.json.gz	/tmp/skv12-pin-p1/samply/capture_status.tsv	cd /Users/mkbabb/Programming/bbnf-lang/skinny && samply record --save-only --unstable-presymbolicate -o /tmp/skv12-pin-p1/samply/direct/citm_catalog__track2.json.gz -- /tmp/skv12-pin-profile-target-cf7848b2/release/profile_direct 2316 citm_catalog track2	exact pin samply command ledger
samply	samply-direct	direct	distinct_values	track1	/Users/mkbabb/Programming/bbnf-lang/skinny	/tmp/skv12-pin-p1/samply/direct/distinct_values__track1.json.gz	/tmp/skv12-pin-p1/samply/capture_status.tsv	cd /Users/mkbabb/Programming/bbnf-lang/skinny && samply record --save-only --unstable-presymbolicate -o /tmp/skv12-pin-p1/samply/direct/distinct_values__track1.json.gz -- /tmp/skv12-pin-profile-target-cf7848b2/release/profile_direct 26037 distinct_values track1	exact pin samply command ledger
samply	samply-direct	direct	distinct_values	track2	/Users/mkbabb/Programming/bbnf-lang/skinny	/tmp/skv12-pin-p1/samply/direct/distinct_values__track2.json.gz	/tmp/skv12-pin-p1/samply/capture_status.tsv	cd /Users/mkbabb/Programming/bbnf-lang/skinny && samply record --save-only --unstable-presymbolicate -o /tmp/skv12-pin-p1/samply/direct/distinct_values__track2.json.gz -- /tmp/skv12-pin-profile-target-cf7848b2/release/profile_direct 26037 distinct_values track2	exact pin samply command ledger
samply	samply-direct	direct	github_events	track1	/Users/mkbabb/Programming/bbnf-lang/skinny	/tmp/skv12-pin-p1/samply/direct/github_events__track1.json.gz	/tmp/skv12-pin-p1/samply/capture_status.tsv	cd /Users/mkbabb/Programming/bbnf-lang/skinny && samply record --save-only --unstable-presymbolicate -o /tmp/skv12-pin-p1/samply/direct/github_events__track1.json.gz -- /tmp/skv12-pin-profile-target-cf7848b2/release/profile_direct 61414 github_events track1	exact pin samply command ledger
samply	samply-direct	direct	github_events	track2	/Users/mkbabb/Programming/bbnf-lang/skinny	/tmp/skv12-pin-p1/samply/direct/github_events__track2.json.gz	/tmp/skv12-pin-p1/samply/capture_status.tsv	cd /Users/mkbabb/Programming/bbnf-lang/skinny && samply record --save-only --unstable-presymbolicate -o /tmp/skv12-pin-p1/samply/direct/github_events__track2.json.gz -- /tmp/skv12-pin-profile-target-cf7848b2/release/profile_direct 61414 github_events track2	exact pin samply command ledger
samply	samply-direct	direct	gsoc-2018	track1	/Users/mkbabb/Programming/bbnf-lang/skinny	/tmp/skv12-pin-p1/samply/direct/gsoc-2018__track1.json.gz	/tmp/skv12-pin-p1/samply/capture_status.tsv	cd /Users/mkbabb/Programming/bbnf-lang/skinny && samply record --save-only --unstable-presymbolicate -o /tmp/skv12-pin-p1/samply/direct/gsoc-2018__track1.json.gz -- /tmp/skv12-pin-profile-target-cf7848b2/release/profile_direct 1202 gsoc-2018 track1	exact pin samply command ledger
samply	samply-direct	direct	gsoc-2018	track2	/Users/mkbabb/Programming/bbnf-lang/skinny	/tmp/skv12-pin-p1/samply/direct/gsoc-2018__track2.json.gz	/tmp/skv12-pin-p1/samply/capture_status.tsv	cd /Users/mkbabb/Programming/bbnf-lang/skinny && samply record --save-only --unstable-presymbolicate -o /tmp/skv12-pin-p1/samply/direct/gsoc-2018__track2.json.gz -- /tmp/skv12-pin-profile-target-cf7848b2/release/profile_direct 1202 gsoc-2018 track2	exact pin samply command ledger
samply	samply-direct	direct	instruments	track1	/Users/mkbabb/Programming/bbnf-lang/skinny	/tmp/skv12-pin-p1/samply/direct/instruments__track1.json.gz	/tmp/skv12-pin-p1/samply/capture_status.tsv	cd /Users/mkbabb/Programming/bbnf-lang/skinny && samply record --save-only --unstable-presymbolicate -o /tmp/skv12-pin-p1/samply/direct/instruments__track1.json.gz -- /tmp/skv12-pin-profile-target-cf7848b2/release/profile_direct 18154 instruments track1	exact pin samply command ledger
samply	samply-direct	direct	instruments	track2	/Users/mkbabb/Programming/bbnf-lang/skinny	/tmp/skv12-pin-p1/samply/direct/instruments__track2.json.gz	/tmp/skv12-pin-p1/samply/capture_status.tsv	cd /Users/mkbabb/Programming/bbnf-lang/skinny && samply record --save-only --unstable-presymbolicate -o /tmp/skv12-pin-p1/samply/direct/instruments__track2.json.gz -- /tmp/skv12-pin-profile-target-cf7848b2/release/profile_direct 18154 instruments track2	exact pin samply command ledger
samply	samply-direct	direct	marine_ik	track1	/Users/mkbabb/Programming/bbnf-lang/skinny	/tmp/skv12-pin-p1/samply/direct/marine_ik__track1.json.gz	/tmp/skv12-pin-p1/samply/capture_status.tsv	cd /Users/mkbabb/Programming/bbnf-lang/skinny && samply record --save-only --unstable-presymbolicate -o /tmp/skv12-pin-p1/samply/direct/marine_ik__track1.json.gz -- /tmp/skv12-pin-profile-target-cf7848b2/release/profile_direct 1341 marine_ik track1	exact pin samply command ledger
samply	samply-direct	direct	marine_ik	track2	/Users/mkbabb/Programming/bbnf-lang/skinny	/tmp/skv12-pin-p1/samply/direct/marine_ik__track2.json.gz	/tmp/skv12-pin-p1/samply/capture_status.tsv	cd /Users/mkbabb/Programming/bbnf-lang/skinny && samply record --save-only --unstable-presymbolicate -o /tmp/skv12-pin-p1/samply/direct/marine_ik__track2.json.gz -- /tmp/skv12-pin-profile-target-cf7848b2/release/profile_direct 1341 marine_ik track2	exact pin samply command ledger
samply	samply-direct	direct	mesh	track1	/Users/mkbabb/Programming/bbnf-lang/skinny	/tmp/skv12-pin-p1/samply/direct/mesh__track1.json.gz	/tmp/skv12-pin-p1/samply/capture_status.tsv	cd /Users/mkbabb/Programming/bbnf-lang/skinny && samply record --save-only --unstable-presymbolicate -o /tmp/skv12-pin-p1/samply/direct/mesh__track1.json.gz -- /tmp/skv12-pin-profile-target-cf7848b2/release/profile_direct 5528 mesh track1	exact pin samply command ledger
samply	samply-direct	direct	mesh	track2	/Users/mkbabb/Programming/bbnf-lang/skinny	/tmp/skv12-pin-p1/samply/direct/mesh__track2.json.gz	/tmp/skv12-pin-p1/samply/capture_status.tsv	cd /Users/mkbabb/Programming/bbnf-lang/skinny && samply record --save-only --unstable-presymbolicate -o /tmp/skv12-pin-p1/samply/direct/mesh__track2.json.gz -- /tmp/skv12-pin-profile-target-cf7848b2/release/profile_direct 5528 mesh track2	exact pin samply command ledger
samply	samply-direct	direct	numbers	track1	/Users/mkbabb/Programming/bbnf-lang/skinny	/tmp/skv12-pin-p1/samply/direct/numbers__track1.json.gz	/tmp/skv12-pin-p1/samply/capture_status.tsv	cd /Users/mkbabb/Programming/bbnf-lang/skinny && samply record --save-only --unstable-presymbolicate -o /tmp/skv12-pin-p1/samply/direct/numbers__track1.json.gz -- /tmp/skv12-pin-profile-target-cf7848b2/release/profile_direct 26645 numbers track1	exact pin samply command ledger
samply	samply-direct	direct	numbers	track2	/Users/mkbabb/Programming/bbnf-lang/skinny	/tmp/skv12-pin-p1/samply/direct/numbers__track2.json.gz	/tmp/skv12-pin-p1/samply/capture_status.tsv	cd /Users/mkbabb/Programming/bbnf-lang/skinny && samply record --save-only --unstable-presymbolicate -o /tmp/skv12-pin-p1/samply/direct/numbers__track2.json.gz -- /tmp/skv12-pin-profile-target-cf7848b2/release/profile_direct 26645 numbers track2	exact pin samply command ledger
samply	samply-direct	direct	random	track1	/Users/mkbabb/Programming/bbnf-lang/skinny	/tmp/skv12-pin-p1/samply/direct/random__track1.json.gz	/tmp/skv12-pin-p1/samply/capture_status.tsv	cd /Users/mkbabb/Programming/bbnf-lang/skinny && samply record --save-only --unstable-presymbolicate -o /tmp/skv12-pin-p1/samply/direct/random__track1.json.gz -- /tmp/skv12-pin-profile-target-cf7848b2/release/profile_direct 7836 random track1	exact pin samply command ledger
samply	samply-direct	direct	random	track2	/Users/mkbabb/Programming/bbnf-lang/skinny	/tmp/skv12-pin-p1/samply/direct/random__track2.json.gz	/tmp/skv12-pin-p1/samply/capture_status.tsv	cd /Users/mkbabb/Programming/bbnf-lang/skinny && samply record --save-only --unstable-presymbolicate -o /tmp/skv12-pin-p1/samply/direct/random__track2.json.gz -- /tmp/skv12-pin-profile-target-cf7848b2/release/profile_direct 7836 random track2	exact pin samply command ledger
samply	samply-direct	direct	twitter	track1	/Users/mkbabb/Programming/bbnf-lang/skinny	/tmp/skv12-pin-p1/samply/direct/twitter__track1.json.gz	/tmp/skv12-pin-p1/samply/capture_status.tsv	cd /Users/mkbabb/Programming/bbnf-lang/skinny && samply record --save-only --unstable-presymbolicate -o /tmp/skv12-pin-p1/samply/direct/twitter__track1.json.gz -- /tmp/skv12-pin-profile-target-cf7848b2/release/profile_direct 6334 twitter track1	exact pin samply command ledger
samply	samply-direct	direct	twitter	track2	/Users/mkbabb/Programming/bbnf-lang/skinny	/tmp/skv12-pin-p1/samply/direct/twitter__track2.json.gz	/tmp/skv12-pin-p1/samply/capture_status.tsv	cd /Users/mkbabb/Programming/bbnf-lang/skinny && samply record --save-only --unstable-presymbolicate -o /tmp/skv12-pin-p1/samply/direct/twitter__track2.json.gz -- /tmp/skv12-pin-profile-target-cf7848b2/release/profile_direct 6334 twitter track2	exact pin samply command ledger
samply	samply-direct	direct	unicode_basic	track1	/Users/mkbabb/Programming/bbnf-lang/skinny	/tmp/skv12-pin-p1/samply/direct/unicode_basic__track1.json.gz	/tmp/skv12-pin-p1/samply/capture_status.tsv	cd /Users/mkbabb/Programming/bbnf-lang/skinny && samply record --save-only --unstable-presymbolicate -o /tmp/skv12-pin-p1/samply/direct/unicode_basic__track1.json.gz -- /tmp/skv12-pin-profile-target-cf7848b2/release/profile_direct 3815 unicode_basic track1	exact pin samply command ledger
samply	samply-direct	direct	unicode_basic	track2	/Users/mkbabb/Programming/bbnf-lang/skinny	/tmp/skv12-pin-p1/samply/direct/unicode_basic__track2.json.gz	/tmp/skv12-pin-p1/samply/capture_status.tsv	cd /Users/mkbabb/Programming/bbnf-lang/skinny && samply record --save-only --unstable-presymbolicate -o /tmp/skv12-pin-p1/samply/direct/unicode_basic__track2.json.gz -- /tmp/skv12-pin-profile-target-cf7848b2/release/profile_direct 3815 unicode_basic track2	exact pin samply command ledger
samply	samply-direct	direct	unicode_escapes	track1	/Users/mkbabb/Programming/bbnf-lang/skinny	/tmp/skv12-pin-p1/samply/direct/unicode_escapes__track1.json.gz	/tmp/skv12-pin-p1/samply/capture_status.tsv	cd /Users/mkbabb/Programming/bbnf-lang/skinny && samply record --save-only --unstable-presymbolicate -o /tmp/skv12-pin-p1/samply/direct/unicode_escapes__track1.json.gz -- /tmp/skv12-pin-profile-target-cf7848b2/release/profile_direct 3807 unicode_escapes track1	exact pin samply command ledger
samply	samply-direct	direct	unicode_escapes	track2	/Users/mkbabb/Programming/bbnf-lang/skinny	/tmp/skv12-pin-p1/samply/direct/unicode_escapes__track2.json.gz	/tmp/skv12-pin-p1/samply/capture_status.tsv	cd /Users/mkbabb/Programming/bbnf-lang/skinny && samply record --save-only --unstable-presymbolicate -o /tmp/skv12-pin-p1/samply/direct/unicode_escapes__track2.json.gz -- /tmp/skv12-pin-profile-target-cf7848b2/release/profile_direct 3807 unicode_escapes track2	exact pin samply command ledger
samply	samply-direct	direct	unicode_mixed	track1	/Users/mkbabb/Programming/bbnf-lang/skinny	/tmp/skv12-pin-p1/samply/direct/unicode_mixed__track1.json.gz	/tmp/skv12-pin-p1/samply/capture_status.tsv	cd /Users/mkbabb/Programming/bbnf-lang/skinny && samply record --save-only --unstable-presymbolicate -o /tmp/skv12-pin-p1/samply/direct/unicode_mixed__track1.json.gz -- /tmp/skv12-pin-profile-target-cf7848b2/release/profile_direct 3799 unicode_mixed track1	exact pin samply command ledger
samply	samply-direct	direct	unicode_mixed	track2	/Users/mkbabb/Programming/bbnf-lang/skinny	/tmp/skv12-pin-p1/samply/direct/unicode_mixed__track2.json.gz	/tmp/skv12-pin-p1/samply/capture_status.tsv	cd /Users/mkbabb/Programming/bbnf-lang/skinny && samply record --save-only --unstable-presymbolicate -o /tmp/skv12-pin-p1/samply/direct/unicode_mixed__track2.json.gz -- /tmp/skv12-pin-profile-target-cf7848b2/release/profile_direct 3799 unicode_mixed track2	exact pin samply command ledger
samply	samply-direct	direct	update_center	track1	/Users/mkbabb/Programming/bbnf-lang/skinny	/tmp/skv12-pin-p1/samply/direct/update_center__track1.json.gz	/tmp/skv12-pin-p1/samply/capture_status.tsv	cd /Users/mkbabb/Programming/bbnf-lang/skinny && samply record --save-only --unstable-presymbolicate -o /tmp/skv12-pin-p1/samply/direct/update_center__track1.json.gz -- /tmp/skv12-pin-profile-target-cf7848b2/release/profile_direct 7503 update-center track1	exact pin samply command ledger
samply	samply-direct	direct	update_center	track2	/Users/mkbabb/Programming/bbnf-lang/skinny	/tmp/skv12-pin-p1/samply/direct/update_center__track2.json.gz	/tmp/skv12-pin-p1/samply/capture_status.tsv	cd /Users/mkbabb/Programming/bbnf-lang/skinny && samply record --save-only --unstable-presymbolicate -o /tmp/skv12-pin-p1/samply/direct/update_center__track2.json.gz -- /tmp/skv12-pin-profile-target-cf7848b2/release/profile_direct 7503 update-center track2	exact pin samply command ledger
samply	samply-direct	direct	y_string_unicode	track1	/Users/mkbabb/Programming/bbnf-lang/skinny	/tmp/skv12-pin-p1/samply/direct/y_string_unicode__track1.json.gz	/tmp/skv12-pin-p1/samply/capture_status.tsv	cd /Users/mkbabb/Programming/bbnf-lang/skinny && samply record --save-only --unstable-presymbolicate -o /tmp/skv12-pin-p1/samply/direct/y_string_unicode__track1.json.gz -- /tmp/skv12-pin-profile-target-cf7848b2/release/profile_direct 100000 y_string_unicode track1	exact pin samply command ledger
samply	samply-direct	direct	y_string_unicode	track2	/Users/mkbabb/Programming/bbnf-lang/skinny	/tmp/skv12-pin-p1/samply/direct/y_string_unicode__track2.json.gz	/tmp/skv12-pin-p1/samply/capture_status.tsv	cd /Users/mkbabb/Programming/bbnf-lang/skinny && samply record --save-only --unstable-presymbolicate -o /tmp/skv12-pin-p1/samply/direct/y_string_unicode__track2.json.gz -- /tmp/skv12-pin-profile-target-cf7848b2/release/profile_direct 100000 y_string_unicode track2	exact pin samply command ledger
samply	samply-parse	parse	apache_builds	track1	/Users/mkbabb/Programming/bbnf-lang	/tmp/skv12-pin-p1/samply/parse/apache_builds__track1.json.gz	/tmp/skv12-pin-p1/samply/capture_status.tsv	cd /Users/mkbabb/Programming/bbnf-lang && samply record --save-only --unstable-presymbolicate -o /tmp/skv12-pin-p1/samply/parse/apache_builds__track1.json.gz -- /tmp/skv12-pin-profile-target-cf7848b2/release/xctrace_probe /Users/mkbabb/Programming/bbnf-lang/skinny/test_data/apache_builds.json track1 31429	exact pin samply command ledger
samply	samply-parse	parse	apache_builds	track2	/Users/mkbabb/Programming/bbnf-lang	/tmp/skv12-pin-p1/samply/parse/apache_builds__track2.json.gz	/tmp/skv12-pin-p1/samply/capture_status.tsv	cd /Users/mkbabb/Programming/bbnf-lang && samply record --save-only --unstable-presymbolicate -o /tmp/skv12-pin-p1/samply/parse/apache_builds__track2.json.gz -- /tmp/skv12-pin-profile-target-cf7848b2/release/xctrace_probe /Users/mkbabb/Programming/bbnf-lang/skinny/test_data/apache_builds.json track2 31429	exact pin samply command ledger
samply	samply-parse	parse	canada	track1	/Users/mkbabb/Programming/bbnf-lang	/tmp/skv12-pin-p1/samply/parse/canada__track1.json.gz	/tmp/skv12-pin-p1/samply/capture_status.tsv	cd /Users/mkbabb/Programming/bbnf-lang && samply record --save-only --unstable-presymbolicate -o /tmp/skv12-pin-p1/samply/parse/canada__track1.json.gz -- /tmp/skv12-pin-profile-target-cf7848b2/release/xctrace_probe /Users/mkbabb/Programming/bbnf-lang/skinny/test_data/canada.json track1 1777	exact pin samply command ledger
samply	samply-parse	parse	canada	track2	/Users/mkbabb/Programming/bbnf-lang	/tmp/skv12-pin-p1/samply/parse/canada__track2.json.gz	/tmp/skv12-pin-p1/samply/capture_status.tsv	cd /Users/mkbabb/Programming/bbnf-lang && samply record --save-only --unstable-presymbolicate -o /tmp/skv12-pin-p1/samply/parse/canada__track2.json.gz -- /tmp/skv12-pin-profile-target-cf7848b2/release/xctrace_probe /Users/mkbabb/Programming/bbnf-lang/skinny/test_data/canada.json track2 1777	exact pin samply command ledger
samply	samply-parse	parse	citm_catalog	track1	/Users/mkbabb/Programming/bbnf-lang	/tmp/skv12-pin-p1/samply/parse/citm_catalog__track1.json.gz	/tmp/skv12-pin-p1/samply/capture_status.tsv	cd /Users/mkbabb/Programming/bbnf-lang && samply record --save-only --unstable-presymbolicate -o /tmp/skv12-pin-p1/samply/parse/citm_catalog__track1.json.gz -- /tmp/skv12-pin-profile-target-cf7848b2/release/xctrace_probe /Users/mkbabb/Programming/bbnf-lang/skinny/test_data/citm_catalog.json track1 2316	exact pin samply command ledger
samply	samply-parse	parse	citm_catalog	track2	/Users/mkbabb/Programming/bbnf-lang	/tmp/skv12-pin-p1/samply/parse/citm_catalog__track2.json.gz	/tmp/skv12-pin-p1/samply/capture_status.tsv	cd /Users/mkbabb/Programming/bbnf-lang && samply record --save-only --unstable-presymbolicate -o /tmp/skv12-pin-p1/samply/parse/citm_catalog__track2.json.gz -- /tmp/skv12-pin-profile-target-cf7848b2/release/xctrace_probe /Users/mkbabb/Programming/bbnf-lang/skinny/test_data/citm_catalog.json track2 2316	exact pin samply command ledger
samply	samply-parse	parse	distinct_values	track1	/Users/mkbabb/Programming/bbnf-lang	/tmp/skv12-pin-p1/samply/parse/distinct_values__track1.json.gz	/tmp/skv12-pin-p1/samply/capture_status.tsv	cd /Users/mkbabb/Programming/bbnf-lang && samply record --save-only --unstable-presymbolicate -o /tmp/skv12-pin-p1/samply/parse/distinct_values__track1.json.gz -- /tmp/skv12-pin-profile-target-cf7848b2/release/xctrace_probe /Users/mkbabb/Programming/bbnf-lang/skinny/test_data/distinct_values.json track1 26037	exact pin samply command ledger
samply	samply-parse	parse	distinct_values	track2	/Users/mkbabb/Programming/bbnf-lang	/tmp/skv12-pin-p1/samply/parse/distinct_values__track2.json.gz	/tmp/skv12-pin-p1/samply/capture_status.tsv	cd /Users/mkbabb/Programming/bbnf-lang && samply record --save-only --unstable-presymbolicate -o /tmp/skv12-pin-p1/samply/parse/distinct_values__track2.json.gz -- /tmp/skv12-pin-profile-target-cf7848b2/release/xctrace_probe /Users/mkbabb/Programming/bbnf-lang/skinny/test_data/distinct_values.json track2 26037	exact pin samply command ledger
samply	samply-parse	parse	github_events	track1	/Users/mkbabb/Programming/bbnf-lang	/tmp/skv12-pin-p1/samply/parse/github_events__track1.json.gz	/tmp/skv12-pin-p1/samply/capture_status.tsv	cd /Users/mkbabb/Programming/bbnf-lang && samply record --save-only --unstable-presymbolicate -o /tmp/skv12-pin-p1/samply/parse/github_events__track1.json.gz -- /tmp/skv12-pin-profile-target-cf7848b2/release/xctrace_probe /Users/mkbabb/Programming/bbnf-lang/skinny/test_data/github_events.json track1 61414	exact pin samply command ledger
samply	samply-parse	parse	github_events	track2	/Users/mkbabb/Programming/bbnf-lang	/tmp/skv12-pin-p1/samply/parse/github_events__track2.json.gz	/tmp/skv12-pin-p1/samply/capture_status.tsv	cd /Users/mkbabb/Programming/bbnf-lang && samply record --save-only --unstable-presymbolicate -o /tmp/skv12-pin-p1/samply/parse/github_events__track2.json.gz -- /tmp/skv12-pin-profile-target-cf7848b2/release/xctrace_probe /Users/mkbabb/Programming/bbnf-lang/skinny/test_data/github_events.json track2 61414	exact pin samply command ledger
samply	samply-parse	parse	gsoc-2018	track1	/Users/mkbabb/Programming/bbnf-lang	/tmp/skv12-pin-p1/samply/parse/gsoc-2018__track1.json.gz	/tmp/skv12-pin-p1/samply/capture_status.tsv	cd /Users/mkbabb/Programming/bbnf-lang && samply record --save-only --unstable-presymbolicate -o /tmp/skv12-pin-p1/samply/parse/gsoc-2018__track1.json.gz -- /tmp/skv12-pin-profile-target-cf7848b2/release/xctrace_probe /Users/mkbabb/Programming/bbnf-lang/skinny/test_data/gsoc-2018.json track1 1202	exact pin samply command ledger
samply	samply-parse	parse	gsoc-2018	track2	/Users/mkbabb/Programming/bbnf-lang	/tmp/skv12-pin-p1/samply/parse/gsoc-2018__track2.json.gz	/tmp/skv12-pin-p1/samply/capture_status.tsv	cd /Users/mkbabb/Programming/bbnf-lang && samply record --save-only --unstable-presymbolicate -o /tmp/skv12-pin-p1/samply/parse/gsoc-2018__track2.json.gz -- /tmp/skv12-pin-profile-target-cf7848b2/release/xctrace_probe /Users/mkbabb/Programming/bbnf-lang/skinny/test_data/gsoc-2018.json track2 1202	exact pin samply command ledger
samply	samply-parse	parse	instruments	track1	/Users/mkbabb/Programming/bbnf-lang	/tmp/skv12-pin-p1/samply/parse/instruments__track1.json.gz	/tmp/skv12-pin-p1/samply/capture_status.tsv	cd /Users/mkbabb/Programming/bbnf-lang && samply record --save-only --unstable-presymbolicate -o /tmp/skv12-pin-p1/samply/parse/instruments__track1.json.gz -- /tmp/skv12-pin-profile-target-cf7848b2/release/xctrace_probe /Users/mkbabb/Programming/bbnf-lang/skinny/test_data/instruments.json track1 18154	exact pin samply command ledger
samply	samply-parse	parse	instruments	track2	/Users/mkbabb/Programming/bbnf-lang	/tmp/skv12-pin-p1/samply/parse/instruments__track2.json.gz	/tmp/skv12-pin-p1/samply/capture_status.tsv	cd /Users/mkbabb/Programming/bbnf-lang && samply record --save-only --unstable-presymbolicate -o /tmp/skv12-pin-p1/samply/parse/instruments__track2.json.gz -- /tmp/skv12-pin-profile-target-cf7848b2/release/xctrace_probe /Users/mkbabb/Programming/bbnf-lang/skinny/test_data/instruments.json track2 18154	exact pin samply command ledger
samply	samply-parse	parse	marine_ik	track1	/Users/mkbabb/Programming/bbnf-lang	/tmp/skv12-pin-p1/samply/parse/marine_ik__track1.json.gz	/tmp/skv12-pin-p1/samply/capture_status.tsv	cd /Users/mkbabb/Programming/bbnf-lang && samply record --save-only --unstable-presymbolicate -o /tmp/skv12-pin-p1/samply/parse/marine_ik__track1.json.gz -- /tmp/skv12-pin-profile-target-cf7848b2/release/xctrace_probe /Users/mkbabb/Programming/bbnf-lang/skinny/test_data/marine_ik.json track1 1341	exact pin samply command ledger
samply	samply-parse	parse	marine_ik	track2	/Users/mkbabb/Programming/bbnf-lang	/tmp/skv12-pin-p1/samply/parse/marine_ik__track2.json.gz	/tmp/skv12-pin-p1/samply/capture_status.tsv	cd /Users/mkbabb/Programming/bbnf-lang && samply record --save-only --unstable-presymbolicate -o /tmp/skv12-pin-p1/samply/parse/marine_ik__track2.json.gz -- /tmp/skv12-pin-profile-target-cf7848b2/release/xctrace_probe /Users/mkbabb/Programming/bbnf-lang/skinny/test_data/marine_ik.json track2 1341	exact pin samply command ledger
samply	samply-parse	parse	mesh	track1	/Users/mkbabb/Programming/bbnf-lang	/tmp/skv12-pin-p1/samply/parse/mesh__track1.json.gz	/tmp/skv12-pin-p1/samply/capture_status.tsv	cd /Users/mkbabb/Programming/bbnf-lang && samply record --save-only --unstable-presymbolicate -o /tmp/skv12-pin-p1/samply/parse/mesh__track1.json.gz -- /tmp/skv12-pin-profile-target-cf7848b2/release/xctrace_probe /Users/mkbabb/Programming/bbnf-lang/skinny/test_data/mesh.json track1 5528	exact pin samply command ledger
samply	samply-parse	parse	mesh	track2	/Users/mkbabb/Programming/bbnf-lang	/tmp/skv12-pin-p1/samply/parse/mesh__track2.json.gz	/tmp/skv12-pin-p1/samply/capture_status.tsv	cd /Users/mkbabb/Programming/bbnf-lang && samply record --save-only --unstable-presymbolicate -o /tmp/skv12-pin-p1/samply/parse/mesh__track2.json.gz -- /tmp/skv12-pin-profile-target-cf7848b2/release/xctrace_probe /Users/mkbabb/Programming/bbnf-lang/skinny/test_data/mesh.json track2 5528	exact pin samply command ledger
samply	samply-parse	parse	numbers	track1	/Users/mkbabb/Programming/bbnf-lang	/tmp/skv12-pin-p1/samply/parse/numbers__track1.json.gz	/tmp/skv12-pin-p1/samply/capture_status.tsv	cd /Users/mkbabb/Programming/bbnf-lang && samply record --save-only --unstable-presymbolicate -o /tmp/skv12-pin-p1/samply/parse/numbers__track1.json.gz -- /tmp/skv12-pin-profile-target-cf7848b2/release/xctrace_probe /Users/mkbabb/Programming/bbnf-lang/skinny/test_data/numbers.json track1 26645	exact pin samply command ledger
samply	samply-parse	parse	numbers	track2	/Users/mkbabb/Programming/bbnf-lang	/tmp/skv12-pin-p1/samply/parse/numbers__track2.json.gz	/tmp/skv12-pin-p1/samply/capture_status.tsv	cd /Users/mkbabb/Programming/bbnf-lang && samply record --save-only --unstable-presymbolicate -o /tmp/skv12-pin-p1/samply/parse/numbers__track2.json.gz -- /tmp/skv12-pin-profile-target-cf7848b2/release/xctrace_probe /Users/mkbabb/Programming/bbnf-lang/skinny/test_data/numbers.json track2 26645	exact pin samply command ledger
samply	samply-parse	parse	random	track1	/Users/mkbabb/Programming/bbnf-lang	/tmp/skv12-pin-p1/samply/parse/random__track1.json.gz	/tmp/skv12-pin-p1/samply/capture_status.tsv	cd /Users/mkbabb/Programming/bbnf-lang && samply record --save-only --unstable-presymbolicate -o /tmp/skv12-pin-p1/samply/parse/random__track1.json.gz -- /tmp/skv12-pin-profile-target-cf7848b2/release/xctrace_probe /Users/mkbabb/Programming/bbnf-lang/skinny/test_data/random.json track1 7836	exact pin samply command ledger
samply	samply-parse	parse	random	track2	/Users/mkbabb/Programming/bbnf-lang	/tmp/skv12-pin-p1/samply/parse/random__track2.json.gz	/tmp/skv12-pin-p1/samply/capture_status.tsv	cd /Users/mkbabb/Programming/bbnf-lang && samply record --save-only --unstable-presymbolicate -o /tmp/skv12-pin-p1/samply/parse/random__track2.json.gz -- /tmp/skv12-pin-profile-target-cf7848b2/release/xctrace_probe /Users/mkbabb/Programming/bbnf-lang/skinny/test_data/random.json track2 7836	exact pin samply command ledger
samply	samply-parse	parse	twitter	track1	/Users/mkbabb/Programming/bbnf-lang	/tmp/skv12-pin-p1/samply/parse/twitter__track1.json.gz	/tmp/skv12-pin-p1/samply/capture_status.tsv	cd /Users/mkbabb/Programming/bbnf-lang && samply record --save-only --unstable-presymbolicate -o /tmp/skv12-pin-p1/samply/parse/twitter__track1.json.gz -- /tmp/skv12-pin-profile-target-cf7848b2/release/xctrace_probe /Users/mkbabb/Programming/bbnf-lang/skinny/test_data/twitter.json track1 6334	exact pin samply command ledger
samply	samply-parse	parse	twitter	track2	/Users/mkbabb/Programming/bbnf-lang	/tmp/skv12-pin-p1/samply/parse/twitter__track2.json.gz	/tmp/skv12-pin-p1/samply/capture_status.tsv	cd /Users/mkbabb/Programming/bbnf-lang && samply record --save-only --unstable-presymbolicate -o /tmp/skv12-pin-p1/samply/parse/twitter__track2.json.gz -- /tmp/skv12-pin-profile-target-cf7848b2/release/xctrace_probe /Users/mkbabb/Programming/bbnf-lang/skinny/test_data/twitter.json track2 6334	exact pin samply command ledger
samply	samply-parse	parse	unicode_basic	track1	/Users/mkbabb/Programming/bbnf-lang	/tmp/skv12-pin-p1/samply/parse/unicode_basic__track1.json.gz	/tmp/skv12-pin-p1/samply/capture_status.tsv	cd /Users/mkbabb/Programming/bbnf-lang && samply record --save-only --unstable-presymbolicate -o /tmp/skv12-pin-p1/samply/parse/unicode_basic__track1.json.gz -- /tmp/skv12-pin-profile-target-cf7848b2/release/xctrace_probe /Users/mkbabb/Programming/bbnf-lang/skinny/test_data/unicode_basic.json track1 3815	exact pin samply command ledger
samply	samply-parse	parse	unicode_basic	track2	/Users/mkbabb/Programming/bbnf-lang	/tmp/skv12-pin-p1/samply/parse/unicode_basic__track2.json.gz	/tmp/skv12-pin-p1/samply/capture_status.tsv	cd /Users/mkbabb/Programming/bbnf-lang && samply record --save-only --unstable-presymbolicate -o /tmp/skv12-pin-p1/samply/parse/unicode_basic__track2.json.gz -- /tmp/skv12-pin-profile-target-cf7848b2/release/xctrace_probe /Users/mkbabb/Programming/bbnf-lang/skinny/test_data/unicode_basic.json track2 3815	exact pin samply command ledger
samply	samply-parse	parse	unicode_escapes	track1	/Users/mkbabb/Programming/bbnf-lang	/tmp/skv12-pin-p1/samply/parse/unicode_escapes__track1.json.gz	/tmp/skv12-pin-p1/samply/capture_status.tsv	cd /Users/mkbabb/Programming/bbnf-lang && samply record --save-only --unstable-presymbolicate -o /tmp/skv12-pin-p1/samply/parse/unicode_escapes__track1.json.gz -- /tmp/skv12-pin-profile-target-cf7848b2/release/xctrace_probe /Users/mkbabb/Programming/bbnf-lang/skinny/test_data/unicode_escapes.json track1 3807	exact pin samply command ledger
samply	samply-parse	parse	unicode_escapes	track2	/Users/mkbabb/Programming/bbnf-lang	/tmp/skv12-pin-p1/samply/parse/unicode_escapes__track2.json.gz	/tmp/skv12-pin-p1/samply/capture_status.tsv	cd /Users/mkbabb/Programming/bbnf-lang && samply record --save-only --unstable-presymbolicate -o /tmp/skv12-pin-p1/samply/parse/unicode_escapes__track2.json.gz -- /tmp/skv12-pin-profile-target-cf7848b2/release/xctrace_probe /Users/mkbabb/Programming/bbnf-lang/skinny/test_data/unicode_escapes.json track2 3807	exact pin samply command ledger
samply	samply-parse	parse	unicode_mixed	track1	/Users/mkbabb/Programming/bbnf-lang	/tmp/skv12-pin-p1/samply/parse/unicode_mixed__track1.json.gz	/tmp/skv12-pin-p1/samply/capture_status.tsv	cd /Users/mkbabb/Programming/bbnf-lang && samply record --save-only --unstable-presymbolicate -o /tmp/skv12-pin-p1/samply/parse/unicode_mixed__track1.json.gz -- /tmp/skv12-pin-profile-target-cf7848b2/release/xctrace_probe /Users/mkbabb/Programming/bbnf-lang/skinny/test_data/unicode_mixed.json track1 3799	exact pin samply command ledger
samply	samply-parse	parse	unicode_mixed	track2	/Users/mkbabb/Programming/bbnf-lang	/tmp/skv12-pin-p1/samply/parse/unicode_mixed__track2.json.gz	/tmp/skv12-pin-p1/samply/capture_status.tsv	cd /Users/mkbabb/Programming/bbnf-lang && samply record --save-only --unstable-presymbolicate -o /tmp/skv12-pin-p1/samply/parse/unicode_mixed__track2.json.gz -- /tmp/skv12-pin-profile-target-cf7848b2/release/xctrace_probe /Users/mkbabb/Programming/bbnf-lang/skinny/test_data/unicode_mixed.json track2 3799	exact pin samply command ledger
samply	samply-parse	parse	update_center	track1	/Users/mkbabb/Programming/bbnf-lang	/tmp/skv12-pin-p1/samply/parse/update_center__track1.json.gz	/tmp/skv12-pin-p1/samply/capture_status.tsv	cd /Users/mkbabb/Programming/bbnf-lang && samply record --save-only --unstable-presymbolicate -o /tmp/skv12-pin-p1/samply/parse/update_center__track1.json.gz -- /tmp/skv12-pin-profile-target-cf7848b2/release/xctrace_probe /Users/mkbabb/Programming/bbnf-lang/skinny/test_data/update-center.json track1 7503	exact pin samply command ledger
samply	samply-parse	parse	update_center	track2	/Users/mkbabb/Programming/bbnf-lang	/tmp/skv12-pin-p1/samply/parse/update_center__track2.json.gz	/tmp/skv12-pin-p1/samply/capture_status.tsv	cd /Users/mkbabb/Programming/bbnf-lang && samply record --save-only --unstable-presymbolicate -o /tmp/skv12-pin-p1/samply/parse/update_center__track2.json.gz -- /tmp/skv12-pin-profile-target-cf7848b2/release/xctrace_probe /Users/mkbabb/Programming/bbnf-lang/skinny/test_data/update-center.json track2 7503	exact pin samply command ledger
samply	samply-parse	parse	y_string_unicode	track1	/Users/mkbabb/Programming/bbnf-lang	/tmp/skv12-pin-p1/samply/parse/y_string_unicode__track1.json.gz	/tmp/skv12-pin-p1/samply/capture_status.tsv	cd /Users/mkbabb/Programming/bbnf-lang && samply record --save-only --unstable-presymbolicate -o /tmp/skv12-pin-p1/samply/parse/y_string_unicode__track1.json.gz -- /tmp/skv12-pin-profile-target-cf7848b2/release/xctrace_probe /Users/mkbabb/Programming/bbnf-lang/skinny/test_data/y_string_unicode.json track1 100000	exact pin samply command ledger
samply	samply-parse	parse	y_string_unicode	track2	/Users/mkbabb/Programming/bbnf-lang	/tmp/skv12-pin-p1/samply/parse/y_string_unicode__track2.json.gz	/tmp/skv12-pin-p1/samply/capture_status.tsv	cd /Users/mkbabb/Programming/bbnf-lang && samply record --save-only --unstable-presymbolicate -o /tmp/skv12-pin-p1/samply/parse/y_string_unicode__track2.json.gz -- /tmp/skv12-pin-profile-target-cf7848b2/release/xctrace_probe /Users/mkbabb/Programming/bbnf-lang/skinny/test_data/y_string_unicode.json track2 100000	exact pin samply command ledger
samply	samply-typed	typed	apache_builds	real_typed_track1	/Users/mkbabb/Programming/bbnf-lang/skinny	/tmp/skv12-pin-p1/samply/typed/apache_builds__real_typed_track1.json.gz	/tmp/skv12-pin-p1/samply/capture_status.tsv	cd /Users/mkbabb/Programming/bbnf-lang/skinny && samply record --save-only --unstable-presymbolicate -o /tmp/skv12-pin-p1/samply/typed/apache_builds__real_typed_track1.json.gz -- /tmp/skv12-pin-profile-target-cf7848b2/release/profile_direct 31429 apache_builds real_typed_track1	exact pin samply command ledger
samply	samply-typed	typed	apache_builds	real_typed_track2	/Users/mkbabb/Programming/bbnf-lang/skinny	/tmp/skv12-pin-p1/samply/typed/apache_builds__real_typed_track2.json.gz	/tmp/skv12-pin-p1/samply/capture_status.tsv	cd /Users/mkbabb/Programming/bbnf-lang/skinny && samply record --save-only --unstable-presymbolicate -o /tmp/skv12-pin-p1/samply/typed/apache_builds__real_typed_track2.json.gz -- /tmp/skv12-pin-profile-target-cf7848b2/release/profile_direct 31429 apache_builds real_typed_track2	exact pin samply command ledger
samply	samply-typed	typed	citm_catalog	real_typed_track1	/Users/mkbabb/Programming/bbnf-lang/skinny	/tmp/skv12-pin-p1/samply/typed/citm_catalog__real_typed_track1.json.gz	/tmp/skv12-pin-p1/samply/capture_status.tsv	cd /Users/mkbabb/Programming/bbnf-lang/skinny && samply record --save-only --unstable-presymbolicate -o /tmp/skv12-pin-p1/samply/typed/citm_catalog__real_typed_track1.json.gz -- /tmp/skv12-pin-profile-target-cf7848b2/release/profile_direct 2316 citm_catalog real_typed_track1	exact pin samply command ledger
samply	samply-typed	typed	citm_catalog	real_typed_track2	/Users/mkbabb/Programming/bbnf-lang/skinny	/tmp/skv12-pin-p1/samply/typed/citm_catalog__real_typed_track2.json.gz	/tmp/skv12-pin-p1/samply/capture_status.tsv	cd /Users/mkbabb/Programming/bbnf-lang/skinny && samply record --save-only --unstable-presymbolicate -o /tmp/skv12-pin-p1/samply/typed/citm_catalog__real_typed_track2.json.gz -- /tmp/skv12-pin-profile-target-cf7848b2/release/profile_direct 2316 citm_catalog real_typed_track2	exact pin samply command ledger
samply	samply-typed	typed	github_events	real_typed_track1	/Users/mkbabb/Programming/bbnf-lang/skinny	/tmp/skv12-pin-p1/samply/typed/github_events__real_typed_track1.json.gz	/tmp/skv12-pin-p1/samply/capture_status.tsv	cd /Users/mkbabb/Programming/bbnf-lang/skinny && samply record --save-only --unstable-presymbolicate -o /tmp/skv12-pin-p1/samply/typed/github_events__real_typed_track1.json.gz -- /tmp/skv12-pin-profile-target-cf7848b2/release/profile_direct 61414 github_events real_typed_track1	exact pin samply command ledger
samply	samply-typed	typed	github_events	real_typed_track2	/Users/mkbabb/Programming/bbnf-lang/skinny	/tmp/skv12-pin-p1/samply/typed/github_events__real_typed_track2.json.gz	/tmp/skv12-pin-p1/samply/capture_status.tsv	cd /Users/mkbabb/Programming/bbnf-lang/skinny && samply record --save-only --unstable-presymbolicate -o /tmp/skv12-pin-p1/samply/typed/github_events__real_typed_track2.json.gz -- /tmp/skv12-pin-profile-target-cf7848b2/release/profile_direct 61414 github_events real_typed_track2	exact pin samply command ledger
samply	samply-typed	typed	marine_ik	real_typed_track1	/Users/mkbabb/Programming/bbnf-lang/skinny	/tmp/skv12-pin-p1/samply/typed/marine_ik__real_typed_track1.json.gz	/tmp/skv12-pin-p1/samply/capture_status.tsv	cd /Users/mkbabb/Programming/bbnf-lang/skinny && samply record --save-only --unstable-presymbolicate -o /tmp/skv12-pin-p1/samply/typed/marine_ik__real_typed_track1.json.gz -- /tmp/skv12-pin-profile-target-cf7848b2/release/profile_direct 1341 marine_ik real_typed_track1	exact pin samply command ledger
samply	samply-typed	typed	marine_ik	real_typed_track2	/Users/mkbabb/Programming/bbnf-lang/skinny	/tmp/skv12-pin-p1/samply/typed/marine_ik__real_typed_track2.json.gz	/tmp/skv12-pin-p1/samply/capture_status.tsv	cd /Users/mkbabb/Programming/bbnf-lang/skinny && samply record --save-only --unstable-presymbolicate -o /tmp/skv12-pin-p1/samply/typed/marine_ik__real_typed_track2.json.gz -- /tmp/skv12-pin-profile-target-cf7848b2/release/profile_direct 1341 marine_ik real_typed_track2	exact pin samply command ledger
samply	samply-typed	typed	mesh	real_typed_track1	/Users/mkbabb/Programming/bbnf-lang/skinny	/tmp/skv12-pin-p1/samply/typed/mesh__real_typed_track1.json.gz	/tmp/skv12-pin-p1/samply/capture_status.tsv	cd /Users/mkbabb/Programming/bbnf-lang/skinny && samply record --save-only --unstable-presymbolicate -o /tmp/skv12-pin-p1/samply/typed/mesh__real_typed_track1.json.gz -- /tmp/skv12-pin-profile-target-cf7848b2/release/profile_direct 5528 mesh real_typed_track1	exact pin samply command ledger
samply	samply-typed	typed	mesh	real_typed_track2	/Users/mkbabb/Programming/bbnf-lang/skinny	/tmp/skv12-pin-p1/samply/typed/mesh__real_typed_track2.json.gz	/tmp/skv12-pin-p1/samply/capture_status.tsv	cd /Users/mkbabb/Programming/bbnf-lang/skinny && samply record --save-only --unstable-presymbolicate -o /tmp/skv12-pin-p1/samply/typed/mesh__real_typed_track2.json.gz -- /tmp/skv12-pin-profile-target-cf7848b2/release/profile_direct 5528 mesh real_typed_track2	exact pin samply command ledger
samply	samply-typed	typed	twitter	real_typed_track1	/Users/mkbabb/Programming/bbnf-lang/skinny	/tmp/skv12-pin-p1/samply/typed/twitter__real_typed_track1.json.gz	/tmp/skv12-pin-p1/samply/capture_status.tsv	cd /Users/mkbabb/Programming/bbnf-lang/skinny && samply record --save-only --unstable-presymbolicate -o /tmp/skv12-pin-p1/samply/typed/twitter__real_typed_track1.json.gz -- /tmp/skv12-pin-profile-target-cf7848b2/release/profile_direct 6334 twitter real_typed_track1	exact pin samply command ledger
samply	samply-typed	typed	twitter	real_typed_track2	/Users/mkbabb/Programming/bbnf-lang/skinny	/tmp/skv12-pin-p1/samply/typed/twitter__real_typed_track2.json.gz	/tmp/skv12-pin-p1/samply/capture_status.tsv	cd /Users/mkbabb/Programming/bbnf-lang/skinny && samply record --save-only --unstable-presymbolicate -o /tmp/skv12-pin-p1/samply/typed/twitter__real_typed_track2.json.gz -- /tmp/skv12-pin-profile-target-cf7848b2/release/profile_direct 6334 twitter real_typed_track2	exact pin samply command ledger
samply	samply-typed	typed	update_center	real_typed_track1	/Users/mkbabb/Programming/bbnf-lang/skinny	/tmp/skv12-pin-p1/samply/typed/update_center__real_typed_track1.json.gz	/tmp/skv12-pin-p1/samply/capture_status.tsv	cd /Users/mkbabb/Programming/bbnf-lang/skinny && samply record --save-only --unstable-presymbolicate -o /tmp/skv12-pin-p1/samply/typed/update_center__real_typed_track1.json.gz -- /tmp/skv12-pin-profile-target-cf7848b2/release/profile_direct 7503 update-center real_typed_track1	exact pin samply command ledger
samply	samply-typed	typed	update_center	real_typed_track2	/Users/mkbabb/Programming/bbnf-lang/skinny	/tmp/skv12-pin-p1/samply/typed/update_center__real_typed_track2.json.gz	/tmp/skv12-pin-p1/samply/capture_status.tsv	cd /Users/mkbabb/Programming/bbnf-lang/skinny && samply record --save-only --unstable-presymbolicate -o /tmp/skv12-pin-p1/samply/typed/update_center__real_typed_track2.json.gz -- /tmp/skv12-pin-profile-target-cf7848b2/release/profile_direct 7503 update-center real_typed_track2	exact pin samply command ledger
xctrace-time-profiler-primary	xctrace-time-profiler-direct	direct	apache_builds	track1	/Users/mkbabb/Programming/bbnf-lang/skinny	/tmp/skv12-pin-p1/direct-xctrace/time-profiler/apache_builds__track1.trace	/tmp/skv12-pin-p1/xctrace/capture_status.tsv	"cd /Users/mkbabb/Programming/bbnf-lang/skinny && xctrace record --template ""Time Profiler"" --output /tmp/skv12-pin-p1/direct-xctrace/time-profiler/apache_builds__track1.trace --no-prompt --time-limit 2000ms --launch -- /tmp/skv12-pin-profile-target-cf7848b2/release/profile_direct 31429 apache_builds track1"	status=PASS rc=54 stdout=/tmp/skv12-pin-p1/logs/xctrace-time-profiler-primary-direct-apache_builds-track1.out stderr=/tmp/skv12-pin-p1/logs/xctrace-time-profiler-primary-direct-apache_builds-track1.err
xctrace-time-profiler-primary	xctrace-time-profiler-direct	direct	apache_builds	track2	/Users/mkbabb/Programming/bbnf-lang/skinny	/tmp/skv12-pin-p1/direct-xctrace/time-profiler/apache_builds__track2.trace	/tmp/skv12-pin-p1/xctrace/capture_status.tsv	"cd /Users/mkbabb/Programming/bbnf-lang/skinny && xctrace record --template ""Time Profiler"" --output /tmp/skv12-pin-p1/direct-xctrace/time-profiler/apache_builds__track2.trace --no-prompt --time-limit 2000ms --launch -- /tmp/skv12-pin-profile-target-cf7848b2/release/profile_direct 31429 apache_builds track2"	status=PASS rc=54 stdout=/tmp/skv12-pin-p1/logs/xctrace-time-profiler-primary-direct-apache_builds-track2.out stderr=/tmp/skv12-pin-p1/logs/xctrace-time-profiler-primary-direct-apache_builds-track2.err
xctrace-time-profiler-primary	xctrace-time-profiler-direct	direct	canada	track1	/Users/mkbabb/Programming/bbnf-lang/skinny	/tmp/skv12-pin-p1/direct-xctrace/time-profiler/canada__track1.trace	/tmp/skv12-pin-p1/xctrace/capture_status.tsv	"cd /Users/mkbabb/Programming/bbnf-lang/skinny && xctrace record --template ""Time Profiler"" --output /tmp/skv12-pin-p1/direct-xctrace/time-profiler/canada__track1.trace --no-prompt --time-limit 2000ms --launch -- /tmp/skv12-pin-profile-target-cf7848b2/release/profile_direct 1777 canada track1"	status=PASS rc=54 stdout=/tmp/skv12-pin-p1/logs/xctrace-time-profiler-primary-direct-canada-track1.out stderr=/tmp/skv12-pin-p1/logs/xctrace-time-profiler-primary-direct-canada-track1.err
xctrace-time-profiler-primary	xctrace-time-profiler-direct	direct	canada	track2	/Users/mkbabb/Programming/bbnf-lang/skinny	/tmp/skv12-pin-p1/direct-xctrace/time-profiler/canada__track2.trace	/tmp/skv12-pin-p1/xctrace/capture_status.tsv	"cd /Users/mkbabb/Programming/bbnf-lang/skinny && xctrace record --template ""Time Profiler"" --output /tmp/skv12-pin-p1/direct-xctrace/time-profiler/canada__track2.trace --no-prompt --time-limit 2000ms --launch -- /tmp/skv12-pin-profile-target-cf7848b2/release/profile_direct 1777 canada track2"	status=PASS rc=54 stdout=/tmp/skv12-pin-p1/logs/xctrace-time-profiler-primary-direct-canada-track2.out stderr=/tmp/skv12-pin-p1/logs/xctrace-time-profiler-primary-direct-canada-track2.err
xctrace-time-profiler-primary	xctrace-time-profiler-direct	direct	citm_catalog	track1	/Users/mkbabb/Programming/bbnf-lang/skinny	/tmp/skv12-pin-p1/direct-xctrace/time-profiler/citm_catalog__track1.trace	/tmp/skv12-pin-p1/xctrace/capture_status.tsv	"cd /Users/mkbabb/Programming/bbnf-lang/skinny && xctrace record --template ""Time Profiler"" --output /tmp/skv12-pin-p1/direct-xctrace/time-profiler/citm_catalog__track1.trace --no-prompt --time-limit 2000ms --launch -- /tmp/skv12-pin-profile-target-cf7848b2/release/profile_direct 2316 citm_catalog track1"	status=PASS rc=0 stdout=/tmp/skv12-pin-p1/logs/xctrace-time-profiler-primary-direct-citm_catalog-track1.out stderr=/tmp/skv12-pin-p1/logs/xctrace-time-profiler-primary-direct-citm_catalog-track1.err
xctrace-time-profiler-primary	xctrace-time-profiler-direct	direct	citm_catalog	track2	/Users/mkbabb/Programming/bbnf-lang/skinny	/tmp/skv12-pin-p1/direct-xctrace/time-profiler/citm_catalog__track2.trace	/tmp/skv12-pin-p1/xctrace/capture_status.tsv	"cd /Users/mkbabb/Programming/bbnf-lang/skinny && xctrace record --template ""Time Profiler"" --output /tmp/skv12-pin-p1/direct-xctrace/time-profiler/citm_catalog__track2.trace --no-prompt --time-limit 2000ms --launch -- /tmp/skv12-pin-profile-target-cf7848b2/release/profile_direct 2316 citm_catalog track2"	status=PASS rc=0 stdout=/tmp/skv12-pin-p1/logs/xctrace-time-profiler-primary-direct-citm_catalog-track2.out stderr=/tmp/skv12-pin-p1/logs/xctrace-time-profiler-primary-direct-citm_catalog-track2.err
xctrace-time-profiler-primary	xctrace-time-profiler-direct	direct	distinct_values	track1	/Users/mkbabb/Programming/bbnf-lang/skinny	/tmp/skv12-pin-p1/direct-xctrace/time-profiler/distinct_values__track1.trace	/tmp/skv12-pin-p1/xctrace/capture_status.tsv	"cd /Users/mkbabb/Programming/bbnf-lang/skinny && xctrace record --template ""Time Profiler"" --output /tmp/skv12-pin-p1/direct-xctrace/time-profiler/distinct_values__track1.trace --no-prompt --time-limit 2000ms --launch -- /tmp/skv12-pin-profile-target-cf7848b2/release/profile_direct 26037 distinct_values track1"	status=PASS rc=54 stdout=/tmp/skv12-pin-p1/logs/xctrace-time-profiler-primary-direct-distinct_values-track1.out stderr=/tmp/skv12-pin-p1/logs/xctrace-time-profiler-primary-direct-distinct_values-track1.err
xctrace-time-profiler-primary	xctrace-time-profiler-direct	direct	distinct_values	track2	/Users/mkbabb/Programming/bbnf-lang/skinny	/tmp/skv12-pin-p1/direct-xctrace/time-profiler/distinct_values__track2.trace	/tmp/skv12-pin-p1/xctrace/capture_status.tsv	"cd /Users/mkbabb/Programming/bbnf-lang/skinny && xctrace record --template ""Time Profiler"" --output /tmp/skv12-pin-p1/direct-xctrace/time-profiler/distinct_values__track2.trace --no-prompt --time-limit 2000ms --launch -- /tmp/skv12-pin-profile-target-cf7848b2/release/profile_direct 26037 distinct_values track2"	status=PASS rc=54 stdout=/tmp/skv12-pin-p1/logs/xctrace-time-profiler-primary-direct-distinct_values-track2.out stderr=/tmp/skv12-pin-p1/logs/xctrace-time-profiler-primary-direct-distinct_values-track2.err
xctrace-time-profiler-primary	xctrace-time-profiler-direct	direct	github_events	track1	/Users/mkbabb/Programming/bbnf-lang/skinny	/tmp/skv12-pin-p1/direct-xctrace/time-profiler/github_events__track1.trace	/tmp/skv12-pin-p1/xctrace/capture_status.tsv	"cd /Users/mkbabb/Programming/bbnf-lang/skinny && xctrace record --template ""Time Profiler"" --output /tmp/skv12-pin-p1/direct-xctrace/time-profiler/github_events__track1.trace --no-prompt --time-limit 2000ms --launch -- /tmp/skv12-pin-profile-target-cf7848b2/release/profile_direct 61414 github_events track1"	status=PASS rc=54 stdout=/tmp/skv12-pin-p1/logs/xctrace-time-profiler-primary-direct-github_events-track1.out stderr=/tmp/skv12-pin-p1/logs/xctrace-time-profiler-primary-direct-github_events-track1.err
xctrace-time-profiler-primary	xctrace-time-profiler-direct	direct	github_events	track2	/Users/mkbabb/Programming/bbnf-lang/skinny	/tmp/skv12-pin-p1/direct-xctrace/time-profiler/github_events__track2.trace	/tmp/skv12-pin-p1/xctrace/capture_status.tsv	"cd /Users/mkbabb/Programming/bbnf-lang/skinny && xctrace record --template ""Time Profiler"" --output /tmp/skv12-pin-p1/direct-xctrace/time-profiler/github_events__track2.trace --no-prompt --time-limit 2000ms --launch -- /tmp/skv12-pin-profile-target-cf7848b2/release/profile_direct 61414 github_events track2"	status=PASS rc=54 stdout=/tmp/skv12-pin-p1/logs/xctrace-time-profiler-primary-direct-github_events-track2.out stderr=/tmp/skv12-pin-p1/logs/xctrace-time-profiler-primary-direct-github_events-track2.err
xctrace-time-profiler-primary	xctrace-time-profiler-direct	direct	gsoc-2018	track1	/Users/mkbabb/Programming/bbnf-lang/skinny	/tmp/skv12-pin-p1/direct-xctrace/time-profiler/gsoc-2018__track1.trace	/tmp/skv12-pin-p1/xctrace/capture_status.tsv	"cd /Users/mkbabb/Programming/bbnf-lang/skinny && xctrace record --template ""Time Profiler"" --output /tmp/skv12-pin-p1/direct-xctrace/time-profiler/gsoc-2018__track1.trace --no-prompt --time-limit 2000ms --launch -- /tmp/skv12-pin-profile-target-cf7848b2/release/profile_direct 1202 gsoc-2018 track1"	status=PASS rc=54 stdout=/tmp/skv12-pin-p1/logs/xctrace-time-profiler-primary-direct-gsoc-2018-track1.out stderr=/tmp/skv12-pin-p1/logs/xctrace-time-profiler-primary-direct-gsoc-2018-track1.err
xctrace-time-profiler-primary	xctrace-time-profiler-direct	direct	gsoc-2018	track2	/Users/mkbabb/Programming/bbnf-lang/skinny	/tmp/skv12-pin-p1/direct-xctrace/time-profiler/gsoc-2018__track2.trace	/tmp/skv12-pin-p1/xctrace/capture_status.tsv	"cd /Users/mkbabb/Programming/bbnf-lang/skinny && xctrace record --template ""Time Profiler"" --output /tmp/skv12-pin-p1/direct-xctrace/time-profiler/gsoc-2018__track2.trace --no-prompt --time-limit 2000ms --launch -- /tmp/skv12-pin-profile-target-cf7848b2/release/profile_direct 1202 gsoc-2018 track2"	status=PASS rc=54 stdout=/tmp/skv12-pin-p1/logs/xctrace-time-profiler-primary-direct-gsoc-2018-track2.out stderr=/tmp/skv12-pin-p1/logs/xctrace-time-profiler-primary-direct-gsoc-2018-track2.err
xctrace-time-profiler-primary	xctrace-time-profiler-direct	direct	instruments	track1	/Users/mkbabb/Programming/bbnf-lang/skinny	/tmp/skv12-pin-p1/direct-xctrace/time-profiler/instruments__track1.trace	/tmp/skv12-pin-p1/xctrace/capture_status.tsv	"cd /Users/mkbabb/Programming/bbnf-lang/skinny && xctrace record --template ""Time Profiler"" --output /tmp/skv12-pin-p1/direct-xctrace/time-profiler/instruments__track1.trace --no-prompt --time-limit 2000ms --launch -- /tmp/skv12-pin-profile-target-cf7848b2/release/profile_direct 18154 instruments track1"	status=PASS rc=54 stdout=/tmp/skv12-pin-p1/logs/xctrace-time-profiler-primary-direct-instruments-track1.out stderr=/tmp/skv12-pin-p1/logs/xctrace-time-profiler-primary-direct-instruments-track1.err
xctrace-time-profiler-primary	xctrace-time-profiler-direct	direct	instruments	track2	/Users/mkbabb/Programming/bbnf-lang/skinny	/tmp/skv12-pin-p1/direct-xctrace/time-profiler/instruments__track2.trace	/tmp/skv12-pin-p1/xctrace/capture_status.tsv	"cd /Users/mkbabb/Programming/bbnf-lang/skinny && xctrace record --template ""Time Profiler"" --output /tmp/skv12-pin-p1/direct-xctrace/time-profiler/instruments__track2.trace --no-prompt --time-limit 2000ms --launch -- /tmp/skv12-pin-profile-target-cf7848b2/release/profile_direct 18154 instruments track2"	status=PASS rc=54 stdout=/tmp/skv12-pin-p1/logs/xctrace-time-profiler-primary-direct-instruments-track2.out stderr=/tmp/skv12-pin-p1/logs/xctrace-time-profiler-primary-direct-instruments-track2.err
xctrace-time-profiler-primary	xctrace-time-profiler-direct	direct	marine_ik	track1	/Users/mkbabb/Programming/bbnf-lang/skinny	/tmp/skv12-pin-p1/direct-xctrace/time-profiler/marine_ik__track1.trace	/tmp/skv12-pin-p1/xctrace/capture_status.tsv	"cd /Users/mkbabb/Programming/bbnf-lang/skinny && xctrace record --template ""Time Profiler"" --output /tmp/skv12-pin-p1/direct-xctrace/time-profiler/marine_ik__track1.trace --no-prompt --time-limit 2000ms --launch -- /tmp/skv12-pin-profile-target-cf7848b2/release/profile_direct 1341 marine_ik track1"	status=PASS rc=54 stdout=/tmp/skv12-pin-p1/logs/xctrace-time-profiler-primary-direct-marine_ik-track1.out stderr=/tmp/skv12-pin-p1/logs/xctrace-time-profiler-primary-direct-marine_ik-track1.err
xctrace-time-profiler-primary	xctrace-time-profiler-direct	direct	marine_ik	track2	/Users/mkbabb/Programming/bbnf-lang/skinny	/tmp/skv12-pin-p1/direct-xctrace/time-profiler/marine_ik__track2.trace	/tmp/skv12-pin-p1/xctrace/capture_status.tsv	"cd /Users/mkbabb/Programming/bbnf-lang/skinny && xctrace record --template ""Time Profiler"" --output /tmp/skv12-pin-p1/direct-xctrace/time-profiler/marine_ik__track2.trace --no-prompt --time-limit 2000ms --launch -- /tmp/skv12-pin-profile-target-cf7848b2/release/profile_direct 1341 marine_ik track2"	status=PASS rc=54 stdout=/tmp/skv12-pin-p1/logs/xctrace-time-profiler-primary-direct-marine_ik-track2.out stderr=/tmp/skv12-pin-p1/logs/xctrace-time-profiler-primary-direct-marine_ik-track2.err
xctrace-time-profiler-primary	xctrace-time-profiler-direct	direct	mesh	track1	/Users/mkbabb/Programming/bbnf-lang/skinny	/tmp/skv12-pin-p1/direct-xctrace/time-profiler/mesh__track1.trace	/tmp/skv12-pin-p1/xctrace/capture_status.tsv	"cd /Users/mkbabb/Programming/bbnf-lang/skinny && xctrace record --template ""Time Profiler"" --output /tmp/skv12-pin-p1/direct-xctrace/time-profiler/mesh__track1.trace --no-prompt --time-limit 2000ms --launch -- /tmp/skv12-pin-profile-target-cf7848b2/release/profile_direct 5528 mesh track1"	status=PASS rc=54 stdout=/tmp/skv12-pin-p1/logs/xctrace-time-profiler-primary-direct-mesh-track1.out stderr=/tmp/skv12-pin-p1/logs/xctrace-time-profiler-primary-direct-mesh-track1.err
xctrace-time-profiler-primary	xctrace-time-profiler-direct	direct	mesh	track2	/Users/mkbabb/Programming/bbnf-lang/skinny	/tmp/skv12-pin-p1/direct-xctrace/time-profiler/mesh__track2.trace	/tmp/skv12-pin-p1/xctrace/capture_status.tsv	"cd /Users/mkbabb/Programming/bbnf-lang/skinny && xctrace record --template ""Time Profiler"" --output /tmp/skv12-pin-p1/direct-xctrace/time-profiler/mesh__track2.trace --no-prompt --time-limit 2000ms --launch -- /tmp/skv12-pin-profile-target-cf7848b2/release/profile_direct 5528 mesh track2"	status=PASS rc=54 stdout=/tmp/skv12-pin-p1/logs/xctrace-time-profiler-primary-direct-mesh-track2.out stderr=/tmp/skv12-pin-p1/logs/xctrace-time-profiler-primary-direct-mesh-track2.err
xctrace-time-profiler-primary	xctrace-time-profiler-direct	direct	numbers	track1	/Users/mkbabb/Programming/bbnf-lang/skinny	/tmp/skv12-pin-p1/direct-xctrace/time-profiler/numbers__track1.trace	/tmp/skv12-pin-p1/xctrace/capture_status.tsv	"cd /Users/mkbabb/Programming/bbnf-lang/skinny && xctrace record --template ""Time Profiler"" --output /tmp/skv12-pin-p1/direct-xctrace/time-profiler/numbers__track1.trace --no-prompt --time-limit 2000ms --launch -- /tmp/skv12-pin-profile-target-cf7848b2/release/profile_direct 26645 numbers track1"	status=PASS rc=54 stdout=/tmp/skv12-pin-p1/logs/xctrace-time-profiler-primary-direct-numbers-track1.out stderr=/tmp/skv12-pin-p1/logs/xctrace-time-profiler-primary-direct-numbers-track1.err
xctrace-time-profiler-primary	xctrace-time-profiler-direct	direct	numbers	track2	/Users/mkbabb/Programming/bbnf-lang/skinny	/tmp/skv12-pin-p1/direct-xctrace/time-profiler/numbers__track2.trace	/tmp/skv12-pin-p1/xctrace/capture_status.tsv	"cd /Users/mkbabb/Programming/bbnf-lang/skinny && xctrace record --template ""Time Profiler"" --output /tmp/skv12-pin-p1/direct-xctrace/time-profiler/numbers__track2.trace --no-prompt --time-limit 2000ms --launch -- /tmp/skv12-pin-profile-target-cf7848b2/release/profile_direct 26645 numbers track2"	status=PASS rc=54 stdout=/tmp/skv12-pin-p1/logs/xctrace-time-profiler-primary-direct-numbers-track2.out stderr=/tmp/skv12-pin-p1/logs/xctrace-time-profiler-primary-direct-numbers-track2.err
xctrace-time-profiler-primary	xctrace-time-profiler-direct	direct	random	track1	/Users/mkbabb/Programming/bbnf-lang/skinny	/tmp/skv12-pin-p1/direct-xctrace/time-profiler/random__track1.trace	/tmp/skv12-pin-p1/xctrace/capture_status.tsv	"cd /Users/mkbabb/Programming/bbnf-lang/skinny && xctrace record --template ""Time Profiler"" --output /tmp/skv12-pin-p1/direct-xctrace/time-profiler/random__track1.trace --no-prompt --time-limit 2000ms --launch -- /tmp/skv12-pin-profile-target-cf7848b2/release/profile_direct 7836 random track1"	status=PASS rc=54 stdout=/tmp/skv12-pin-p1/logs/xctrace-time-profiler-primary-direct-random-track1.out stderr=/tmp/skv12-pin-p1/logs/xctrace-time-profiler-primary-direct-random-track1.err
xctrace-time-profiler-primary	xctrace-time-profiler-direct	direct	random	track2	/Users/mkbabb/Programming/bbnf-lang/skinny	/tmp/skv12-pin-p1/direct-xctrace/time-profiler/random__track2.trace	/tmp/skv12-pin-p1/xctrace/capture_status.tsv	"cd /Users/mkbabb/Programming/bbnf-lang/skinny && xctrace record --template ""Time Profiler"" --output /tmp/skv12-pin-p1/direct-xctrace/time-profiler/random__track2.trace --no-prompt --time-limit 2000ms --launch -- /tmp/skv12-pin-profile-target-cf7848b2/release/profile_direct 7836 random track2"	status=PASS rc=54 stdout=/tmp/skv12-pin-p1/logs/xctrace-time-profiler-primary-direct-random-track2.out stderr=/tmp/skv12-pin-p1/logs/xctrace-time-profiler-primary-direct-random-track2.err
xctrace-time-profiler-primary	xctrace-time-profiler-direct	direct	twitter	track1	/Users/mkbabb/Programming/bbnf-lang/skinny	/tmp/skv12-pin-p1/direct-xctrace/time-profiler/twitter__track1.trace	/tmp/skv12-pin-p1/xctrace/capture_status.tsv	"cd /Users/mkbabb/Programming/bbnf-lang/skinny && xctrace record --template ""Time Profiler"" --output /tmp/skv12-pin-p1/direct-xctrace/time-profiler/twitter__track1.trace --no-prompt --time-limit 2000ms --launch -- /tmp/skv12-pin-profile-target-cf7848b2/release/profile_direct 6334 twitter track1"	status=PASS rc=54 stdout=/tmp/skv12-pin-p1/logs/xctrace-time-profiler-primary-direct-twitter-track1.out stderr=/tmp/skv12-pin-p1/logs/xctrace-time-profiler-primary-direct-twitter-track1.err
xctrace-time-profiler-primary	xctrace-time-profiler-direct	direct	twitter	track2	/Users/mkbabb/Programming/bbnf-lang/skinny	/tmp/skv12-pin-p1/direct-xctrace/time-profiler/twitter__track2.trace	/tmp/skv12-pin-p1/xctrace/capture_status.tsv	"cd /Users/mkbabb/Programming/bbnf-lang/skinny && xctrace record --template ""Time Profiler"" --output /tmp/skv12-pin-p1/direct-xctrace/time-profiler/twitter__track2.trace --no-prompt --time-limit 2000ms --launch -- /tmp/skv12-pin-profile-target-cf7848b2/release/profile_direct 6334 twitter track2"	status=PASS rc=54 stdout=/tmp/skv12-pin-p1/logs/xctrace-time-profiler-primary-direct-twitter-track2.out stderr=/tmp/skv12-pin-p1/logs/xctrace-time-profiler-primary-direct-twitter-track2.err
xctrace-time-profiler-primary	xctrace-time-profiler-direct	direct	unicode_basic	track1	/Users/mkbabb/Programming/bbnf-lang/skinny	/tmp/skv12-pin-p1/direct-xctrace/time-profiler/unicode_basic__track1.trace	/tmp/skv12-pin-p1/xctrace/capture_status.tsv	"cd /Users/mkbabb/Programming/bbnf-lang/skinny && xctrace record --template ""Time Profiler"" --output /tmp/skv12-pin-p1/direct-xctrace/time-profiler/unicode_basic__track1.trace --no-prompt --time-limit 2000ms --launch -- /tmp/skv12-pin-profile-target-cf7848b2/release/profile_direct 3815 unicode_basic track1"	status=PASS rc=54 stdout=/tmp/skv12-pin-p1/logs/xctrace-time-profiler-primary-direct-unicode_basic-track1.out stderr=/tmp/skv12-pin-p1/logs/xctrace-time-profiler-primary-direct-unicode_basic-track1.err
xctrace-time-profiler-primary	xctrace-time-profiler-direct	direct	unicode_basic	track2	/Users/mkbabb/Programming/bbnf-lang/skinny	/tmp/skv12-pin-p1/direct-xctrace/time-profiler/unicode_basic__track2.trace	/tmp/skv12-pin-p1/xctrace/capture_status.tsv	"cd /Users/mkbabb/Programming/bbnf-lang/skinny && xctrace record --template ""Time Profiler"" --output /tmp/skv12-pin-p1/direct-xctrace/time-profiler/unicode_basic__track2.trace --no-prompt --time-limit 2000ms --launch -- /tmp/skv12-pin-profile-target-cf7848b2/release/profile_direct 3815 unicode_basic track2"	status=PASS rc=54 stdout=/tmp/skv12-pin-p1/logs/xctrace-time-profiler-primary-direct-unicode_basic-track2.out stderr=/tmp/skv12-pin-p1/logs/xctrace-time-profiler-primary-direct-unicode_basic-track2.err
xctrace-time-profiler-primary	xctrace-time-profiler-direct	direct	unicode_escapes	track1	/Users/mkbabb/Programming/bbnf-lang/skinny	/tmp/skv12-pin-p1/direct-xctrace/time-profiler/unicode_escapes__track1.trace	/tmp/skv12-pin-p1/xctrace/capture_status.tsv	"cd /Users/mkbabb/Programming/bbnf-lang/skinny && xctrace record --template ""Time Profiler"" --output /tmp/skv12-pin-p1/direct-xctrace/time-profiler/unicode_escapes__track1.trace --no-prompt --time-limit 2000ms --launch -- /tmp/skv12-pin-profile-target-cf7848b2/release/profile_direct 3807 unicode_escapes track1"	status=PASS rc=54 stdout=/tmp/skv12-pin-p1/logs/xctrace-time-profiler-primary-direct-unicode_escapes-track1.out stderr=/tmp/skv12-pin-p1/logs/xctrace-time-profiler-primary-direct-unicode_escapes-track1.err
xctrace-time-profiler-primary	xctrace-time-profiler-direct	direct	unicode_escapes	track2	/Users/mkbabb/Programming/bbnf-lang/skinny	/tmp/skv12-pin-p1/direct-xctrace/time-profiler/unicode_escapes__track2.trace	/tmp/skv12-pin-p1/xctrace/capture_status.tsv	"cd /Users/mkbabb/Programming/bbnf-lang/skinny && xctrace record --template ""Time Profiler"" --output /tmp/skv12-pin-p1/direct-xctrace/time-profiler/unicode_escapes__track2.trace --no-prompt --time-limit 2000ms --launch -- /tmp/skv12-pin-profile-target-cf7848b2/release/profile_direct 3807 unicode_escapes track2"	status=PASS rc=54 stdout=/tmp/skv12-pin-p1/logs/xctrace-time-profiler-primary-direct-unicode_escapes-track2.out stderr=/tmp/skv12-pin-p1/logs/xctrace-time-profiler-primary-direct-unicode_escapes-track2.err
xctrace-time-profiler-primary	xctrace-time-profiler-direct	direct	unicode_mixed	track1	/Users/mkbabb/Programming/bbnf-lang/skinny	/tmp/skv12-pin-p1/direct-xctrace/time-profiler/unicode_mixed__track1.trace	/tmp/skv12-pin-p1/xctrace/capture_status.tsv	"cd /Users/mkbabb/Programming/bbnf-lang/skinny && xctrace record --template ""Time Profiler"" --output /tmp/skv12-pin-p1/direct-xctrace/time-profiler/unicode_mixed__track1.trace --no-prompt --time-limit 2000ms --launch -- /tmp/skv12-pin-profile-target-cf7848b2/release/profile_direct 3799 unicode_mixed track1"	status=PASS rc=54 stdout=/tmp/skv12-pin-p1/logs/xctrace-time-profiler-primary-direct-unicode_mixed-track1.out stderr=/tmp/skv12-pin-p1/logs/xctrace-time-profiler-primary-direct-unicode_mixed-track1.err
xctrace-time-profiler-primary	xctrace-time-profiler-direct	direct	unicode_mixed	track2	/Users/mkbabb/Programming/bbnf-lang/skinny	/tmp/skv12-pin-p1/direct-xctrace/time-profiler/unicode_mixed__track2.trace	/tmp/skv12-pin-p1/xctrace/capture_status.tsv	"cd /Users/mkbabb/Programming/bbnf-lang/skinny && xctrace record --template ""Time Profiler"" --output /tmp/skv12-pin-p1/direct-xctrace/time-profiler/unicode_mixed__track2.trace --no-prompt --time-limit 2000ms --launch -- /tmp/skv12-pin-profile-target-cf7848b2/release/profile_direct 3799 unicode_mixed track2"	status=PASS rc=54 stdout=/tmp/skv12-pin-p1/logs/xctrace-time-profiler-primary-direct-unicode_mixed-track2.out stderr=/tmp/skv12-pin-p1/logs/xctrace-time-profiler-primary-direct-unicode_mixed-track2.err
xctrace-time-profiler-primary	xctrace-time-profiler-direct	direct	update_center	track1	/Users/mkbabb/Programming/bbnf-lang/skinny	/tmp/skv12-pin-p1/direct-xctrace/time-profiler/update_center__track1.trace	/tmp/skv12-pin-p1/xctrace/capture_status.tsv	"cd /Users/mkbabb/Programming/bbnf-lang/skinny && xctrace record --template ""Time Profiler"" --output /tmp/skv12-pin-p1/direct-xctrace/time-profiler/update_center__track1.trace --no-prompt --time-limit 2000ms --launch -- /tmp/skv12-pin-profile-target-cf7848b2/release/profile_direct 7503 update-center track1"	status=PASS rc=54 stdout=/tmp/skv12-pin-p1/logs/xctrace-time-profiler-primary-direct-update_center-track1.out stderr=/tmp/skv12-pin-p1/logs/xctrace-time-profiler-primary-direct-update_center-track1.err
xctrace-time-profiler-primary	xctrace-time-profiler-direct	direct	update_center	track2	/Users/mkbabb/Programming/bbnf-lang/skinny	/tmp/skv12-pin-p1/direct-xctrace/time-profiler/update_center__track2.trace	/tmp/skv12-pin-p1/xctrace/capture_status.tsv	"cd /Users/mkbabb/Programming/bbnf-lang/skinny && xctrace record --template ""Time Profiler"" --output /tmp/skv12-pin-p1/direct-xctrace/time-profiler/update_center__track2.trace --no-prompt --time-limit 2000ms --launch -- /tmp/skv12-pin-profile-target-cf7848b2/release/profile_direct 7503 update-center track2"	status=PASS rc=54 stdout=/tmp/skv12-pin-p1/logs/xctrace-time-profiler-primary-direct-update_center-track2.out stderr=/tmp/skv12-pin-p1/logs/xctrace-time-profiler-primary-direct-update_center-track2.err
xctrace-time-profiler-primary	xctrace-time-profiler-direct	direct	y_string_unicode	track1	/Users/mkbabb/Programming/bbnf-lang/skinny	/tmp/skv12-pin-p1/direct-xctrace/time-profiler/y_string_unicode__track1.trace	/tmp/skv12-pin-p1/xctrace/capture_status.tsv	"cd /Users/mkbabb/Programming/bbnf-lang/skinny && xctrace record --template ""Time Profiler"" --output /tmp/skv12-pin-p1/direct-xctrace/time-profiler/y_string_unicode__track1.trace --no-prompt --time-limit 2000ms --launch -- /tmp/skv12-pin-profile-target-cf7848b2/release/profile_direct 100000 y_string_unicode track1"	status=PASS rc=54 stdout=/tmp/skv12-pin-p1/logs/xctrace-time-profiler-primary-direct-y_string_unicode-track1.out stderr=/tmp/skv12-pin-p1/logs/xctrace-time-profiler-primary-direct-y_string_unicode-track1.err
xctrace-time-profiler-primary	xctrace-time-profiler-direct	direct	y_string_unicode	track2	/Users/mkbabb/Programming/bbnf-lang/skinny	/tmp/skv12-pin-p1/direct-xctrace/time-profiler/y_string_unicode__track2.trace	/tmp/skv12-pin-p1/xctrace/capture_status.tsv	"cd /Users/mkbabb/Programming/bbnf-lang/skinny && xctrace record --template ""Time Profiler"" --output /tmp/skv12-pin-p1/direct-xctrace/time-profiler/y_string_unicode__track2.trace --no-prompt --time-limit 2000ms --launch -- /tmp/skv12-pin-profile-target-cf7848b2/release/profile_direct 100000 y_string_unicode track2"	status=PASS rc=54 stdout=/tmp/skv12-pin-p1/logs/xctrace-time-profiler-primary-direct-y_string_unicode-track2.out stderr=/tmp/skv12-pin-p1/logs/xctrace-time-profiler-primary-direct-y_string_unicode-track2.err
xctrace-time-profiler-primary	xctrace-time-profiler-parse	parse	apache_builds	track1	/Users/mkbabb/Programming/bbnf-lang/skinny	/tmp/skv12-pin-p1/parse-xctrace/time-profiler/apache_builds__track1.trace	/tmp/skv12-pin-p1/xctrace/capture_status.tsv	"cd /Users/mkbabb/Programming/bbnf-lang/skinny && xctrace record --template ""Time Profiler"" --output /tmp/skv12-pin-p1/parse-xctrace/time-profiler/apache_builds__track1.trace --no-prompt --time-limit 2000ms --launch -- /tmp/skv12-pin-profile-target-cf7848b2/release/xctrace_probe /Users/mkbabb/Programming/bbnf-lang/skinny/test_data/apache_builds.json track1 31429"	status=PASS rc=54 stdout=/tmp/skv12-pin-p1/logs/xctrace-time-profiler-primary-parse-apache_builds-track1.out stderr=/tmp/skv12-pin-p1/logs/xctrace-time-profiler-primary-parse-apache_builds-track1.err
xctrace-time-profiler-primary	xctrace-time-profiler-parse	parse	apache_builds	track2	/Users/mkbabb/Programming/bbnf-lang/skinny	/tmp/skv12-pin-p1/parse-xctrace/time-profiler/apache_builds__track2.trace	/tmp/skv12-pin-p1/xctrace/capture_status.tsv	"cd /Users/mkbabb/Programming/bbnf-lang/skinny && xctrace record --template ""Time Profiler"" --output /tmp/skv12-pin-p1/parse-xctrace/time-profiler/apache_builds__track2.trace --no-prompt --time-limit 2000ms --launch -- /tmp/skv12-pin-profile-target-cf7848b2/release/xctrace_probe /Users/mkbabb/Programming/bbnf-lang/skinny/test_data/apache_builds.json track2 31429"	status=PASS rc=54 stdout=/tmp/skv12-pin-p1/logs/xctrace-time-profiler-primary-parse-apache_builds-track2.out stderr=/tmp/skv12-pin-p1/logs/xctrace-time-profiler-primary-parse-apache_builds-track2.err
xctrace-time-profiler-primary	xctrace-time-profiler-parse	parse	canada	track1	/Users/mkbabb/Programming/bbnf-lang/skinny	/tmp/skv12-pin-p1/parse-xctrace/time-profiler/canada__track1.trace	/tmp/skv12-pin-p1/xctrace/capture_status.tsv	"cd /Users/mkbabb/Programming/bbnf-lang/skinny && xctrace record --template ""Time Profiler"" --output /tmp/skv12-pin-p1/parse-xctrace/time-profiler/canada__track1.trace --no-prompt --time-limit 2000ms --launch -- /tmp/skv12-pin-profile-target-cf7848b2/release/xctrace_probe /Users/mkbabb/Programming/bbnf-lang/skinny/test_data/canada.json track1 1777"	status=PASS rc=54 stdout=/tmp/skv12-pin-p1/logs/xctrace-time-profiler-primary-parse-canada-track1.out stderr=/tmp/skv12-pin-p1/logs/xctrace-time-profiler-primary-parse-canada-track1.err
xctrace-time-profiler-primary	xctrace-time-profiler-parse	parse	canada	track2	/Users/mkbabb/Programming/bbnf-lang/skinny	/tmp/skv12-pin-p1/parse-xctrace/time-profiler/canada__track2.trace	/tmp/skv12-pin-p1/xctrace/capture_status.tsv	"cd /Users/mkbabb/Programming/bbnf-lang/skinny && xctrace record --template ""Time Profiler"" --output /tmp/skv12-pin-p1/parse-xctrace/time-profiler/canada__track2.trace --no-prompt --time-limit 2000ms --launch -- /tmp/skv12-pin-profile-target-cf7848b2/release/xctrace_probe /Users/mkbabb/Programming/bbnf-lang/skinny/test_data/canada.json track2 1777"	status=PASS rc=54 stdout=/tmp/skv12-pin-p1/logs/xctrace-time-profiler-primary-parse-canada-track2.out stderr=/tmp/skv12-pin-p1/logs/xctrace-time-profiler-primary-parse-canada-track2.err
xctrace-time-profiler-primary	xctrace-time-profiler-parse	parse	citm_catalog	track1	/Users/mkbabb/Programming/bbnf-lang/skinny	/tmp/skv12-pin-p1/parse-xctrace/time-profiler/citm_catalog__track1.trace	/tmp/skv12-pin-p1/xctrace/capture_status.tsv	"cd /Users/mkbabb/Programming/bbnf-lang/skinny && xctrace record --template ""Time Profiler"" --output /tmp/skv12-pin-p1/parse-xctrace/time-profiler/citm_catalog__track1.trace --no-prompt --time-limit 2000ms --launch -- /tmp/skv12-pin-profile-target-cf7848b2/release/xctrace_probe /Users/mkbabb/Programming/bbnf-lang/skinny/test_data/citm_catalog.json track1 2316"	status=PASS rc=0 stdout=/tmp/skv12-pin-p1/logs/xctrace-time-profiler-primary-parse-citm_catalog-track1.out stderr=/tmp/skv12-pin-p1/logs/xctrace-time-profiler-primary-parse-citm_catalog-track1.err
xctrace-time-profiler-primary	xctrace-time-profiler-parse	parse	citm_catalog	track2	/Users/mkbabb/Programming/bbnf-lang/skinny	/tmp/skv12-pin-p1/parse-xctrace/time-profiler/citm_catalog__track2.trace	/tmp/skv12-pin-p1/xctrace/capture_status.tsv	"cd /Users/mkbabb/Programming/bbnf-lang/skinny && xctrace record --template ""Time Profiler"" --output /tmp/skv12-pin-p1/parse-xctrace/time-profiler/citm_catalog__track2.trace --no-prompt --time-limit 2000ms --launch -- /tmp/skv12-pin-profile-target-cf7848b2/release/xctrace_probe /Users/mkbabb/Programming/bbnf-lang/skinny/test_data/citm_catalog.json track2 2316"	status=PASS rc=0 stdout=/tmp/skv12-pin-p1/logs/xctrace-time-profiler-primary-parse-citm_catalog-track2.out stderr=/tmp/skv12-pin-p1/logs/xctrace-time-profiler-primary-parse-citm_catalog-track2.err
xctrace-time-profiler-primary	xctrace-time-profiler-parse	parse	distinct_values	track1	/Users/mkbabb/Programming/bbnf-lang/skinny	/tmp/skv12-pin-p1/parse-xctrace/time-profiler/distinct_values__track1.trace	/tmp/skv12-pin-p1/xctrace/capture_status.tsv	"cd /Users/mkbabb/Programming/bbnf-lang/skinny && xctrace record --template ""Time Profiler"" --output /tmp/skv12-pin-p1/parse-xctrace/time-profiler/distinct_values__track1.trace --no-prompt --time-limit 2000ms --launch -- /tmp/skv12-pin-profile-target-cf7848b2/release/xctrace_probe /Users/mkbabb/Programming/bbnf-lang/skinny/test_data/distinct_values.json track1 26037"	status=PASS rc=54 stdout=/tmp/skv12-pin-p1/logs/xctrace-time-profiler-primary-parse-distinct_values-track1.out stderr=/tmp/skv12-pin-p1/logs/xctrace-time-profiler-primary-parse-distinct_values-track1.err
xctrace-time-profiler-primary	xctrace-time-profiler-parse	parse	distinct_values	track2	/Users/mkbabb/Programming/bbnf-lang/skinny	/tmp/skv12-pin-p1/parse-xctrace/time-profiler/distinct_values__track2.trace	/tmp/skv12-pin-p1/xctrace/capture_status.tsv	"cd /Users/mkbabb/Programming/bbnf-lang/skinny && xctrace record --template ""Time Profiler"" --output /tmp/skv12-pin-p1/parse-xctrace/time-profiler/distinct_values__track2.trace --no-prompt --time-limit 2000ms --launch -- /tmp/skv12-pin-profile-target-cf7848b2/release/xctrace_probe /Users/mkbabb/Programming/bbnf-lang/skinny/test_data/distinct_values.json track2 26037"	status=PASS rc=54 stdout=/tmp/skv12-pin-p1/logs/xctrace-time-profiler-primary-parse-distinct_values-track2.out stderr=/tmp/skv12-pin-p1/logs/xctrace-time-profiler-primary-parse-distinct_values-track2.err
xctrace-time-profiler-primary	xctrace-time-profiler-parse	parse	github_events	track1	/Users/mkbabb/Programming/bbnf-lang/skinny	/tmp/skv12-pin-p1/parse-xctrace/time-profiler/github_events__track1.trace	/tmp/skv12-pin-p1/xctrace/capture_status.tsv	"cd /Users/mkbabb/Programming/bbnf-lang/skinny && xctrace record --template ""Time Profiler"" --output /tmp/skv12-pin-p1/parse-xctrace/time-profiler/github_events__track1.trace --no-prompt --time-limit 2000ms --launch -- /tmp/skv12-pin-profile-target-cf7848b2/release/xctrace_probe /Users/mkbabb/Programming/bbnf-lang/skinny/test_data/github_events.json track1 61414"	status=PASS rc=54 stdout=/tmp/skv12-pin-p1/logs/xctrace-time-profiler-primary-parse-github_events-track1.out stderr=/tmp/skv12-pin-p1/logs/xctrace-time-profiler-primary-parse-github_events-track1.err
xctrace-time-profiler-primary	xctrace-time-profiler-parse	parse	github_events	track2	/Users/mkbabb/Programming/bbnf-lang/skinny	/tmp/skv12-pin-p1/parse-xctrace/time-profiler/github_events__track2.trace	/tmp/skv12-pin-p1/xctrace/capture_status.tsv	"cd /Users/mkbabb/Programming/bbnf-lang/skinny && xctrace record --template ""Time Profiler"" --output /tmp/skv12-pin-p1/parse-xctrace/time-profiler/github_events__track2.trace --no-prompt --time-limit 2000ms --launch -- /tmp/skv12-pin-profile-target-cf7848b2/release/xctrace_probe /Users/mkbabb/Programming/bbnf-lang/skinny/test_data/github_events.json track2 61414"	status=PASS rc=54 stdout=/tmp/skv12-pin-p1/logs/xctrace-time-profiler-primary-parse-github_events-track2.out stderr=/tmp/skv12-pin-p1/logs/xctrace-time-profiler-primary-parse-github_events-track2.err
xctrace-time-profiler-primary	xctrace-time-profiler-parse	parse	gsoc-2018	track1	/Users/mkbabb/Programming/bbnf-lang/skinny	/tmp/skv12-pin-p1/parse-xctrace/time-profiler/gsoc-2018__track1.trace	/tmp/skv12-pin-p1/xctrace/capture_status.tsv	"cd /Users/mkbabb/Programming/bbnf-lang/skinny && xctrace record --template ""Time Profiler"" --output /tmp/skv12-pin-p1/parse-xctrace/time-profiler/gsoc-2018__track1.trace --no-prompt --time-limit 2000ms --launch -- /tmp/skv12-pin-profile-target-cf7848b2/release/xctrace_probe /Users/mkbabb/Programming/bbnf-lang/skinny/test_data/gsoc-2018.json track1 1202"	status=PASS rc=0 stdout=/tmp/skv12-pin-p1/logs/xctrace-time-profiler-primary-parse-gsoc-2018-track1.out stderr=/tmp/skv12-pin-p1/logs/xctrace-time-profiler-primary-parse-gsoc-2018-track1.err
xctrace-time-profiler-primary	xctrace-time-profiler-parse	parse	gsoc-2018	track2	/Users/mkbabb/Programming/bbnf-lang/skinny	/tmp/skv12-pin-p1/parse-xctrace/time-profiler/gsoc-2018__track2.trace	/tmp/skv12-pin-p1/xctrace/capture_status.tsv	"cd /Users/mkbabb/Programming/bbnf-lang/skinny && xctrace record --template ""Time Profiler"" --output /tmp/skv12-pin-p1/parse-xctrace/time-profiler/gsoc-2018__track2.trace --no-prompt --time-limit 2000ms --launch -- /tmp/skv12-pin-profile-target-cf7848b2/release/xctrace_probe /Users/mkbabb/Programming/bbnf-lang/skinny/test_data/gsoc-2018.json track2 1202"	status=PASS rc=0 stdout=/tmp/skv12-pin-p1/logs/xctrace-time-profiler-primary-parse-gsoc-2018-track2.out stderr=/tmp/skv12-pin-p1/logs/xctrace-time-profiler-primary-parse-gsoc-2018-track2.err
xctrace-time-profiler-primary	xctrace-time-profiler-parse	parse	instruments	track1	/Users/mkbabb/Programming/bbnf-lang/skinny	/tmp/skv12-pin-p1/parse-xctrace/time-profiler/instruments__track1.trace	/tmp/skv12-pin-p1/xctrace/capture_status.tsv	"cd /Users/mkbabb/Programming/bbnf-lang/skinny && xctrace record --template ""Time Profiler"" --output /tmp/skv12-pin-p1/parse-xctrace/time-profiler/instruments__track1.trace --no-prompt --time-limit 2000ms --launch -- /tmp/skv12-pin-profile-target-cf7848b2/release/xctrace_probe /Users/mkbabb/Programming/bbnf-lang/skinny/test_data/instruments.json track1 18154"	status=PASS rc=54 stdout=/tmp/skv12-pin-p1/logs/xctrace-time-profiler-primary-parse-instruments-track1.out stderr=/tmp/skv12-pin-p1/logs/xctrace-time-profiler-primary-parse-instruments-track1.err
xctrace-time-profiler-primary	xctrace-time-profiler-parse	parse	instruments	track2	/Users/mkbabb/Programming/bbnf-lang/skinny	/tmp/skv12-pin-p1/parse-xctrace/time-profiler/instruments__track2.trace	/tmp/skv12-pin-p1/xctrace/capture_status.tsv	"cd /Users/mkbabb/Programming/bbnf-lang/skinny && xctrace record --template ""Time Profiler"" --output /tmp/skv12-pin-p1/parse-xctrace/time-profiler/instruments__track2.trace --no-prompt --time-limit 2000ms --launch -- /tmp/skv12-pin-profile-target-cf7848b2/release/xctrace_probe /Users/mkbabb/Programming/bbnf-lang/skinny/test_data/instruments.json track2 18154"	status=PASS rc=54 stdout=/tmp/skv12-pin-p1/logs/xctrace-time-profiler-primary-parse-instruments-track2.out stderr=/tmp/skv12-pin-p1/logs/xctrace-time-profiler-primary-parse-instruments-track2.err
xctrace-time-profiler-primary	xctrace-time-profiler-parse	parse	marine_ik	track1	/Users/mkbabb/Programming/bbnf-lang/skinny	/tmp/skv12-pin-p1/parse-xctrace/time-profiler/marine_ik__track1.trace	/tmp/skv12-pin-p1/xctrace/capture_status.tsv	"cd /Users/mkbabb/Programming/bbnf-lang/skinny && xctrace record --template ""Time Profiler"" --output /tmp/skv12-pin-p1/parse-xctrace/time-profiler/marine_ik__track1.trace --no-prompt --time-limit 2000ms --launch -- /tmp/skv12-pin-profile-target-cf7848b2/release/xctrace_probe /Users/mkbabb/Programming/bbnf-lang/skinny/test_data/marine_ik.json track1 1341"	status=PASS rc=54 stdout=/tmp/skv12-pin-p1/logs/xctrace-time-profiler-primary-parse-marine_ik-track1.out stderr=/tmp/skv12-pin-p1/logs/xctrace-time-profiler-primary-parse-marine_ik-track1.err
xctrace-time-profiler-primary	xctrace-time-profiler-parse	parse	marine_ik	track2	/Users/mkbabb/Programming/bbnf-lang/skinny	/tmp/skv12-pin-p1/parse-xctrace/time-profiler/marine_ik__track2.trace	/tmp/skv12-pin-p1/xctrace/capture_status.tsv	"cd /Users/mkbabb/Programming/bbnf-lang/skinny && xctrace record --template ""Time Profiler"" --output /tmp/skv12-pin-p1/parse-xctrace/time-profiler/marine_ik__track2.trace --no-prompt --time-limit 2000ms --launch -- /tmp/skv12-pin-profile-target-cf7848b2/release/xctrace_probe /Users/mkbabb/Programming/bbnf-lang/skinny/test_data/marine_ik.json track2 1341"	status=PASS rc=54 stdout=/tmp/skv12-pin-p1/logs/xctrace-time-profiler-primary-parse-marine_ik-track2.out stderr=/tmp/skv12-pin-p1/logs/xctrace-time-profiler-primary-parse-marine_ik-track2.err
xctrace-time-profiler-primary	xctrace-time-profiler-parse	parse	mesh	track1	/Users/mkbabb/Programming/bbnf-lang/skinny	/tmp/skv12-pin-p1/parse-xctrace/time-profiler/mesh__track1.trace	/tmp/skv12-pin-p1/xctrace/capture_status.tsv	"cd /Users/mkbabb/Programming/bbnf-lang/skinny && xctrace record --template ""Time Profiler"" --output /tmp/skv12-pin-p1/parse-xctrace/time-profiler/mesh__track1.trace --no-prompt --time-limit 2000ms --launch -- /tmp/skv12-pin-profile-target-cf7848b2/release/xctrace_probe /Users/mkbabb/Programming/bbnf-lang/skinny/test_data/mesh.json track1 5528"	status=PASS rc=54 stdout=/tmp/skv12-pin-p1/logs/xctrace-time-profiler-primary-parse-mesh-track1.out stderr=/tmp/skv12-pin-p1/logs/xctrace-time-profiler-primary-parse-mesh-track1.err
xctrace-time-profiler-primary	xctrace-time-profiler-parse	parse	mesh	track2	/Users/mkbabb/Programming/bbnf-lang/skinny	/tmp/skv12-pin-p1/parse-xctrace/time-profiler/mesh__track2.trace	/tmp/skv12-pin-p1/xctrace/capture_status.tsv	"cd /Users/mkbabb/Programming/bbnf-lang/skinny && xctrace record --template ""Time Profiler"" --output /tmp/skv12-pin-p1/parse-xctrace/time-profiler/mesh__track2.trace --no-prompt --time-limit 2000ms --launch -- /tmp/skv12-pin-profile-target-cf7848b2/release/xctrace_probe /Users/mkbabb/Programming/bbnf-lang/skinny/test_data/mesh.json track2 5528"	status=PASS rc=54 stdout=/tmp/skv12-pin-p1/logs/xctrace-time-profiler-primary-parse-mesh-track2.out stderr=/tmp/skv12-pin-p1/logs/xctrace-time-profiler-primary-parse-mesh-track2.err
xctrace-time-profiler-primary	xctrace-time-profiler-parse	parse	numbers	track1	/Users/mkbabb/Programming/bbnf-lang/skinny	/tmp/skv12-pin-p1/parse-xctrace/time-profiler/numbers__track1.trace	/tmp/skv12-pin-p1/xctrace/capture_status.tsv	"cd /Users/mkbabb/Programming/bbnf-lang/skinny && xctrace record --template ""Time Profiler"" --output /tmp/skv12-pin-p1/parse-xctrace/time-profiler/numbers__track1.trace --no-prompt --time-limit 2000ms --launch -- /tmp/skv12-pin-profile-target-cf7848b2/release/xctrace_probe /Users/mkbabb/Programming/bbnf-lang/skinny/test_data/numbers.json track1 26645"	status=PASS rc=54 stdout=/tmp/skv12-pin-p1/logs/xctrace-time-profiler-primary-parse-numbers-track1.out stderr=/tmp/skv12-pin-p1/logs/xctrace-time-profiler-primary-parse-numbers-track1.err
xctrace-time-profiler-primary	xctrace-time-profiler-parse	parse	numbers	track2	/Users/mkbabb/Programming/bbnf-lang/skinny	/tmp/skv12-pin-p1/parse-xctrace/time-profiler/numbers__track2.trace	/tmp/skv12-pin-p1/xctrace/capture_status.tsv	"cd /Users/mkbabb/Programming/bbnf-lang/skinny && xctrace record --template ""Time Profiler"" --output /tmp/skv12-pin-p1/parse-xctrace/time-profiler/numbers__track2.trace --no-prompt --time-limit 2000ms --launch -- /tmp/skv12-pin-profile-target-cf7848b2/release/xctrace_probe /Users/mkbabb/Programming/bbnf-lang/skinny/test_data/numbers.json track2 26645"	status=PASS rc=54 stdout=/tmp/skv12-pin-p1/logs/xctrace-time-profiler-primary-parse-numbers-track2.out stderr=/tmp/skv12-pin-p1/logs/xctrace-time-profiler-primary-parse-numbers-track2.err
xctrace-time-profiler-primary	xctrace-time-profiler-parse	parse	random	track1	/Users/mkbabb/Programming/bbnf-lang/skinny	/tmp/skv12-pin-p1/parse-xctrace/time-profiler/random__track1.trace	/tmp/skv12-pin-p1/xctrace/capture_status.tsv	"cd /Users/mkbabb/Programming/bbnf-lang/skinny && xctrace record --template ""Time Profiler"" --output /tmp/skv12-pin-p1/parse-xctrace/time-profiler/random__track1.trace --no-prompt --time-limit 2000ms --launch -- /tmp/skv12-pin-profile-target-cf7848b2/release/xctrace_probe /Users/mkbabb/Programming/bbnf-lang/skinny/test_data/random.json track1 7836"	status=PASS rc=54 stdout=/tmp/skv12-pin-p1/logs/xctrace-time-profiler-primary-parse-random-track1.out stderr=/tmp/skv12-pin-p1/logs/xctrace-time-profiler-primary-parse-random-track1.err
xctrace-time-profiler-primary	xctrace-time-profiler-parse	parse	random	track2	/Users/mkbabb/Programming/bbnf-lang/skinny	/tmp/skv12-pin-p1/parse-xctrace/time-profiler/random__track2.trace	/tmp/skv12-pin-p1/xctrace/capture_status.tsv	"cd /Users/mkbabb/Programming/bbnf-lang/skinny && xctrace record --template ""Time Profiler"" --output /tmp/skv12-pin-p1/parse-xctrace/time-profiler/random__track2.trace --no-prompt --time-limit 2000ms --launch -- /tmp/skv12-pin-profile-target-cf7848b2/release/xctrace_probe /Users/mkbabb/Programming/bbnf-lang/skinny/test_data/random.json track2 7836"	status=PASS rc=54 stdout=/tmp/skv12-pin-p1/logs/xctrace-time-profiler-primary-parse-random-track2.out stderr=/tmp/skv12-pin-p1/logs/xctrace-time-profiler-primary-parse-random-track2.err
xctrace-time-profiler-primary	xctrace-time-profiler-parse	parse	twitter	track1	/Users/mkbabb/Programming/bbnf-lang/skinny	/tmp/skv12-pin-p1/parse-xctrace/time-profiler/twitter__track1.trace	/tmp/skv12-pin-p1/xctrace/capture_status.tsv	"cd /Users/mkbabb/Programming/bbnf-lang/skinny && xctrace record --template ""Time Profiler"" --output /tmp/skv12-pin-p1/parse-xctrace/time-profiler/twitter__track1.trace --no-prompt --time-limit 2000ms --launch -- /tmp/skv12-pin-profile-target-cf7848b2/release/xctrace_probe /Users/mkbabb/Programming/bbnf-lang/skinny/test_data/twitter.json track1 6334"	status=PASS rc=54 stdout=/tmp/skv12-pin-p1/logs/xctrace-time-profiler-primary-parse-twitter-track1.out stderr=/tmp/skv12-pin-p1/logs/xctrace-time-profiler-primary-parse-twitter-track1.err
xctrace-time-profiler-primary	xctrace-time-profiler-parse	parse	twitter	track2	/Users/mkbabb/Programming/bbnf-lang/skinny	/tmp/skv12-pin-p1/parse-xctrace/time-profiler/twitter__track2.trace	/tmp/skv12-pin-p1/xctrace/capture_status.tsv	"cd /Users/mkbabb/Programming/bbnf-lang/skinny && xctrace record --template ""Time Profiler"" --output /tmp/skv12-pin-p1/parse-xctrace/time-profiler/twitter__track2.trace --no-prompt --time-limit 2000ms --launch -- /tmp/skv12-pin-profile-target-cf7848b2/release/xctrace_probe /Users/mkbabb/Programming/bbnf-lang/skinny/test_data/twitter.json track2 6334"	status=PASS rc=54 stdout=/tmp/skv12-pin-p1/logs/xctrace-time-profiler-primary-parse-twitter-track2.out stderr=/tmp/skv12-pin-p1/logs/xctrace-time-profiler-primary-parse-twitter-track2.err
xctrace-time-profiler-primary	xctrace-time-profiler-parse	parse	unicode_basic	track1	/Users/mkbabb/Programming/bbnf-lang/skinny	/tmp/skv12-pin-p1/parse-xctrace/time-profiler/unicode_basic__track1.trace	/tmp/skv12-pin-p1/xctrace/capture_status.tsv	"cd /Users/mkbabb/Programming/bbnf-lang/skinny && xctrace record --template ""Time Profiler"" --output /tmp/skv12-pin-p1/parse-xctrace/time-profiler/unicode_basic__track1.trace --no-prompt --time-limit 2000ms --launch -- /tmp/skv12-pin-profile-target-cf7848b2/release/xctrace_probe /Users/mkbabb/Programming/bbnf-lang/skinny/test_data/unicode_basic.json track1 3815"	status=PASS rc=54 stdout=/tmp/skv12-pin-p1/logs/xctrace-time-profiler-primary-parse-unicode_basic-track1.out stderr=/tmp/skv12-pin-p1/logs/xctrace-time-profiler-primary-parse-unicode_basic-track1.err
xctrace-time-profiler-primary	xctrace-time-profiler-parse	parse	unicode_basic	track2	/Users/mkbabb/Programming/bbnf-lang/skinny	/tmp/skv12-pin-p1/parse-xctrace/time-profiler/unicode_basic__track2.trace	/tmp/skv12-pin-p1/xctrace/capture_status.tsv	"cd /Users/mkbabb/Programming/bbnf-lang/skinny && xctrace record --template ""Time Profiler"" --output /tmp/skv12-pin-p1/parse-xctrace/time-profiler/unicode_basic__track2.trace --no-prompt --time-limit 2000ms --launch -- /tmp/skv12-pin-profile-target-cf7848b2/release/xctrace_probe /Users/mkbabb/Programming/bbnf-lang/skinny/test_data/unicode_basic.json track2 3815"	status=PASS rc=54 stdout=/tmp/skv12-pin-p1/logs/xctrace-time-profiler-primary-parse-unicode_basic-track2.out stderr=/tmp/skv12-pin-p1/logs/xctrace-time-profiler-primary-parse-unicode_basic-track2.err
xctrace-time-profiler-primary	xctrace-time-profiler-parse	parse	unicode_escapes	track1	/Users/mkbabb/Programming/bbnf-lang/skinny	/tmp/skv12-pin-p1/parse-xctrace/time-profiler/unicode_escapes__track1.trace	/tmp/skv12-pin-p1/xctrace/capture_status.tsv	"cd /Users/mkbabb/Programming/bbnf-lang/skinny && xctrace record --template ""Time Profiler"" --output /tmp/skv12-pin-p1/parse-xctrace/time-profiler/unicode_escapes__track1.trace --no-prompt --time-limit 2000ms --launch -- /tmp/skv12-pin-profile-target-cf7848b2/release/xctrace_probe /Users/mkbabb/Programming/bbnf-lang/skinny/test_data/unicode_escapes.json track1 3807"	status=PASS rc=54 stdout=/tmp/skv12-pin-p1/logs/xctrace-time-profiler-primary-parse-unicode_escapes-track1.out stderr=/tmp/skv12-pin-p1/logs/xctrace-time-profiler-primary-parse-unicode_escapes-track1.err
xctrace-time-profiler-primary	xctrace-time-profiler-parse	parse	unicode_escapes	track2	/Users/mkbabb/Programming/bbnf-lang/skinny	/tmp/skv12-pin-p1/parse-xctrace/time-profiler/unicode_escapes__track2.trace	/tmp/skv12-pin-p1/xctrace/capture_status.tsv	"cd /Users/mkbabb/Programming/bbnf-lang/skinny && xctrace record --template ""Time Profiler"" --output /tmp/skv12-pin-p1/parse-xctrace/time-profiler/unicode_escapes__track2.trace --no-prompt --time-limit 2000ms --launch -- /tmp/skv12-pin-profile-target-cf7848b2/release/xctrace_probe /Users/mkbabb/Programming/bbnf-lang/skinny/test_data/unicode_escapes.json track2 3807"	status=PASS rc=54 stdout=/tmp/skv12-pin-p1/logs/xctrace-time-profiler-primary-parse-unicode_escapes-track2.out stderr=/tmp/skv12-pin-p1/logs/xctrace-time-profiler-primary-parse-unicode_escapes-track2.err
xctrace-time-profiler-primary	xctrace-time-profiler-parse	parse	unicode_mixed	track1	/Users/mkbabb/Programming/bbnf-lang/skinny	/tmp/skv12-pin-p1/parse-xctrace/time-profiler/unicode_mixed__track1.trace	/tmp/skv12-pin-p1/xctrace/capture_status.tsv	"cd /Users/mkbabb/Programming/bbnf-lang/skinny && xctrace record --template ""Time Profiler"" --output /tmp/skv12-pin-p1/parse-xctrace/time-profiler/unicode_mixed__track1.trace --no-prompt --time-limit 2000ms --launch -- /tmp/skv12-pin-profile-target-cf7848b2/release/xctrace_probe /Users/mkbabb/Programming/bbnf-lang/skinny/test_data/unicode_mixed.json track1 3799"	status=PASS rc=54 stdout=/tmp/skv12-pin-p1/logs/xctrace-time-profiler-primary-parse-unicode_mixed-track1.out stderr=/tmp/skv12-pin-p1/logs/xctrace-time-profiler-primary-parse-unicode_mixed-track1.err
xctrace-time-profiler-primary	xctrace-time-profiler-parse	parse	unicode_mixed	track2	/Users/mkbabb/Programming/bbnf-lang/skinny	/tmp/skv12-pin-p1/parse-xctrace/time-profiler/unicode_mixed__track2.trace	/tmp/skv12-pin-p1/xctrace/capture_status.tsv	"cd /Users/mkbabb/Programming/bbnf-lang/skinny && xctrace record --template ""Time Profiler"" --output /tmp/skv12-pin-p1/parse-xctrace/time-profiler/unicode_mixed__track2.trace --no-prompt --time-limit 2000ms --launch -- /tmp/skv12-pin-profile-target-cf7848b2/release/xctrace_probe /Users/mkbabb/Programming/bbnf-lang/skinny/test_data/unicode_mixed.json track2 3799"	status=PASS rc=54 stdout=/tmp/skv12-pin-p1/logs/xctrace-time-profiler-primary-parse-unicode_mixed-track2.out stderr=/tmp/skv12-pin-p1/logs/xctrace-time-profiler-primary-parse-unicode_mixed-track2.err
xctrace-time-profiler-primary	xctrace-time-profiler-parse	parse	update_center	track1	/Users/mkbabb/Programming/bbnf-lang/skinny	/tmp/skv12-pin-p1/parse-xctrace/time-profiler/update_center__track1.trace	/tmp/skv12-pin-p1/xctrace/capture_status.tsv	"cd /Users/mkbabb/Programming/bbnf-lang/skinny && xctrace record --template ""Time Profiler"" --output /tmp/skv12-pin-p1/parse-xctrace/time-profiler/update_center__track1.trace --no-prompt --time-limit 2000ms --launch -- /tmp/skv12-pin-profile-target-cf7848b2/release/xctrace_probe /Users/mkbabb/Programming/bbnf-lang/skinny/test_data/update-center.json track1 7503"	status=PASS rc=54 stdout=/tmp/skv12-pin-p1/logs/xctrace-time-profiler-primary-parse-update_center-track1.out stderr=/tmp/skv12-pin-p1/logs/xctrace-time-profiler-primary-parse-update_center-track1.err
xctrace-time-profiler-primary	xctrace-time-profiler-parse	parse	update_center	track2	/Users/mkbabb/Programming/bbnf-lang/skinny	/tmp/skv12-pin-p1/parse-xctrace/time-profiler/update_center__track2.trace	/tmp/skv12-pin-p1/xctrace/capture_status.tsv	"cd /Users/mkbabb/Programming/bbnf-lang/skinny && xctrace record --template ""Time Profiler"" --output /tmp/skv12-pin-p1/parse-xctrace/time-profiler/update_center__track2.trace --no-prompt --time-limit 2000ms --launch -- /tmp/skv12-pin-profile-target-cf7848b2/release/xctrace_probe /Users/mkbabb/Programming/bbnf-lang/skinny/test_data/update-center.json track2 7503"	status=PASS rc=54 stdout=/tmp/skv12-pin-p1/logs/xctrace-time-profiler-primary-parse-update_center-track2.out stderr=/tmp/skv12-pin-p1/logs/xctrace-time-profiler-primary-parse-update_center-track2.err
xctrace-time-profiler-primary	xctrace-time-profiler-parse	parse	y_string_unicode	track1	/Users/mkbabb/Programming/bbnf-lang/skinny	/tmp/skv12-pin-p1/parse-xctrace/time-profiler/y_string_unicode__track1.trace	/tmp/skv12-pin-p1/xctrace/capture_status.tsv	"cd /Users/mkbabb/Programming/bbnf-lang/skinny && xctrace record --template ""Time Profiler"" --output /tmp/skv12-pin-p1/parse-xctrace/time-profiler/y_string_unicode__track1.trace --no-prompt --time-limit 2000ms --launch -- /tmp/skv12-pin-profile-target-cf7848b2/release/xctrace_probe /Users/mkbabb/Programming/bbnf-lang/skinny/test_data/y_string_unicode.json track1 100000"	status=PASS rc=54 stdout=/tmp/skv12-pin-p1/logs/xctrace-time-profiler-primary-parse-y_string_unicode-track1.out stderr=/tmp/skv12-pin-p1/logs/xctrace-time-profiler-primary-parse-y_string_unicode-track1.err
xctrace-time-profiler-primary	xctrace-time-profiler-parse	parse	y_string_unicode	track2	/Users/mkbabb/Programming/bbnf-lang/skinny	/tmp/skv12-pin-p1/parse-xctrace/time-profiler/y_string_unicode__track2.trace	/tmp/skv12-pin-p1/xctrace/capture_status.tsv	"cd /Users/mkbabb/Programming/bbnf-lang/skinny && xctrace record --template ""Time Profiler"" --output /tmp/skv12-pin-p1/parse-xctrace/time-profiler/y_string_unicode__track2.trace --no-prompt --time-limit 2000ms --launch -- /tmp/skv12-pin-profile-target-cf7848b2/release/xctrace_probe /Users/mkbabb/Programming/bbnf-lang/skinny/test_data/y_string_unicode.json track2 100000"	status=PASS rc=54 stdout=/tmp/skv12-pin-p1/logs/xctrace-time-profiler-primary-parse-y_string_unicode-track2.out stderr=/tmp/skv12-pin-p1/logs/xctrace-time-profiler-primary-parse-y_string_unicode-track2.err
xctrace-time-profiler-primary	xctrace-time-profiler-typed	typed	apache_builds	real_typed_track1	/Users/mkbabb/Programming/bbnf-lang/skinny	/tmp/skv12-pin-p1/direct-xctrace/time-profiler/apache_builds__real_typed_track1.trace	/tmp/skv12-pin-p1/xctrace/capture_status.tsv	"cd /Users/mkbabb/Programming/bbnf-lang/skinny && xctrace record --template ""Time Profiler"" --output /tmp/skv12-pin-p1/direct-xctrace/time-profiler/apache_builds__real_typed_track1.trace --no-prompt --time-limit 2000ms --launch -- /tmp/skv12-pin-profile-target-cf7848b2/release/profile_direct 31429 apache_builds real_typed_track1"	status=PASS rc=54 stdout=/tmp/skv12-pin-p1/logs/xctrace-time-profiler-primary-typed-apache_builds-real_typed_track1.out stderr=/tmp/skv12-pin-p1/logs/xctrace-time-profiler-primary-typed-apache_builds-real_typed_track1.err
xctrace-time-profiler-primary	xctrace-time-profiler-typed	typed	apache_builds	real_typed_track2	/Users/mkbabb/Programming/bbnf-lang/skinny	/tmp/skv12-pin-p1/direct-xctrace/time-profiler/apache_builds__real_typed_track2.trace	/tmp/skv12-pin-p1/xctrace/capture_status.tsv	"cd /Users/mkbabb/Programming/bbnf-lang/skinny && xctrace record --template ""Time Profiler"" --output /tmp/skv12-pin-p1/direct-xctrace/time-profiler/apache_builds__real_typed_track2.trace --no-prompt --time-limit 2000ms --launch -- /tmp/skv12-pin-profile-target-cf7848b2/release/profile_direct 31429 apache_builds real_typed_track2"	status=PASS rc=54 stdout=/tmp/skv12-pin-p1/logs/xctrace-time-profiler-primary-typed-apache_builds-real_typed_track2.out stderr=/tmp/skv12-pin-p1/logs/xctrace-time-profiler-primary-typed-apache_builds-real_typed_track2.err
xctrace-time-profiler-primary	xctrace-time-profiler-typed	typed	citm_catalog	real_typed_track1	/Users/mkbabb/Programming/bbnf-lang/skinny	/tmp/skv12-pin-p1/direct-xctrace/time-profiler/citm_catalog__real_typed_track1.trace	/tmp/skv12-pin-p1/xctrace/capture_status.tsv	"cd /Users/mkbabb/Programming/bbnf-lang/skinny && xctrace record --template ""Time Profiler"" --output /tmp/skv12-pin-p1/direct-xctrace/time-profiler/citm_catalog__real_typed_track1.trace --no-prompt --time-limit 2000ms --launch -- /tmp/skv12-pin-profile-target-cf7848b2/release/profile_direct 2316 citm_catalog real_typed_track1"	status=PASS rc=0 stdout=/tmp/skv12-pin-p1/logs/xctrace-time-profiler-primary-typed-citm_catalog-real_typed_track1.out stderr=/tmp/skv12-pin-p1/logs/xctrace-time-profiler-primary-typed-citm_catalog-real_typed_track1.err
xctrace-time-profiler-primary	xctrace-time-profiler-typed	typed	citm_catalog	real_typed_track2	/Users/mkbabb/Programming/bbnf-lang/skinny	/tmp/skv12-pin-p1/direct-xctrace/time-profiler/citm_catalog__real_typed_track2.trace	/tmp/skv12-pin-p1/xctrace/capture_status.tsv	"cd /Users/mkbabb/Programming/bbnf-lang/skinny && xctrace record --template ""Time Profiler"" --output /tmp/skv12-pin-p1/direct-xctrace/time-profiler/citm_catalog__real_typed_track2.trace --no-prompt --time-limit 2000ms --launch -- /tmp/skv12-pin-profile-target-cf7848b2/release/profile_direct 2316 citm_catalog real_typed_track2"	status=PASS rc=54 stdout=/tmp/skv12-pin-p1/logs/xctrace-time-profiler-primary-typed-citm_catalog-real_typed_track2.out stderr=/tmp/skv12-pin-p1/logs/xctrace-time-profiler-primary-typed-citm_catalog-real_typed_track2.err
xctrace-time-profiler-primary	xctrace-time-profiler-typed	typed	github_events	real_typed_track1	/Users/mkbabb/Programming/bbnf-lang/skinny	/tmp/skv12-pin-p1/direct-xctrace/time-profiler/github_events__real_typed_track1.trace	/tmp/skv12-pin-p1/xctrace/capture_status.tsv	"cd /Users/mkbabb/Programming/bbnf-lang/skinny && xctrace record --template ""Time Profiler"" --output /tmp/skv12-pin-p1/direct-xctrace/time-profiler/github_events__real_typed_track1.trace --no-prompt --time-limit 2000ms --launch -- /tmp/skv12-pin-profile-target-cf7848b2/release/profile_direct 61414 github_events real_typed_track1"	status=PASS rc=54 stdout=/tmp/skv12-pin-p1/logs/xctrace-time-profiler-primary-typed-github_events-real_typed_track1.out stderr=/tmp/skv12-pin-p1/logs/xctrace-time-profiler-primary-typed-github_events-real_typed_track1.err
xctrace-time-profiler-primary	xctrace-time-profiler-typed	typed	github_events	real_typed_track2	/Users/mkbabb/Programming/bbnf-lang/skinny	/tmp/skv12-pin-p1/direct-xctrace/time-profiler/github_events__real_typed_track2.trace	/tmp/skv12-pin-p1/xctrace/capture_status.tsv	"cd /Users/mkbabb/Programming/bbnf-lang/skinny && xctrace record --template ""Time Profiler"" --output /tmp/skv12-pin-p1/direct-xctrace/time-profiler/github_events__real_typed_track2.trace --no-prompt --time-limit 2000ms --launch -- /tmp/skv12-pin-profile-target-cf7848b2/release/profile_direct 61414 github_events real_typed_track2"	status=PASS rc=54 stdout=/tmp/skv12-pin-p1/logs/xctrace-time-profiler-primary-typed-github_events-real_typed_track2.out stderr=/tmp/skv12-pin-p1/logs/xctrace-time-profiler-primary-typed-github_events-real_typed_track2.err
xctrace-time-profiler-primary	xctrace-time-profiler-typed	typed	marine_ik	real_typed_track1	/Users/mkbabb/Programming/bbnf-lang/skinny	/tmp/skv12-pin-p1/direct-xctrace/time-profiler/marine_ik__real_typed_track1.trace	/tmp/skv12-pin-p1/xctrace/capture_status.tsv	"cd /Users/mkbabb/Programming/bbnf-lang/skinny && xctrace record --template ""Time Profiler"" --output /tmp/skv12-pin-p1/direct-xctrace/time-profiler/marine_ik__real_typed_track1.trace --no-prompt --time-limit 2000ms --launch -- /tmp/skv12-pin-profile-target-cf7848b2/release/profile_direct 1341 marine_ik real_typed_track1"	status=PASS rc=54 stdout=/tmp/skv12-pin-p1/logs/xctrace-time-profiler-primary-typed-marine_ik-real_typed_track1.out stderr=/tmp/skv12-pin-p1/logs/xctrace-time-profiler-primary-typed-marine_ik-real_typed_track1.err
xctrace-time-profiler-primary	xctrace-time-profiler-typed	typed	marine_ik	real_typed_track2	/Users/mkbabb/Programming/bbnf-lang/skinny	/tmp/skv12-pin-p1/direct-xctrace/time-profiler/marine_ik__real_typed_track2.trace	/tmp/skv12-pin-p1/xctrace/capture_status.tsv	"cd /Users/mkbabb/Programming/bbnf-lang/skinny && xctrace record --template ""Time Profiler"" --output /tmp/skv12-pin-p1/direct-xctrace/time-profiler/marine_ik__real_typed_track2.trace --no-prompt --time-limit 2000ms --launch -- /tmp/skv12-pin-profile-target-cf7848b2/release/profile_direct 1341 marine_ik real_typed_track2"	status=PASS rc=54 stdout=/tmp/skv12-pin-p1/logs/xctrace-time-profiler-primary-typed-marine_ik-real_typed_track2.out stderr=/tmp/skv12-pin-p1/logs/xctrace-time-profiler-primary-typed-marine_ik-real_typed_track2.err
xctrace-time-profiler-primary	xctrace-time-profiler-typed	typed	mesh	real_typed_track1	/Users/mkbabb/Programming/bbnf-lang/skinny	/tmp/skv12-pin-p1/direct-xctrace/time-profiler/mesh__real_typed_track1.trace	/tmp/skv12-pin-p1/xctrace/capture_status.tsv	"cd /Users/mkbabb/Programming/bbnf-lang/skinny && xctrace record --template ""Time Profiler"" --output /tmp/skv12-pin-p1/direct-xctrace/time-profiler/mesh__real_typed_track1.trace --no-prompt --time-limit 2000ms --launch -- /tmp/skv12-pin-profile-target-cf7848b2/release/profile_direct 5528 mesh real_typed_track1"	status=PASS rc=54 stdout=/tmp/skv12-pin-p1/logs/xctrace-time-profiler-primary-typed-mesh-real_typed_track1.out stderr=/tmp/skv12-pin-p1/logs/xctrace-time-profiler-primary-typed-mesh-real_typed_track1.err
xctrace-time-profiler-primary	xctrace-time-profiler-typed	typed	mesh	real_typed_track2	/Users/mkbabb/Programming/bbnf-lang/skinny	/tmp/skv12-pin-p1/direct-xctrace/time-profiler/mesh__real_typed_track2.trace	/tmp/skv12-pin-p1/xctrace/capture_status.tsv	"cd /Users/mkbabb/Programming/bbnf-lang/skinny && xctrace record --template ""Time Profiler"" --output /tmp/skv12-pin-p1/direct-xctrace/time-profiler/mesh__real_typed_track2.trace --no-prompt --time-limit 2000ms --launch -- /tmp/skv12-pin-profile-target-cf7848b2/release/profile_direct 5528 mesh real_typed_track2"	status=PASS rc=54 stdout=/tmp/skv12-pin-p1/logs/xctrace-time-profiler-primary-typed-mesh-real_typed_track2.out stderr=/tmp/skv12-pin-p1/logs/xctrace-time-profiler-primary-typed-mesh-real_typed_track2.err
xctrace-time-profiler-primary	xctrace-time-profiler-typed	typed	twitter	real_typed_track1	/Users/mkbabb/Programming/bbnf-lang/skinny	/tmp/skv12-pin-p1/direct-xctrace/time-profiler/twitter__real_typed_track1.trace	/tmp/skv12-pin-p1/xctrace/capture_status.tsv	"cd /Users/mkbabb/Programming/bbnf-lang/skinny && xctrace record --template ""Time Profiler"" --output /tmp/skv12-pin-p1/direct-xctrace/time-profiler/twitter__real_typed_track1.trace --no-prompt --time-limit 2000ms --launch -- /tmp/skv12-pin-profile-target-cf7848b2/release/profile_direct 6334 twitter real_typed_track1"	status=PASS rc=54 stdout=/tmp/skv12-pin-p1/logs/xctrace-time-profiler-primary-typed-twitter-real_typed_track1.out stderr=/tmp/skv12-pin-p1/logs/xctrace-time-profiler-primary-typed-twitter-real_typed_track1.err
xctrace-time-profiler-primary	xctrace-time-profiler-typed	typed	twitter	real_typed_track2	/Users/mkbabb/Programming/bbnf-lang/skinny	/tmp/skv12-pin-p1/direct-xctrace/time-profiler/twitter__real_typed_track2.trace	/tmp/skv12-pin-p1/xctrace/capture_status.tsv	"cd /Users/mkbabb/Programming/bbnf-lang/skinny && xctrace record --template ""Time Profiler"" --output /tmp/skv12-pin-p1/direct-xctrace/time-profiler/twitter__real_typed_track2.trace --no-prompt --time-limit 2000ms --launch -- /tmp/skv12-pin-profile-target-cf7848b2/release/profile_direct 6334 twitter real_typed_track2"	status=PASS rc=54 stdout=/tmp/skv12-pin-p1/logs/xctrace-time-profiler-primary-typed-twitter-real_typed_track2.out stderr=/tmp/skv12-pin-p1/logs/xctrace-time-profiler-primary-typed-twitter-real_typed_track2.err
xctrace-time-profiler-primary	xctrace-time-profiler-typed	typed	update_center	real_typed_track1	/Users/mkbabb/Programming/bbnf-lang/skinny	/tmp/skv12-pin-p1/direct-xctrace/time-profiler/update_center__real_typed_track1.trace	/tmp/skv12-pin-p1/xctrace/capture_status.tsv	"cd /Users/mkbabb/Programming/bbnf-lang/skinny && xctrace record --template ""Time Profiler"" --output /tmp/skv12-pin-p1/direct-xctrace/time-profiler/update_center__real_typed_track1.trace --no-prompt --time-limit 2000ms --launch -- /tmp/skv12-pin-profile-target-cf7848b2/release/profile_direct 7503 update-center real_typed_track1"	status=PASS rc=54 stdout=/tmp/skv12-pin-p1/logs/xctrace-time-profiler-primary-typed-update_center-real_typed_track1.out stderr=/tmp/skv12-pin-p1/logs/xctrace-time-profiler-primary-typed-update_center-real_typed_track1.err
xctrace-time-profiler-primary	xctrace-time-profiler-typed	typed	update_center	real_typed_track2	/Users/mkbabb/Programming/bbnf-lang/skinny	/tmp/skv12-pin-p1/direct-xctrace/time-profiler/update_center__real_typed_track2.trace	/tmp/skv12-pin-p1/xctrace/capture_status.tsv	"cd /Users/mkbabb/Programming/bbnf-lang/skinny && xctrace record --template ""Time Profiler"" --output /tmp/skv12-pin-p1/direct-xctrace/time-profiler/update_center__real_typed_track2.trace --no-prompt --time-limit 2000ms --launch -- /tmp/skv12-pin-profile-target-cf7848b2/release/profile_direct 7503 update-center real_typed_track2"	status=PASS rc=54 stdout=/tmp/skv12-pin-p1/logs/xctrace-time-profiler-primary-typed-update_center-real_typed_track2.out stderr=/tmp/skv12-pin-p1/logs/xctrace-time-profiler-primary-typed-update_center-real_typed_track2.err
xctrace-cpu-counters	xctrace-cpu-counters-direct	direct	apache_builds	track1	/Users/mkbabb/Programming/bbnf-lang/skinny	/tmp/skv12-pin-p1/direct-xctrace/cpu-counters/apache_builds__track1.trace	/tmp/skv12-pin-p1/xctrace/capture_status.tsv	"cd /Users/mkbabb/Programming/bbnf-lang/skinny && xctrace record --template ""CPU Counters"" --output /tmp/skv12-pin-p1/direct-xctrace/cpu-counters/apache_builds__track1.trace --no-prompt --time-limit 2000ms --launch -- /tmp/skv12-pin-profile-target-cf7848b2/release/profile_direct 31429 apache_builds track1"	status=PASS rc=54 stdout=/tmp/skv12-pin-p1/logs/xctrace-cpu-counters-direct-apache_builds-track1.out stderr=/tmp/skv12-pin-p1/logs/xctrace-cpu-counters-direct-apache_builds-track1.err
xctrace-cpu-counters	xctrace-cpu-counters-direct	direct	apache_builds	track2	/Users/mkbabb/Programming/bbnf-lang/skinny	/tmp/skv12-pin-p1/direct-xctrace/cpu-counters/apache_builds__track2.trace	/tmp/skv12-pin-p1/xctrace/capture_status.tsv	"cd /Users/mkbabb/Programming/bbnf-lang/skinny && xctrace record --template ""CPU Counters"" --output /tmp/skv12-pin-p1/direct-xctrace/cpu-counters/apache_builds__track2.trace --no-prompt --time-limit 2000ms --launch -- /tmp/skv12-pin-profile-target-cf7848b2/release/profile_direct 31429 apache_builds track2"	status=PASS rc=54 stdout=/tmp/skv12-pin-p1/logs/xctrace-cpu-counters-direct-apache_builds-track2.out stderr=/tmp/skv12-pin-p1/logs/xctrace-cpu-counters-direct-apache_builds-track2.err
xctrace-cpu-counters	xctrace-cpu-counters-direct	direct	canada	track1	/Users/mkbabb/Programming/bbnf-lang/skinny	/tmp/skv12-pin-p1/direct-xctrace/cpu-counters/canada__track1.trace	/tmp/skv12-pin-p1/xctrace/capture_status.tsv	"cd /Users/mkbabb/Programming/bbnf-lang/skinny && xctrace record --template ""CPU Counters"" --output /tmp/skv12-pin-p1/direct-xctrace/cpu-counters/canada__track1.trace --no-prompt --time-limit 2000ms --launch -- /tmp/skv12-pin-profile-target-cf7848b2/release/profile_direct 1777 canada track1"	status=PASS rc=54 stdout=/tmp/skv12-pin-p1/logs/xctrace-cpu-counters-direct-canada-track1.out stderr=/tmp/skv12-pin-p1/logs/xctrace-cpu-counters-direct-canada-track1.err
xctrace-cpu-counters	xctrace-cpu-counters-direct	direct	canada	track2	/Users/mkbabb/Programming/bbnf-lang/skinny	/tmp/skv12-pin-p1/direct-xctrace/cpu-counters/canada__track2.trace	/tmp/skv12-pin-p1/xctrace/capture_status.tsv	"cd /Users/mkbabb/Programming/bbnf-lang/skinny && xctrace record --template ""CPU Counters"" --output /tmp/skv12-pin-p1/direct-xctrace/cpu-counters/canada__track2.trace --no-prompt --time-limit 2000ms --launch -- /tmp/skv12-pin-profile-target-cf7848b2/release/profile_direct 1777 canada track2"	status=PASS rc=54 stdout=/tmp/skv12-pin-p1/logs/xctrace-cpu-counters-direct-canada-track2.out stderr=/tmp/skv12-pin-p1/logs/xctrace-cpu-counters-direct-canada-track2.err
xctrace-cpu-counters	xctrace-cpu-counters-direct	direct	citm_catalog	track1	/Users/mkbabb/Programming/bbnf-lang/skinny	/tmp/skv12-pin-p1/direct-xctrace/cpu-counters/citm_catalog__track1.trace	/tmp/skv12-pin-p1/xctrace/capture_status.tsv	"cd /Users/mkbabb/Programming/bbnf-lang/skinny && xctrace record --template ""CPU Counters"" --output /tmp/skv12-pin-p1/direct-xctrace/cpu-counters/citm_catalog__track1.trace --no-prompt --time-limit 2000ms --launch -- /tmp/skv12-pin-profile-target-cf7848b2/release/profile_direct 2316 citm_catalog track1"	status=PASS rc=0 stdout=/tmp/skv12-pin-p1/logs/xctrace-cpu-counters-direct-citm_catalog-track1.out stderr=/tmp/skv12-pin-p1/logs/xctrace-cpu-counters-direct-citm_catalog-track1.err
xctrace-cpu-counters	xctrace-cpu-counters-direct	direct	citm_catalog	track2	/Users/mkbabb/Programming/bbnf-lang/skinny	/tmp/skv12-pin-p1/direct-xctrace/cpu-counters/citm_catalog__track2.trace	/tmp/skv12-pin-p1/xctrace/capture_status.tsv	"cd /Users/mkbabb/Programming/bbnf-lang/skinny && xctrace record --template ""CPU Counters"" --output /tmp/skv12-pin-p1/direct-xctrace/cpu-counters/citm_catalog__track2.trace --no-prompt --time-limit 2000ms --launch -- /tmp/skv12-pin-profile-target-cf7848b2/release/profile_direct 2316 citm_catalog track2"	status=PASS rc=54 stdout=/tmp/skv12-pin-p1/logs/xctrace-cpu-counters-direct-citm_catalog-track2.out stderr=/tmp/skv12-pin-p1/logs/xctrace-cpu-counters-direct-citm_catalog-track2.err
xctrace-cpu-counters	xctrace-cpu-counters-direct	direct	distinct_values	track1	/Users/mkbabb/Programming/bbnf-lang/skinny	/tmp/skv12-pin-p1/direct-xctrace/cpu-counters/distinct_values__track1.trace	/tmp/skv12-pin-p1/xctrace/capture_status.tsv	"cd /Users/mkbabb/Programming/bbnf-lang/skinny && xctrace record --template ""CPU Counters"" --output /tmp/skv12-pin-p1/direct-xctrace/cpu-counters/distinct_values__track1.trace --no-prompt --time-limit 2000ms --launch -- /tmp/skv12-pin-profile-target-cf7848b2/release/profile_direct 26037 distinct_values track1"	status=PASS rc=54 stdout=/tmp/skv12-pin-p1/logs/xctrace-cpu-counters-direct-distinct_values-track1.out stderr=/tmp/skv12-pin-p1/logs/xctrace-cpu-counters-direct-distinct_values-track1.err
xctrace-cpu-counters	xctrace-cpu-counters-direct	direct	distinct_values	track2	/Users/mkbabb/Programming/bbnf-lang/skinny	/tmp/skv12-pin-p1/direct-xctrace/cpu-counters/distinct_values__track2.trace	/tmp/skv12-pin-p1/xctrace/capture_status.tsv	"cd /Users/mkbabb/Programming/bbnf-lang/skinny && xctrace record --template ""CPU Counters"" --output /tmp/skv12-pin-p1/direct-xctrace/cpu-counters/distinct_values__track2.trace --no-prompt --time-limit 2000ms --launch -- /tmp/skv12-pin-profile-target-cf7848b2/release/profile_direct 26037 distinct_values track2"	status=PASS rc=54 stdout=/tmp/skv12-pin-p1/logs/xctrace-cpu-counters-direct-distinct_values-track2.out stderr=/tmp/skv12-pin-p1/logs/xctrace-cpu-counters-direct-distinct_values-track2.err
xctrace-cpu-counters	xctrace-cpu-counters-direct	direct	github_events	track1	/Users/mkbabb/Programming/bbnf-lang/skinny	/tmp/skv12-pin-p1/direct-xctrace/cpu-counters/github_events__track1.trace	/tmp/skv12-pin-p1/xctrace/capture_status.tsv	"cd /Users/mkbabb/Programming/bbnf-lang/skinny && xctrace record --template ""CPU Counters"" --output /tmp/skv12-pin-p1/direct-xctrace/cpu-counters/github_events__track1.trace --no-prompt --time-limit 2000ms --launch -- /tmp/skv12-pin-profile-target-cf7848b2/release/profile_direct 61414 github_events track1"	status=PASS rc=54 stdout=/tmp/skv12-pin-p1/logs/xctrace-cpu-counters-direct-github_events-track1.out stderr=/tmp/skv12-pin-p1/logs/xctrace-cpu-counters-direct-github_events-track1.err
xctrace-cpu-counters	xctrace-cpu-counters-direct	direct	github_events	track2	/Users/mkbabb/Programming/bbnf-lang/skinny	/tmp/skv12-pin-p1/direct-xctrace/cpu-counters/github_events__track2.trace	/tmp/skv12-pin-p1/xctrace/capture_status.tsv	"cd /Users/mkbabb/Programming/bbnf-lang/skinny && xctrace record --template ""CPU Counters"" --output /tmp/skv12-pin-p1/direct-xctrace/cpu-counters/github_events__track2.trace --no-prompt --time-limit 2000ms --launch -- /tmp/skv12-pin-profile-target-cf7848b2/release/profile_direct 61414 github_events track2"	status=PASS rc=54 stdout=/tmp/skv12-pin-p1/logs/xctrace-cpu-counters-direct-github_events-track2.out stderr=/tmp/skv12-pin-p1/logs/xctrace-cpu-counters-direct-github_events-track2.err
xctrace-cpu-counters	xctrace-cpu-counters-direct	direct	gsoc-2018	track1	/Users/mkbabb/Programming/bbnf-lang/skinny	/tmp/skv12-pin-p1/direct-xctrace/cpu-counters/gsoc-2018__track1.trace	/tmp/skv12-pin-p1/xctrace/capture_status.tsv	"cd /Users/mkbabb/Programming/bbnf-lang/skinny && xctrace record --template ""CPU Counters"" --output /tmp/skv12-pin-p1/direct-xctrace/cpu-counters/gsoc-2018__track1.trace --no-prompt --time-limit 2000ms --launch -- /tmp/skv12-pin-profile-target-cf7848b2/release/profile_direct 1202 gsoc-2018 track1"	status=PASS rc=54 stdout=/tmp/skv12-pin-p1/logs/xctrace-cpu-counters-direct-gsoc-2018-track1.out stderr=/tmp/skv12-pin-p1/logs/xctrace-cpu-counters-direct-gsoc-2018-track1.err
xctrace-cpu-counters	xctrace-cpu-counters-direct	direct	gsoc-2018	track2	/Users/mkbabb/Programming/bbnf-lang/skinny	/tmp/skv12-pin-p1/direct-xctrace/cpu-counters/gsoc-2018__track2.trace	/tmp/skv12-pin-p1/xctrace/capture_status.tsv	"cd /Users/mkbabb/Programming/bbnf-lang/skinny && xctrace record --template ""CPU Counters"" --output /tmp/skv12-pin-p1/direct-xctrace/cpu-counters/gsoc-2018__track2.trace --no-prompt --time-limit 2000ms --launch -- /tmp/skv12-pin-profile-target-cf7848b2/release/profile_direct 1202 gsoc-2018 track2"	status=PASS rc=54 stdout=/tmp/skv12-pin-p1/logs/xctrace-cpu-counters-direct-gsoc-2018-track2.out stderr=/tmp/skv12-pin-p1/logs/xctrace-cpu-counters-direct-gsoc-2018-track2.err
xctrace-cpu-counters	xctrace-cpu-counters-direct	direct	instruments	track1	/Users/mkbabb/Programming/bbnf-lang/skinny	/tmp/skv12-pin-p1/direct-xctrace/cpu-counters/instruments__track1.trace	/tmp/skv12-pin-p1/xctrace/capture_status.tsv	"cd /Users/mkbabb/Programming/bbnf-lang/skinny && xctrace record --template ""CPU Counters"" --output /tmp/skv12-pin-p1/direct-xctrace/cpu-counters/instruments__track1.trace --no-prompt --time-limit 2000ms --launch -- /tmp/skv12-pin-profile-target-cf7848b2/release/profile_direct 18154 instruments track1"	status=PASS rc=54 stdout=/tmp/skv12-pin-p1/logs/xctrace-cpu-counters-direct-instruments-track1.out stderr=/tmp/skv12-pin-p1/logs/xctrace-cpu-counters-direct-instruments-track1.err
xctrace-cpu-counters	xctrace-cpu-counters-direct	direct	instruments	track2	/Users/mkbabb/Programming/bbnf-lang/skinny	/tmp/skv12-pin-p1/direct-xctrace/cpu-counters/instruments__track2.trace	/tmp/skv12-pin-p1/xctrace/capture_status.tsv	"cd /Users/mkbabb/Programming/bbnf-lang/skinny && xctrace record --template ""CPU Counters"" --output /tmp/skv12-pin-p1/direct-xctrace/cpu-counters/instruments__track2.trace --no-prompt --time-limit 2000ms --launch -- /tmp/skv12-pin-profile-target-cf7848b2/release/profile_direct 18154 instruments track2"	status=PASS rc=54 stdout=/tmp/skv12-pin-p1/logs/xctrace-cpu-counters-direct-instruments-track2.out stderr=/tmp/skv12-pin-p1/logs/xctrace-cpu-counters-direct-instruments-track2.err
xctrace-cpu-counters	xctrace-cpu-counters-direct	direct	marine_ik	track1	/Users/mkbabb/Programming/bbnf-lang/skinny	/tmp/skv12-pin-p1/direct-xctrace/cpu-counters/marine_ik__track1.trace	/tmp/skv12-pin-p1/xctrace/capture_status.tsv	"cd /Users/mkbabb/Programming/bbnf-lang/skinny && xctrace record --template ""CPU Counters"" --output /tmp/skv12-pin-p1/direct-xctrace/cpu-counters/marine_ik__track1.trace --no-prompt --time-limit 2000ms --launch -- /tmp/skv12-pin-profile-target-cf7848b2/release/profile_direct 1341 marine_ik track1"	status=PASS rc=54 stdout=/tmp/skv12-pin-p1/logs/xctrace-cpu-counters-direct-marine_ik-track1.out stderr=/tmp/skv12-pin-p1/logs/xctrace-cpu-counters-direct-marine_ik-track1.err
xctrace-cpu-counters	xctrace-cpu-counters-direct	direct	marine_ik	track2	/Users/mkbabb/Programming/bbnf-lang/skinny	/tmp/skv12-pin-p1/direct-xctrace/cpu-counters/marine_ik__track2.trace	/tmp/skv12-pin-p1/xctrace/capture_status.tsv	"cd /Users/mkbabb/Programming/bbnf-lang/skinny && xctrace record --template ""CPU Counters"" --output /tmp/skv12-pin-p1/direct-xctrace/cpu-counters/marine_ik__track2.trace --no-prompt --time-limit 2000ms --launch -- /tmp/skv12-pin-profile-target-cf7848b2/release/profile_direct 1341 marine_ik track2"	status=PASS rc=54 stdout=/tmp/skv12-pin-p1/logs/xctrace-cpu-counters-direct-marine_ik-track2.out stderr=/tmp/skv12-pin-p1/logs/xctrace-cpu-counters-direct-marine_ik-track2.err
xctrace-cpu-counters	xctrace-cpu-counters-direct	direct	mesh	track1	/Users/mkbabb/Programming/bbnf-lang/skinny	/tmp/skv12-pin-p1/direct-xctrace/cpu-counters/mesh__track1.trace	/tmp/skv12-pin-p1/xctrace/capture_status.tsv	"cd /Users/mkbabb/Programming/bbnf-lang/skinny && xctrace record --template ""CPU Counters"" --output /tmp/skv12-pin-p1/direct-xctrace/cpu-counters/mesh__track1.trace --no-prompt --time-limit 2000ms --launch -- /tmp/skv12-pin-profile-target-cf7848b2/release/profile_direct 5528 mesh track1"	status=PASS rc=54 stdout=/tmp/skv12-pin-p1/logs/xctrace-cpu-counters-direct-mesh-track1.out stderr=/tmp/skv12-pin-p1/logs/xctrace-cpu-counters-direct-mesh-track1.err
xctrace-cpu-counters	xctrace-cpu-counters-direct	direct	mesh	track2	/Users/mkbabb/Programming/bbnf-lang/skinny	/tmp/skv12-pin-p1/direct-xctrace/cpu-counters/mesh__track2.trace	/tmp/skv12-pin-p1/xctrace/capture_status.tsv	"cd /Users/mkbabb/Programming/bbnf-lang/skinny && xctrace record --template ""CPU Counters"" --output /tmp/skv12-pin-p1/direct-xctrace/cpu-counters/mesh__track2.trace --no-prompt --time-limit 2000ms --launch -- /tmp/skv12-pin-profile-target-cf7848b2/release/profile_direct 5528 mesh track2"	status=PASS rc=54 stdout=/tmp/skv12-pin-p1/logs/xctrace-cpu-counters-direct-mesh-track2.out stderr=/tmp/skv12-pin-p1/logs/xctrace-cpu-counters-direct-mesh-track2.err
xctrace-cpu-counters	xctrace-cpu-counters-direct	direct	numbers	track1	/Users/mkbabb/Programming/bbnf-lang/skinny	/tmp/skv12-pin-p1/direct-xctrace/cpu-counters/numbers__track1.trace	/tmp/skv12-pin-p1/xctrace/capture_status.tsv	"cd /Users/mkbabb/Programming/bbnf-lang/skinny && xctrace record --template ""CPU Counters"" --output /tmp/skv12-pin-p1/direct-xctrace/cpu-counters/numbers__track1.trace --no-prompt --time-limit 2000ms --launch -- /tmp/skv12-pin-profile-target-cf7848b2/release/profile_direct 26645 numbers track1"	status=PASS rc=54 stdout=/tmp/skv12-pin-p1/logs/xctrace-cpu-counters-direct-numbers-track1.out stderr=/tmp/skv12-pin-p1/logs/xctrace-cpu-counters-direct-numbers-track1.err
xctrace-cpu-counters	xctrace-cpu-counters-direct	direct	numbers	track2	/Users/mkbabb/Programming/bbnf-lang/skinny	/tmp/skv12-pin-p1/direct-xctrace/cpu-counters/numbers__track2.trace	/tmp/skv12-pin-p1/xctrace/capture_status.tsv	"cd /Users/mkbabb/Programming/bbnf-lang/skinny && xctrace record --template ""CPU Counters"" --output /tmp/skv12-pin-p1/direct-xctrace/cpu-counters/numbers__track2.trace --no-prompt --time-limit 2000ms --launch -- /tmp/skv12-pin-profile-target-cf7848b2/release/profile_direct 26645 numbers track2"	status=PASS rc=54 stdout=/tmp/skv12-pin-p1/logs/xctrace-cpu-counters-direct-numbers-track2.out stderr=/tmp/skv12-pin-p1/logs/xctrace-cpu-counters-direct-numbers-track2.err
xctrace-cpu-counters	xctrace-cpu-counters-direct	direct	random	track1	/Users/mkbabb/Programming/bbnf-lang/skinny	/tmp/skv12-pin-p1/direct-xctrace/cpu-counters/random__track1.trace	/tmp/skv12-pin-p1/xctrace/capture_status.tsv	"cd /Users/mkbabb/Programming/bbnf-lang/skinny && xctrace record --template ""CPU Counters"" --output /tmp/skv12-pin-p1/direct-xctrace/cpu-counters/random__track1.trace --no-prompt --time-limit 2000ms --launch -- /tmp/skv12-pin-profile-target-cf7848b2/release/profile_direct 7836 random track1"	status=PASS rc=54 stdout=/tmp/skv12-pin-p1/logs/xctrace-cpu-counters-direct-random-track1.out stderr=/tmp/skv12-pin-p1/logs/xctrace-cpu-counters-direct-random-track1.err
xctrace-cpu-counters	xctrace-cpu-counters-direct	direct	random	track2	/Users/mkbabb/Programming/bbnf-lang/skinny	/tmp/skv12-pin-p1/direct-xctrace/cpu-counters/random__track2.trace	/tmp/skv12-pin-p1/xctrace/capture_status.tsv	"cd /Users/mkbabb/Programming/bbnf-lang/skinny && xctrace record --template ""CPU Counters"" --output /tmp/skv12-pin-p1/direct-xctrace/cpu-counters/random__track2.trace --no-prompt --time-limit 2000ms --launch -- /tmp/skv12-pin-profile-target-cf7848b2/release/profile_direct 7836 random track2"	status=PASS rc=54 stdout=/tmp/skv12-pin-p1/logs/xctrace-cpu-counters-direct-random-track2.out stderr=/tmp/skv12-pin-p1/logs/xctrace-cpu-counters-direct-random-track2.err
xctrace-cpu-counters	xctrace-cpu-counters-direct	direct	twitter	track1	/Users/mkbabb/Programming/bbnf-lang/skinny	/tmp/skv12-pin-p1/direct-xctrace/cpu-counters/twitter__track1.trace	/tmp/skv12-pin-p1/xctrace/capture_status.tsv	"cd /Users/mkbabb/Programming/bbnf-lang/skinny && xctrace record --template ""CPU Counters"" --output /tmp/skv12-pin-p1/direct-xctrace/cpu-counters/twitter__track1.trace --no-prompt --time-limit 2000ms --launch -- /tmp/skv12-pin-profile-target-cf7848b2/release/profile_direct 6334 twitter track1"	status=PASS rc=54 stdout=/tmp/skv12-pin-p1/logs/xctrace-cpu-counters-direct-twitter-track1.out stderr=/tmp/skv12-pin-p1/logs/xctrace-cpu-counters-direct-twitter-track1.err
xctrace-cpu-counters	xctrace-cpu-counters-direct	direct	twitter	track2	/Users/mkbabb/Programming/bbnf-lang/skinny	/tmp/skv12-pin-p1/direct-xctrace/cpu-counters/twitter__track2.trace	/tmp/skv12-pin-p1/xctrace/capture_status.tsv	"cd /Users/mkbabb/Programming/bbnf-lang/skinny && xctrace record --template ""CPU Counters"" --output /tmp/skv12-pin-p1/direct-xctrace/cpu-counters/twitter__track2.trace --no-prompt --time-limit 2000ms --launch -- /tmp/skv12-pin-profile-target-cf7848b2/release/profile_direct 6334 twitter track2"	status=PASS rc=54 stdout=/tmp/skv12-pin-p1/logs/xctrace-cpu-counters-direct-twitter-track2.out stderr=/tmp/skv12-pin-p1/logs/xctrace-cpu-counters-direct-twitter-track2.err
xctrace-cpu-counters	xctrace-cpu-counters-direct	direct	unicode_basic	track1	/Users/mkbabb/Programming/bbnf-lang/skinny	/tmp/skv12-pin-p1/direct-xctrace/cpu-counters/unicode_basic__track1.trace	/tmp/skv12-pin-p1/xctrace/capture_status.tsv	"cd /Users/mkbabb/Programming/bbnf-lang/skinny && xctrace record --template ""CPU Counters"" --output /tmp/skv12-pin-p1/direct-xctrace/cpu-counters/unicode_basic__track1.trace --no-prompt --time-limit 2000ms --launch -- /tmp/skv12-pin-profile-target-cf7848b2/release/profile_direct 3815 unicode_basic track1"	status=PASS rc=54 stdout=/tmp/skv12-pin-p1/logs/xctrace-cpu-counters-direct-unicode_basic-track1.out stderr=/tmp/skv12-pin-p1/logs/xctrace-cpu-counters-direct-unicode_basic-track1.err
xctrace-cpu-counters	xctrace-cpu-counters-direct	direct	unicode_basic	track2	/Users/mkbabb/Programming/bbnf-lang/skinny	/tmp/skv12-pin-p1/direct-xctrace/cpu-counters/unicode_basic__track2.trace	/tmp/skv12-pin-p1/xctrace/capture_status.tsv	"cd /Users/mkbabb/Programming/bbnf-lang/skinny && xctrace record --template ""CPU Counters"" --output /tmp/skv12-pin-p1/direct-xctrace/cpu-counters/unicode_basic__track2.trace --no-prompt --time-limit 2000ms --launch -- /tmp/skv12-pin-profile-target-cf7848b2/release/profile_direct 3815 unicode_basic track2"	status=PASS rc=54 stdout=/tmp/skv12-pin-p1/logs/xctrace-cpu-counters-direct-unicode_basic-track2.out stderr=/tmp/skv12-pin-p1/logs/xctrace-cpu-counters-direct-unicode_basic-track2.err
xctrace-cpu-counters	xctrace-cpu-counters-direct	direct	unicode_escapes	track1	/Users/mkbabb/Programming/bbnf-lang/skinny	/tmp/skv12-pin-p1/direct-xctrace/cpu-counters/unicode_escapes__track1.trace	/tmp/skv12-pin-p1/xctrace/capture_status.tsv	"cd /Users/mkbabb/Programming/bbnf-lang/skinny && xctrace record --template ""CPU Counters"" --output /tmp/skv12-pin-p1/direct-xctrace/cpu-counters/unicode_escapes__track1.trace --no-prompt --time-limit 2000ms --launch -- /tmp/skv12-pin-profile-target-cf7848b2/release/profile_direct 3807 unicode_escapes track1"	status=PASS rc=54 stdout=/tmp/skv12-pin-p1/logs/xctrace-cpu-counters-direct-unicode_escapes-track1.out stderr=/tmp/skv12-pin-p1/logs/xctrace-cpu-counters-direct-unicode_escapes-track1.err
xctrace-cpu-counters	xctrace-cpu-counters-direct	direct	unicode_escapes	track2	/Users/mkbabb/Programming/bbnf-lang/skinny	/tmp/skv12-pin-p1/direct-xctrace/cpu-counters/unicode_escapes__track2.trace	/tmp/skv12-pin-p1/xctrace/capture_status.tsv	"cd /Users/mkbabb/Programming/bbnf-lang/skinny && xctrace record --template ""CPU Counters"" --output /tmp/skv12-pin-p1/direct-xctrace/cpu-counters/unicode_escapes__track2.trace --no-prompt --time-limit 2000ms --launch -- /tmp/skv12-pin-profile-target-cf7848b2/release/profile_direct 3807 unicode_escapes track2"	status=PASS rc=54 stdout=/tmp/skv12-pin-p1/logs/xctrace-cpu-counters-direct-unicode_escapes-track2.out stderr=/tmp/skv12-pin-p1/logs/xctrace-cpu-counters-direct-unicode_escapes-track2.err
xctrace-cpu-counters	xctrace-cpu-counters-direct	direct	unicode_mixed	track1	/Users/mkbabb/Programming/bbnf-lang/skinny	/tmp/skv12-pin-p1/direct-xctrace/cpu-counters/unicode_mixed__track1.trace	/tmp/skv12-pin-p1/xctrace/capture_status.tsv	"cd /Users/mkbabb/Programming/bbnf-lang/skinny && xctrace record --template ""CPU Counters"" --output /tmp/skv12-pin-p1/direct-xctrace/cpu-counters/unicode_mixed__track1.trace --no-prompt --time-limit 2000ms --launch -- /tmp/skv12-pin-profile-target-cf7848b2/release/profile_direct 3799 unicode_mixed track1"	status=PASS rc=54 stdout=/tmp/skv12-pin-p1/logs/xctrace-cpu-counters-direct-unicode_mixed-track1.out stderr=/tmp/skv12-pin-p1/logs/xctrace-cpu-counters-direct-unicode_mixed-track1.err
xctrace-cpu-counters	xctrace-cpu-counters-direct	direct	unicode_mixed	track2	/Users/mkbabb/Programming/bbnf-lang/skinny	/tmp/skv12-pin-p1/direct-xctrace/cpu-counters/unicode_mixed__track2.trace	/tmp/skv12-pin-p1/xctrace/capture_status.tsv	"cd /Users/mkbabb/Programming/bbnf-lang/skinny && xctrace record --template ""CPU Counters"" --output /tmp/skv12-pin-p1/direct-xctrace/cpu-counters/unicode_mixed__track2.trace --no-prompt --time-limit 2000ms --launch -- /tmp/skv12-pin-profile-target-cf7848b2/release/profile_direct 3799 unicode_mixed track2"	status=PASS rc=54 stdout=/tmp/skv12-pin-p1/logs/xctrace-cpu-counters-direct-unicode_mixed-track2.out stderr=/tmp/skv12-pin-p1/logs/xctrace-cpu-counters-direct-unicode_mixed-track2.err
xctrace-cpu-counters	xctrace-cpu-counters-direct	direct	update_center	track1	/Users/mkbabb/Programming/bbnf-lang/skinny	/tmp/skv12-pin-p1/direct-xctrace/cpu-counters/update_center__track1.trace	/tmp/skv12-pin-p1/xctrace/capture_status.tsv	"cd /Users/mkbabb/Programming/bbnf-lang/skinny && xctrace record --template ""CPU Counters"" --output /tmp/skv12-pin-p1/direct-xctrace/cpu-counters/update_center__track1.trace --no-prompt --time-limit 2000ms --launch -- /tmp/skv12-pin-profile-target-cf7848b2/release/profile_direct 7503 update-center track1"	status=PASS rc=54 stdout=/tmp/skv12-pin-p1/logs/xctrace-cpu-counters-direct-update_center-track1.out stderr=/tmp/skv12-pin-p1/logs/xctrace-cpu-counters-direct-update_center-track1.err
xctrace-cpu-counters	xctrace-cpu-counters-direct	direct	update_center	track2	/Users/mkbabb/Programming/bbnf-lang/skinny	/tmp/skv12-pin-p1/direct-xctrace/cpu-counters/update_center__track2.trace	/tmp/skv12-pin-p1/xctrace/capture_status.tsv	"cd /Users/mkbabb/Programming/bbnf-lang/skinny && xctrace record --template ""CPU Counters"" --output /tmp/skv12-pin-p1/direct-xctrace/cpu-counters/update_center__track2.trace --no-prompt --time-limit 2000ms --launch -- /tmp/skv12-pin-profile-target-cf7848b2/release/profile_direct 7503 update-center track2"	status=PASS rc=54 stdout=/tmp/skv12-pin-p1/logs/xctrace-cpu-counters-direct-update_center-track2.out stderr=/tmp/skv12-pin-p1/logs/xctrace-cpu-counters-direct-update_center-track2.err
xctrace-cpu-counters	xctrace-cpu-counters-direct	direct	y_string_unicode	track1	/Users/mkbabb/Programming/bbnf-lang/skinny	/tmp/skv12-pin-p1/direct-xctrace/cpu-counters/y_string_unicode__track1.trace	/tmp/skv12-pin-p1/xctrace/capture_status.tsv	"cd /Users/mkbabb/Programming/bbnf-lang/skinny && xctrace record --template ""CPU Counters"" --output /tmp/skv12-pin-p1/direct-xctrace/cpu-counters/y_string_unicode__track1.trace --no-prompt --time-limit 2000ms --launch -- /tmp/skv12-pin-profile-target-cf7848b2/release/profile_direct 100000 y_string_unicode track1"	status=PASS rc=54 stdout=/tmp/skv12-pin-p1/logs/xctrace-cpu-counters-direct-y_string_unicode-track1.out stderr=/tmp/skv12-pin-p1/logs/xctrace-cpu-counters-direct-y_string_unicode-track1.err
xctrace-cpu-counters	xctrace-cpu-counters-direct	direct	y_string_unicode	track2	/Users/mkbabb/Programming/bbnf-lang/skinny	/tmp/skv12-pin-p1/direct-xctrace/cpu-counters/y_string_unicode__track2.trace	/tmp/skv12-pin-p1/xctrace/capture_status.tsv	"cd /Users/mkbabb/Programming/bbnf-lang/skinny && xctrace record --template ""CPU Counters"" --output /tmp/skv12-pin-p1/direct-xctrace/cpu-counters/y_string_unicode__track2.trace --no-prompt --time-limit 2000ms --launch -- /tmp/skv12-pin-profile-target-cf7848b2/release/profile_direct 100000 y_string_unicode track2"	status=PASS rc=54 stdout=/tmp/skv12-pin-p1/logs/xctrace-cpu-counters-direct-y_string_unicode-track2.out stderr=/tmp/skv12-pin-p1/logs/xctrace-cpu-counters-direct-y_string_unicode-track2.err
xctrace-cpu-counters	xctrace-cpu-counters-parse	parse	apache_builds	track1	/Users/mkbabb/Programming/bbnf-lang/skinny	/tmp/skv12-pin-p1/parse-xctrace/cpu-counters/apache_builds__track1.trace	/tmp/skv12-pin-p1/xctrace/capture_status.tsv	"cd /Users/mkbabb/Programming/bbnf-lang/skinny && xctrace record --template ""CPU Counters"" --output /tmp/skv12-pin-p1/parse-xctrace/cpu-counters/apache_builds__track1.trace --no-prompt --time-limit 2000ms --launch -- /tmp/skv12-pin-profile-target-cf7848b2/release/xctrace_probe /Users/mkbabb/Programming/bbnf-lang/skinny/test_data/apache_builds.json track1 31429"	status=PASS rc=54 stdout=/tmp/skv12-pin-p1/logs/xctrace-cpu-counters-parse-apache_builds-track1.out stderr=/tmp/skv12-pin-p1/logs/xctrace-cpu-counters-parse-apache_builds-track1.err
xctrace-cpu-counters	xctrace-cpu-counters-parse	parse	apache_builds	track2	/Users/mkbabb/Programming/bbnf-lang/skinny	/tmp/skv12-pin-p1/parse-xctrace/cpu-counters/apache_builds__track2.trace	/tmp/skv12-pin-p1/xctrace/capture_status.tsv	"cd /Users/mkbabb/Programming/bbnf-lang/skinny && xctrace record --template ""CPU Counters"" --output /tmp/skv12-pin-p1/parse-xctrace/cpu-counters/apache_builds__track2.trace --no-prompt --time-limit 2000ms --launch -- /tmp/skv12-pin-profile-target-cf7848b2/release/xctrace_probe /Users/mkbabb/Programming/bbnf-lang/skinny/test_data/apache_builds.json track2 31429"	status=PASS rc=54 stdout=/tmp/skv12-pin-p1/logs/xctrace-cpu-counters-parse-apache_builds-track2.out stderr=/tmp/skv12-pin-p1/logs/xctrace-cpu-counters-parse-apache_builds-track2.err
xctrace-cpu-counters	xctrace-cpu-counters-parse	parse	canada	track1	/Users/mkbabb/Programming/bbnf-lang/skinny	/tmp/skv12-pin-p1/parse-xctrace/cpu-counters/canada__track1.trace	/tmp/skv12-pin-p1/xctrace/capture_status.tsv	"cd /Users/mkbabb/Programming/bbnf-lang/skinny && xctrace record --template ""CPU Counters"" --output /tmp/skv12-pin-p1/parse-xctrace/cpu-counters/canada__track1.trace --no-prompt --time-limit 2000ms --launch -- /tmp/skv12-pin-profile-target-cf7848b2/release/xctrace_probe /Users/mkbabb/Programming/bbnf-lang/skinny/test_data/canada.json track1 1777"	status=PASS rc=54 stdout=/tmp/skv12-pin-p1/logs/xctrace-cpu-counters-parse-canada-track1.out stderr=/tmp/skv12-pin-p1/logs/xctrace-cpu-counters-parse-canada-track1.err
xctrace-cpu-counters	xctrace-cpu-counters-parse	parse	canada	track2	/Users/mkbabb/Programming/bbnf-lang/skinny	/tmp/skv12-pin-p1/parse-xctrace/cpu-counters/canada__track2.trace	/tmp/skv12-pin-p1/xctrace/capture_status.tsv	"cd /Users/mkbabb/Programming/bbnf-lang/skinny && xctrace record --template ""CPU Counters"" --output /tmp/skv12-pin-p1/parse-xctrace/cpu-counters/canada__track2.trace --no-prompt --time-limit 2000ms --launch -- /tmp/skv12-pin-profile-target-cf7848b2/release/xctrace_probe /Users/mkbabb/Programming/bbnf-lang/skinny/test_data/canada.json track2 1777"	status=PASS rc=54 stdout=/tmp/skv12-pin-p1/logs/xctrace-cpu-counters-parse-canada-track2.out stderr=/tmp/skv12-pin-p1/logs/xctrace-cpu-counters-parse-canada-track2.err
xctrace-cpu-counters	xctrace-cpu-counters-parse	parse	citm_catalog	track1	/Users/mkbabb/Programming/bbnf-lang/skinny	/tmp/skv12-pin-p1/parse-xctrace/cpu-counters/citm_catalog__track1.trace	/tmp/skv12-pin-p1/xctrace/capture_status.tsv	"cd /Users/mkbabb/Programming/bbnf-lang/skinny && xctrace record --template ""CPU Counters"" --output /tmp/skv12-pin-p1/parse-xctrace/cpu-counters/citm_catalog__track1.trace --no-prompt --time-limit 2000ms --launch -- /tmp/skv12-pin-profile-target-cf7848b2/release/xctrace_probe /Users/mkbabb/Programming/bbnf-lang/skinny/test_data/citm_catalog.json track1 2316"	status=PASS rc=0 stdout=/tmp/skv12-pin-p1/logs/xctrace-cpu-counters-parse-citm_catalog-track1.out stderr=/tmp/skv12-pin-p1/logs/xctrace-cpu-counters-parse-citm_catalog-track1.err
xctrace-cpu-counters	xctrace-cpu-counters-parse	parse	citm_catalog	track2	/Users/mkbabb/Programming/bbnf-lang/skinny	/tmp/skv12-pin-p1/parse-xctrace/cpu-counters/citm_catalog__track2.trace	/tmp/skv12-pin-p1/xctrace/capture_status.tsv	"cd /Users/mkbabb/Programming/bbnf-lang/skinny && xctrace record --template ""CPU Counters"" --output /tmp/skv12-pin-p1/parse-xctrace/cpu-counters/citm_catalog__track2.trace --no-prompt --time-limit 2000ms --launch -- /tmp/skv12-pin-profile-target-cf7848b2/release/xctrace_probe /Users/mkbabb/Programming/bbnf-lang/skinny/test_data/citm_catalog.json track2 2316"	status=PASS rc=0 stdout=/tmp/skv12-pin-p1/logs/xctrace-cpu-counters-parse-citm_catalog-track2.out stderr=/tmp/skv12-pin-p1/logs/xctrace-cpu-counters-parse-citm_catalog-track2.err
xctrace-cpu-counters	xctrace-cpu-counters-parse	parse	distinct_values	track1	/Users/mkbabb/Programming/bbnf-lang/skinny	/tmp/skv12-pin-p1/parse-xctrace/cpu-counters/distinct_values__track1.trace	/tmp/skv12-pin-p1/xctrace/capture_status.tsv	"cd /Users/mkbabb/Programming/bbnf-lang/skinny && xctrace record --template ""CPU Counters"" --output /tmp/skv12-pin-p1/parse-xctrace/cpu-counters/distinct_values__track1.trace --no-prompt --time-limit 2000ms --launch -- /tmp/skv12-pin-profile-target-cf7848b2/release/xctrace_probe /Users/mkbabb/Programming/bbnf-lang/skinny/test_data/distinct_values.json track1 26037"	status=PASS rc=54 stdout=/tmp/skv12-pin-p1/logs/xctrace-cpu-counters-parse-distinct_values-track1.out stderr=/tmp/skv12-pin-p1/logs/xctrace-cpu-counters-parse-distinct_values-track1.err
xctrace-cpu-counters	xctrace-cpu-counters-parse	parse	distinct_values	track2	/Users/mkbabb/Programming/bbnf-lang/skinny	/tmp/skv12-pin-p1/parse-xctrace/cpu-counters/distinct_values__track2.trace	/tmp/skv12-pin-p1/xctrace/capture_status.tsv	"cd /Users/mkbabb/Programming/bbnf-lang/skinny && xctrace record --template ""CPU Counters"" --output /tmp/skv12-pin-p1/parse-xctrace/cpu-counters/distinct_values__track2.trace --no-prompt --time-limit 2000ms --launch -- /tmp/skv12-pin-profile-target-cf7848b2/release/xctrace_probe /Users/mkbabb/Programming/bbnf-lang/skinny/test_data/distinct_values.json track2 26037"	status=PASS rc=54 stdout=/tmp/skv12-pin-p1/logs/xctrace-cpu-counters-parse-distinct_values-track2.out stderr=/tmp/skv12-pin-p1/logs/xctrace-cpu-counters-parse-distinct_values-track2.err
xctrace-cpu-counters	xctrace-cpu-counters-parse	parse	github_events	track1	/Users/mkbabb/Programming/bbnf-lang/skinny	/tmp/skv12-pin-p1/parse-xctrace/cpu-counters/github_events__track1.trace	/tmp/skv12-pin-p1/xctrace/capture_status.tsv	"cd /Users/mkbabb/Programming/bbnf-lang/skinny && xctrace record --template ""CPU Counters"" --output /tmp/skv12-pin-p1/parse-xctrace/cpu-counters/github_events__track1.trace --no-prompt --time-limit 2000ms --launch -- /tmp/skv12-pin-profile-target-cf7848b2/release/xctrace_probe /Users/mkbabb/Programming/bbnf-lang/skinny/test_data/github_events.json track1 61414"	status=PASS rc=54 stdout=/tmp/skv12-pin-p1/logs/xctrace-cpu-counters-parse-github_events-track1.out stderr=/tmp/skv12-pin-p1/logs/xctrace-cpu-counters-parse-github_events-track1.err
xctrace-cpu-counters	xctrace-cpu-counters-parse	parse	github_events	track2	/Users/mkbabb/Programming/bbnf-lang/skinny	/tmp/skv12-pin-p1/parse-xctrace/cpu-counters/github_events__track2.trace	/tmp/skv12-pin-p1/xctrace/capture_status.tsv	"cd /Users/mkbabb/Programming/bbnf-lang/skinny && xctrace record --template ""CPU Counters"" --output /tmp/skv12-pin-p1/parse-xctrace/cpu-counters/github_events__track2.trace --no-prompt --time-limit 2000ms --launch -- /tmp/skv12-pin-profile-target-cf7848b2/release/xctrace_probe /Users/mkbabb/Programming/bbnf-lang/skinny/test_data/github_events.json track2 61414"	status=PASS rc=54 stdout=/tmp/skv12-pin-p1/logs/xctrace-cpu-counters-parse-github_events-track2.out stderr=/tmp/skv12-pin-p1/logs/xctrace-cpu-counters-parse-github_events-track2.err
xctrace-cpu-counters	xctrace-cpu-counters-parse	parse	gsoc-2018	track1	/Users/mkbabb/Programming/bbnf-lang/skinny	/tmp/skv12-pin-p1/parse-xctrace/cpu-counters/gsoc-2018__track1.trace	/tmp/skv12-pin-p1/xctrace/capture_status.tsv	"cd /Users/mkbabb/Programming/bbnf-lang/skinny && xctrace record --template ""CPU Counters"" --output /tmp/skv12-pin-p1/parse-xctrace/cpu-counters/gsoc-2018__track1.trace --no-prompt --time-limit 2000ms --launch -- /tmp/skv12-pin-profile-target-cf7848b2/release/xctrace_probe /Users/mkbabb/Programming/bbnf-lang/skinny/test_data/gsoc-2018.json track1 1202"	status=PASS rc=0 stdout=/tmp/skv12-pin-p1/logs/xctrace-cpu-counters-parse-gsoc-2018-track1.out stderr=/tmp/skv12-pin-p1/logs/xctrace-cpu-counters-parse-gsoc-2018-track1.err
xctrace-cpu-counters	xctrace-cpu-counters-parse	parse	gsoc-2018	track2	/Users/mkbabb/Programming/bbnf-lang/skinny	/tmp/skv12-pin-p1/parse-xctrace/cpu-counters/gsoc-2018__track2.trace	/tmp/skv12-pin-p1/xctrace/capture_status.tsv	"cd /Users/mkbabb/Programming/bbnf-lang/skinny && xctrace record --template ""CPU Counters"" --output /tmp/skv12-pin-p1/parse-xctrace/cpu-counters/gsoc-2018__track2.trace --no-prompt --time-limit 2000ms --launch -- /tmp/skv12-pin-profile-target-cf7848b2/release/xctrace_probe /Users/mkbabb/Programming/bbnf-lang/skinny/test_data/gsoc-2018.json track2 1202"	status=PASS rc=0 stdout=/tmp/skv12-pin-p1/logs/xctrace-cpu-counters-parse-gsoc-2018-track2.out stderr=/tmp/skv12-pin-p1/logs/xctrace-cpu-counters-parse-gsoc-2018-track2.err
xctrace-cpu-counters	xctrace-cpu-counters-parse	parse	instruments	track1	/Users/mkbabb/Programming/bbnf-lang/skinny	/tmp/skv12-pin-p1/parse-xctrace/cpu-counters/instruments__track1.trace	/tmp/skv12-pin-p1/xctrace/capture_status.tsv	"cd /Users/mkbabb/Programming/bbnf-lang/skinny && xctrace record --template ""CPU Counters"" --output /tmp/skv12-pin-p1/parse-xctrace/cpu-counters/instruments__track1.trace --no-prompt --time-limit 2000ms --launch -- /tmp/skv12-pin-profile-target-cf7848b2/release/xctrace_probe /Users/mkbabb/Programming/bbnf-lang/skinny/test_data/instruments.json track1 18154"	status=PASS rc=54 stdout=/tmp/skv12-pin-p1/logs/xctrace-cpu-counters-parse-instruments-track1.out stderr=/tmp/skv12-pin-p1/logs/xctrace-cpu-counters-parse-instruments-track1.err
xctrace-cpu-counters	xctrace-cpu-counters-parse	parse	instruments	track2	/Users/mkbabb/Programming/bbnf-lang/skinny	/tmp/skv12-pin-p1/parse-xctrace/cpu-counters/instruments__track2.trace	/tmp/skv12-pin-p1/xctrace/capture_status.tsv	"cd /Users/mkbabb/Programming/bbnf-lang/skinny && xctrace record --template ""CPU Counters"" --output /tmp/skv12-pin-p1/parse-xctrace/cpu-counters/instruments__track2.trace --no-prompt --time-limit 2000ms --launch -- /tmp/skv12-pin-profile-target-cf7848b2/release/xctrace_probe /Users/mkbabb/Programming/bbnf-lang/skinny/test_data/instruments.json track2 18154"	status=PASS rc=54 stdout=/tmp/skv12-pin-p1/logs/xctrace-cpu-counters-parse-instruments-track2.out stderr=/tmp/skv12-pin-p1/logs/xctrace-cpu-counters-parse-instruments-track2.err
xctrace-cpu-counters	xctrace-cpu-counters-parse	parse	marine_ik	track1	/Users/mkbabb/Programming/bbnf-lang/skinny	/tmp/skv12-pin-p1/parse-xctrace/cpu-counters/marine_ik__track1.trace	/tmp/skv12-pin-p1/xctrace/capture_status.tsv	"cd /Users/mkbabb/Programming/bbnf-lang/skinny && xctrace record --template ""CPU Counters"" --output /tmp/skv12-pin-p1/parse-xctrace/cpu-counters/marine_ik__track1.trace --no-prompt --time-limit 2000ms --launch -- /tmp/skv12-pin-profile-target-cf7848b2/release/xctrace_probe /Users/mkbabb/Programming/bbnf-lang/skinny/test_data/marine_ik.json track1 1341"	status=PASS rc=54 stdout=/tmp/skv12-pin-p1/logs/xctrace-cpu-counters-parse-marine_ik-track1.out stderr=/tmp/skv12-pin-p1/logs/xctrace-cpu-counters-parse-marine_ik-track1.err
xctrace-cpu-counters	xctrace-cpu-counters-parse	parse	marine_ik	track2	/Users/mkbabb/Programming/bbnf-lang/skinny	/tmp/skv12-pin-p1/parse-xctrace/cpu-counters/marine_ik__track2.trace	/tmp/skv12-pin-p1/xctrace/capture_status.tsv	"cd /Users/mkbabb/Programming/bbnf-lang/skinny && xctrace record --template ""CPU Counters"" --output /tmp/skv12-pin-p1/parse-xctrace/cpu-counters/marine_ik__track2.trace --no-prompt --time-limit 2000ms --launch -- /tmp/skv12-pin-profile-target-cf7848b2/release/xctrace_probe /Users/mkbabb/Programming/bbnf-lang/skinny/test_data/marine_ik.json track2 1341"	status=PASS rc=54 stdout=/tmp/skv12-pin-p1/logs/xctrace-cpu-counters-parse-marine_ik-track2.out stderr=/tmp/skv12-pin-p1/logs/xctrace-cpu-counters-parse-marine_ik-track2.err
xctrace-cpu-counters	xctrace-cpu-counters-parse	parse	mesh	track1	/Users/mkbabb/Programming/bbnf-lang/skinny	/tmp/skv12-pin-p1/parse-xctrace/cpu-counters/mesh__track1.trace	/tmp/skv12-pin-p1/xctrace/capture_status.tsv	"cd /Users/mkbabb/Programming/bbnf-lang/skinny && xctrace record --template ""CPU Counters"" --output /tmp/skv12-pin-p1/parse-xctrace/cpu-counters/mesh__track1.trace --no-prompt --time-limit 2000ms --launch -- /tmp/skv12-pin-profile-target-cf7848b2/release/xctrace_probe /Users/mkbabb/Programming/bbnf-lang/skinny/test_data/mesh.json track1 5528"	status=PASS rc=54 stdout=/tmp/skv12-pin-p1/logs/xctrace-cpu-counters-parse-mesh-track1.out stderr=/tmp/skv12-pin-p1/logs/xctrace-cpu-counters-parse-mesh-track1.err
xctrace-cpu-counters	xctrace-cpu-counters-parse	parse	mesh	track2	/Users/mkbabb/Programming/bbnf-lang/skinny	/tmp/skv12-pin-p1/parse-xctrace/cpu-counters/mesh__track2.trace	/tmp/skv12-pin-p1/xctrace/capture_status.tsv	"cd /Users/mkbabb/Programming/bbnf-lang/skinny && xctrace record --template ""CPU Counters"" --output /tmp/skv12-pin-p1/parse-xctrace/cpu-counters/mesh__track2.trace --no-prompt --time-limit 2000ms --launch -- /tmp/skv12-pin-profile-target-cf7848b2/release/xctrace_probe /Users/mkbabb/Programming/bbnf-lang/skinny/test_data/mesh.json track2 5528"	status=PASS rc=54 stdout=/tmp/skv12-pin-p1/logs/xctrace-cpu-counters-parse-mesh-track2.out stderr=/tmp/skv12-pin-p1/logs/xctrace-cpu-counters-parse-mesh-track2.err
xctrace-cpu-counters	xctrace-cpu-counters-parse	parse	numbers	track1	/Users/mkbabb/Programming/bbnf-lang/skinny	/tmp/skv12-pin-p1/parse-xctrace/cpu-counters/numbers__track1.trace	/tmp/skv12-pin-p1/xctrace/capture_status.tsv	"cd /Users/mkbabb/Programming/bbnf-lang/skinny && xctrace record --template ""CPU Counters"" --output /tmp/skv12-pin-p1/parse-xctrace/cpu-counters/numbers__track1.trace --no-prompt --time-limit 2000ms --launch -- /tmp/skv12-pin-profile-target-cf7848b2/release/xctrace_probe /Users/mkbabb/Programming/bbnf-lang/skinny/test_data/numbers.json track1 26645"	status=PASS rc=0 stdout=/tmp/skv12-pin-p1/logs/xctrace-cpu-counters-parse-numbers-track1.out stderr=/tmp/skv12-pin-p1/logs/xctrace-cpu-counters-parse-numbers-track1.err
xctrace-cpu-counters	xctrace-cpu-counters-parse	parse	numbers	track2	/Users/mkbabb/Programming/bbnf-lang/skinny	/tmp/skv12-pin-p1/parse-xctrace/cpu-counters/numbers__track2.trace	/tmp/skv12-pin-p1/xctrace/capture_status.tsv	"cd /Users/mkbabb/Programming/bbnf-lang/skinny && xctrace record --template ""CPU Counters"" --output /tmp/skv12-pin-p1/parse-xctrace/cpu-counters/numbers__track2.trace --no-prompt --time-limit 2000ms --launch -- /tmp/skv12-pin-profile-target-cf7848b2/release/xctrace_probe /Users/mkbabb/Programming/bbnf-lang/skinny/test_data/numbers.json track2 26645"	status=PASS rc=0 stdout=/tmp/skv12-pin-p1/logs/xctrace-cpu-counters-parse-numbers-track2.out stderr=/tmp/skv12-pin-p1/logs/xctrace-cpu-counters-parse-numbers-track2.err
xctrace-cpu-counters	xctrace-cpu-counters-parse	parse	random	track1	/Users/mkbabb/Programming/bbnf-lang/skinny	/tmp/skv12-pin-p1/parse-xctrace/cpu-counters/random__track1.trace	/tmp/skv12-pin-p1/xctrace/capture_status.tsv	"cd /Users/mkbabb/Programming/bbnf-lang/skinny && xctrace record --template ""CPU Counters"" --output /tmp/skv12-pin-p1/parse-xctrace/cpu-counters/random__track1.trace --no-prompt --time-limit 2000ms --launch -- /tmp/skv12-pin-profile-target-cf7848b2/release/xctrace_probe /Users/mkbabb/Programming/bbnf-lang/skinny/test_data/random.json track1 7836"	status=PASS rc=54 stdout=/tmp/skv12-pin-p1/logs/xctrace-cpu-counters-parse-random-track1.out stderr=/tmp/skv12-pin-p1/logs/xctrace-cpu-counters-parse-random-track1.err
xctrace-cpu-counters	xctrace-cpu-counters-parse	parse	random	track2	/Users/mkbabb/Programming/bbnf-lang/skinny	/tmp/skv12-pin-p1/parse-xctrace/cpu-counters/random__track2.trace	/tmp/skv12-pin-p1/xctrace/capture_status.tsv	"cd /Users/mkbabb/Programming/bbnf-lang/skinny && xctrace record --template ""CPU Counters"" --output /tmp/skv12-pin-p1/parse-xctrace/cpu-counters/random__track2.trace --no-prompt --time-limit 2000ms --launch -- /tmp/skv12-pin-profile-target-cf7848b2/release/xctrace_probe /Users/mkbabb/Programming/bbnf-lang/skinny/test_data/random.json track2 7836"	status=PASS rc=54 stdout=/tmp/skv12-pin-p1/logs/xctrace-cpu-counters-parse-random-track2.out stderr=/tmp/skv12-pin-p1/logs/xctrace-cpu-counters-parse-random-track2.err
xctrace-cpu-counters	xctrace-cpu-counters-parse	parse	twitter	track1	/Users/mkbabb/Programming/bbnf-lang/skinny	/tmp/skv12-pin-p1/parse-xctrace/cpu-counters/twitter__track1.trace	/tmp/skv12-pin-p1/xctrace/capture_status.tsv	"cd /Users/mkbabb/Programming/bbnf-lang/skinny && xctrace record --template ""CPU Counters"" --output /tmp/skv12-pin-p1/parse-xctrace/cpu-counters/twitter__track1.trace --no-prompt --time-limit 2000ms --launch -- /tmp/skv12-pin-profile-target-cf7848b2/release/xctrace_probe /Users/mkbabb/Programming/bbnf-lang/skinny/test_data/twitter.json track1 6334"	status=PASS rc=54 stdout=/tmp/skv12-pin-p1/logs/xctrace-cpu-counters-parse-twitter-track1.out stderr=/tmp/skv12-pin-p1/logs/xctrace-cpu-counters-parse-twitter-track1.err
xctrace-cpu-counters	xctrace-cpu-counters-parse	parse	twitter	track2	/Users/mkbabb/Programming/bbnf-lang/skinny	/tmp/skv12-pin-p1/parse-xctrace/cpu-counters/twitter__track2.trace	/tmp/skv12-pin-p1/xctrace/capture_status.tsv	"cd /Users/mkbabb/Programming/bbnf-lang/skinny && xctrace record --template ""CPU Counters"" --output /tmp/skv12-pin-p1/parse-xctrace/cpu-counters/twitter__track2.trace --no-prompt --time-limit 2000ms --launch -- /tmp/skv12-pin-profile-target-cf7848b2/release/xctrace_probe /Users/mkbabb/Programming/bbnf-lang/skinny/test_data/twitter.json track2 6334"	status=PASS rc=54 stdout=/tmp/skv12-pin-p1/logs/xctrace-cpu-counters-parse-twitter-track2.out stderr=/tmp/skv12-pin-p1/logs/xctrace-cpu-counters-parse-twitter-track2.err
xctrace-cpu-counters	xctrace-cpu-counters-parse	parse	unicode_basic	track1	/Users/mkbabb/Programming/bbnf-lang/skinny	/tmp/skv12-pin-p1/parse-xctrace/cpu-counters/unicode_basic__track1.trace	/tmp/skv12-pin-p1/xctrace/capture_status.tsv	"cd /Users/mkbabb/Programming/bbnf-lang/skinny && xctrace record --template ""CPU Counters"" --output /tmp/skv12-pin-p1/parse-xctrace/cpu-counters/unicode_basic__track1.trace --no-prompt --time-limit 2000ms --launch -- /tmp/skv12-pin-profile-target-cf7848b2/release/xctrace_probe /Users/mkbabb/Programming/bbnf-lang/skinny/test_data/unicode_basic.json track1 3815"	status=PASS rc=54 stdout=/tmp/skv12-pin-p1/logs/xctrace-cpu-counters-parse-unicode_basic-track1.out stderr=/tmp/skv12-pin-p1/logs/xctrace-cpu-counters-parse-unicode_basic-track1.err
xctrace-cpu-counters	xctrace-cpu-counters-parse	parse	unicode_basic	track2	/Users/mkbabb/Programming/bbnf-lang/skinny	/tmp/skv12-pin-p1/parse-xctrace/cpu-counters/unicode_basic__track2.trace	/tmp/skv12-pin-p1/xctrace/capture_status.tsv	"cd /Users/mkbabb/Programming/bbnf-lang/skinny && xctrace record --template ""CPU Counters"" --output /tmp/skv12-pin-p1/parse-xctrace/cpu-counters/unicode_basic__track2.trace --no-prompt --time-limit 2000ms --launch -- /tmp/skv12-pin-profile-target-cf7848b2/release/xctrace_probe /Users/mkbabb/Programming/bbnf-lang/skinny/test_data/unicode_basic.json track2 3815"	status=PASS rc=54 stdout=/tmp/skv12-pin-p1/logs/xctrace-cpu-counters-parse-unicode_basic-track2.out stderr=/tmp/skv12-pin-p1/logs/xctrace-cpu-counters-parse-unicode_basic-track2.err
xctrace-cpu-counters	xctrace-cpu-counters-parse	parse	unicode_escapes	track1	/Users/mkbabb/Programming/bbnf-lang/skinny	/tmp/skv12-pin-p1/parse-xctrace/cpu-counters/unicode_escapes__track1.trace	/tmp/skv12-pin-p1/xctrace/capture_status.tsv	"cd /Users/mkbabb/Programming/bbnf-lang/skinny && xctrace record --template ""CPU Counters"" --output /tmp/skv12-pin-p1/parse-xctrace/cpu-counters/unicode_escapes__track1.trace --no-prompt --time-limit 2000ms --launch -- /tmp/skv12-pin-profile-target-cf7848b2/release/xctrace_probe /Users/mkbabb/Programming/bbnf-lang/skinny/test_data/unicode_escapes.json track1 3807"	status=PASS rc=54 stdout=/tmp/skv12-pin-p1/logs/xctrace-cpu-counters-parse-unicode_escapes-track1.out stderr=/tmp/skv12-pin-p1/logs/xctrace-cpu-counters-parse-unicode_escapes-track1.err
xctrace-cpu-counters	xctrace-cpu-counters-parse	parse	unicode_escapes	track2	/Users/mkbabb/Programming/bbnf-lang/skinny	/tmp/skv12-pin-p1/parse-xctrace/cpu-counters/unicode_escapes__track2.trace	/tmp/skv12-pin-p1/xctrace/capture_status.tsv	"cd /Users/mkbabb/Programming/bbnf-lang/skinny && xctrace record --template ""CPU Counters"" --output /tmp/skv12-pin-p1/parse-xctrace/cpu-counters/unicode_escapes__track2.trace --no-prompt --time-limit 2000ms --launch -- /tmp/skv12-pin-profile-target-cf7848b2/release/xctrace_probe /Users/mkbabb/Programming/bbnf-lang/skinny/test_data/unicode_escapes.json track2 3807"	status=PASS rc=54 stdout=/tmp/skv12-pin-p1/logs/xctrace-cpu-counters-parse-unicode_escapes-track2.out stderr=/tmp/skv12-pin-p1/logs/xctrace-cpu-counters-parse-unicode_escapes-track2.err
xctrace-cpu-counters	xctrace-cpu-counters-parse	parse	unicode_mixed	track1	/Users/mkbabb/Programming/bbnf-lang/skinny	/tmp/skv12-pin-p1/parse-xctrace/cpu-counters/unicode_mixed__track1.trace	/tmp/skv12-pin-p1/xctrace/capture_status.tsv	"cd /Users/mkbabb/Programming/bbnf-lang/skinny && xctrace record --template ""CPU Counters"" --output /tmp/skv12-pin-p1/parse-xctrace/cpu-counters/unicode_mixed__track1.trace --no-prompt --time-limit 2000ms --launch -- /tmp/skv12-pin-profile-target-cf7848b2/release/xctrace_probe /Users/mkbabb/Programming/bbnf-lang/skinny/test_data/unicode_mixed.json track1 3799"	status=PASS rc=54 stdout=/tmp/skv12-pin-p1/logs/xctrace-cpu-counters-parse-unicode_mixed-track1.out stderr=/tmp/skv12-pin-p1/logs/xctrace-cpu-counters-parse-unicode_mixed-track1.err
xctrace-cpu-counters	xctrace-cpu-counters-parse	parse	unicode_mixed	track2	/Users/mkbabb/Programming/bbnf-lang/skinny	/tmp/skv12-pin-p1/parse-xctrace/cpu-counters/unicode_mixed__track2.trace	/tmp/skv12-pin-p1/xctrace/capture_status.tsv	"cd /Users/mkbabb/Programming/bbnf-lang/skinny && xctrace record --template ""CPU Counters"" --output /tmp/skv12-pin-p1/parse-xctrace/cpu-counters/unicode_mixed__track2.trace --no-prompt --time-limit 2000ms --launch -- /tmp/skv12-pin-profile-target-cf7848b2/release/xctrace_probe /Users/mkbabb/Programming/bbnf-lang/skinny/test_data/unicode_mixed.json track2 3799"	status=PASS rc=54 stdout=/tmp/skv12-pin-p1/logs/xctrace-cpu-counters-parse-unicode_mixed-track2.out stderr=/tmp/skv12-pin-p1/logs/xctrace-cpu-counters-parse-unicode_mixed-track2.err
xctrace-cpu-counters	xctrace-cpu-counters-parse	parse	update_center	track1	/Users/mkbabb/Programming/bbnf-lang/skinny	/tmp/skv12-pin-p1/parse-xctrace/cpu-counters/update_center__track1.trace	/tmp/skv12-pin-p1/xctrace/capture_status.tsv	"cd /Users/mkbabb/Programming/bbnf-lang/skinny && xctrace record --template ""CPU Counters"" --output /tmp/skv12-pin-p1/parse-xctrace/cpu-counters/update_center__track1.trace --no-prompt --time-limit 2000ms --launch -- /tmp/skv12-pin-profile-target-cf7848b2/release/xctrace_probe /Users/mkbabb/Programming/bbnf-lang/skinny/test_data/update-center.json track1 7503"	status=PASS rc=54 stdout=/tmp/skv12-pin-p1/logs/xctrace-cpu-counters-parse-update_center-track1.out stderr=/tmp/skv12-pin-p1/logs/xctrace-cpu-counters-parse-update_center-track1.err
xctrace-cpu-counters	xctrace-cpu-counters-parse	parse	update_center	track2	/Users/mkbabb/Programming/bbnf-lang/skinny	/tmp/skv12-pin-p1/parse-xctrace/cpu-counters/update_center__track2.trace	/tmp/skv12-pin-p1/xctrace/capture_status.tsv	"cd /Users/mkbabb/Programming/bbnf-lang/skinny && xctrace record --template ""CPU Counters"" --output /tmp/skv12-pin-p1/parse-xctrace/cpu-counters/update_center__track2.trace --no-prompt --time-limit 2000ms --launch -- /tmp/skv12-pin-profile-target-cf7848b2/release/xctrace_probe /Users/mkbabb/Programming/bbnf-lang/skinny/test_data/update-center.json track2 7503"	status=PASS rc=54 stdout=/tmp/skv12-pin-p1/logs/xctrace-cpu-counters-parse-update_center-track2.out stderr=/tmp/skv12-pin-p1/logs/xctrace-cpu-counters-parse-update_center-track2.err
xctrace-cpu-counters	xctrace-cpu-counters-parse	parse	y_string_unicode	track1	/Users/mkbabb/Programming/bbnf-lang/skinny	/tmp/skv12-pin-p1/parse-xctrace/cpu-counters/y_string_unicode__track1.trace	/tmp/skv12-pin-p1/xctrace/capture_status.tsv	"cd /Users/mkbabb/Programming/bbnf-lang/skinny && xctrace record --template ""CPU Counters"" --output /tmp/skv12-pin-p1/parse-xctrace/cpu-counters/y_string_unicode__track1.trace --no-prompt --time-limit 2000ms --launch -- /tmp/skv12-pin-profile-target-cf7848b2/release/xctrace_probe /Users/mkbabb/Programming/bbnf-lang/skinny/test_data/y_string_unicode.json track1 100000"	status=PASS rc=54 stdout=/tmp/skv12-pin-p1/logs/xctrace-cpu-counters-parse-y_string_unicode-track1.out stderr=/tmp/skv12-pin-p1/logs/xctrace-cpu-counters-parse-y_string_unicode-track1.err
xctrace-cpu-counters	xctrace-cpu-counters-parse	parse	y_string_unicode	track2	/Users/mkbabb/Programming/bbnf-lang/skinny	/tmp/skv12-pin-p1/parse-xctrace/cpu-counters/y_string_unicode__track2.trace	/tmp/skv12-pin-p1/xctrace/capture_status.tsv	"cd /Users/mkbabb/Programming/bbnf-lang/skinny && xctrace record --template ""CPU Counters"" --output /tmp/skv12-pin-p1/parse-xctrace/cpu-counters/y_string_unicode__track2.trace --no-prompt --time-limit 2000ms --launch -- /tmp/skv12-pin-profile-target-cf7848b2/release/xctrace_probe /Users/mkbabb/Programming/bbnf-lang/skinny/test_data/y_string_unicode.json track2 100000"	status=PASS rc=54 stdout=/tmp/skv12-pin-p1/logs/xctrace-cpu-counters-parse-y_string_unicode-track2.out stderr=/tmp/skv12-pin-p1/logs/xctrace-cpu-counters-parse-y_string_unicode-track2.err
xctrace-cpu-counters	xctrace-cpu-counters-typed	typed	apache_builds	real_typed_track1	/Users/mkbabb/Programming/bbnf-lang/skinny	/tmp/skv12-pin-p1/direct-xctrace/cpu-counters/apache_builds__real_typed_track1.trace	/tmp/skv12-pin-p1/xctrace/capture_status.tsv	"cd /Users/mkbabb/Programming/bbnf-lang/skinny && xctrace record --template ""CPU Counters"" --output /tmp/skv12-pin-p1/direct-xctrace/cpu-counters/apache_builds__real_typed_track1.trace --no-prompt --time-limit 2000ms --launch -- /tmp/skv12-pin-profile-target-cf7848b2/release/profile_direct 31429 apache_builds real_typed_track1"	status=PASS rc=54 stdout=/tmp/skv12-pin-p1/logs/xctrace-cpu-counters-typed-apache_builds-real_typed_track1.out stderr=/tmp/skv12-pin-p1/logs/xctrace-cpu-counters-typed-apache_builds-real_typed_track1.err
xctrace-cpu-counters	xctrace-cpu-counters-typed	typed	apache_builds	real_typed_track2	/Users/mkbabb/Programming/bbnf-lang/skinny	/tmp/skv12-pin-p1/direct-xctrace/cpu-counters/apache_builds__real_typed_track2.trace	/tmp/skv12-pin-p1/xctrace/capture_status.tsv	"cd /Users/mkbabb/Programming/bbnf-lang/skinny && xctrace record --template ""CPU Counters"" --output /tmp/skv12-pin-p1/direct-xctrace/cpu-counters/apache_builds__real_typed_track2.trace --no-prompt --time-limit 2000ms --launch -- /tmp/skv12-pin-profile-target-cf7848b2/release/profile_direct 31429 apache_builds real_typed_track2"	status=PASS rc=54 stdout=/tmp/skv12-pin-p1/logs/xctrace-cpu-counters-typed-apache_builds-real_typed_track2.out stderr=/tmp/skv12-pin-p1/logs/xctrace-cpu-counters-typed-apache_builds-real_typed_track2.err
xctrace-cpu-counters	xctrace-cpu-counters-typed	typed	citm_catalog	real_typed_track1	/Users/mkbabb/Programming/bbnf-lang/skinny	/tmp/skv12-pin-p1/direct-xctrace/cpu-counters/citm_catalog__real_typed_track1.trace	/tmp/skv12-pin-p1/xctrace/capture_status.tsv	"cd /Users/mkbabb/Programming/bbnf-lang/skinny && xctrace record --template ""CPU Counters"" --output /tmp/skv12-pin-p1/direct-xctrace/cpu-counters/citm_catalog__real_typed_track1.trace --no-prompt --time-limit 2000ms --launch -- /tmp/skv12-pin-profile-target-cf7848b2/release/profile_direct 2316 citm_catalog real_typed_track1"	status=PASS rc=0 stdout=/tmp/skv12-pin-p1/logs/xctrace-cpu-counters-typed-citm_catalog-real_typed_track1.out stderr=/tmp/skv12-pin-p1/logs/xctrace-cpu-counters-typed-citm_catalog-real_typed_track1.err
xctrace-cpu-counters	xctrace-cpu-counters-typed	typed	citm_catalog	real_typed_track2	/Users/mkbabb/Programming/bbnf-lang/skinny	/tmp/skv12-pin-p1/direct-xctrace/cpu-counters/citm_catalog__real_typed_track2.trace	/tmp/skv12-pin-p1/xctrace/capture_status.tsv	"cd /Users/mkbabb/Programming/bbnf-lang/skinny && xctrace record --template ""CPU Counters"" --output /tmp/skv12-pin-p1/direct-xctrace/cpu-counters/citm_catalog__real_typed_track2.trace --no-prompt --time-limit 2000ms --launch -- /tmp/skv12-pin-profile-target-cf7848b2/release/profile_direct 2316 citm_catalog real_typed_track2"	status=PASS rc=0 stdout=/tmp/skv12-pin-p1/logs/xctrace-cpu-counters-typed-citm_catalog-real_typed_track2.out stderr=/tmp/skv12-pin-p1/logs/xctrace-cpu-counters-typed-citm_catalog-real_typed_track2.err
xctrace-cpu-counters	xctrace-cpu-counters-typed	typed	github_events	real_typed_track1	/Users/mkbabb/Programming/bbnf-lang/skinny	/tmp/skv12-pin-p1/direct-xctrace/cpu-counters/github_events__real_typed_track1.trace	/tmp/skv12-pin-p1/xctrace/capture_status.tsv	"cd /Users/mkbabb/Programming/bbnf-lang/skinny && xctrace record --template ""CPU Counters"" --output /tmp/skv12-pin-p1/direct-xctrace/cpu-counters/github_events__real_typed_track1.trace --no-prompt --time-limit 2000ms --launch -- /tmp/skv12-pin-profile-target-cf7848b2/release/profile_direct 61414 github_events real_typed_track1"	status=PASS rc=54 stdout=/tmp/skv12-pin-p1/logs/xctrace-cpu-counters-typed-github_events-real_typed_track1.out stderr=/tmp/skv12-pin-p1/logs/xctrace-cpu-counters-typed-github_events-real_typed_track1.err
xctrace-cpu-counters	xctrace-cpu-counters-typed	typed	github_events	real_typed_track2	/Users/mkbabb/Programming/bbnf-lang/skinny	/tmp/skv12-pin-p1/direct-xctrace/cpu-counters/github_events__real_typed_track2.trace	/tmp/skv12-pin-p1/xctrace/capture_status.tsv	"cd /Users/mkbabb/Programming/bbnf-lang/skinny && xctrace record --template ""CPU Counters"" --output /tmp/skv12-pin-p1/direct-xctrace/cpu-counters/github_events__real_typed_track2.trace --no-prompt --time-limit 2000ms --launch -- /tmp/skv12-pin-profile-target-cf7848b2/release/profile_direct 61414 github_events real_typed_track2"	status=PASS rc=54 stdout=/tmp/skv12-pin-p1/logs/xctrace-cpu-counters-typed-github_events-real_typed_track2.out stderr=/tmp/skv12-pin-p1/logs/xctrace-cpu-counters-typed-github_events-real_typed_track2.err
xctrace-cpu-counters	xctrace-cpu-counters-typed	typed	marine_ik	real_typed_track1	/Users/mkbabb/Programming/bbnf-lang/skinny	/tmp/skv12-pin-p1/direct-xctrace/cpu-counters/marine_ik__real_typed_track1.trace	/tmp/skv12-pin-p1/xctrace/capture_status.tsv	"cd /Users/mkbabb/Programming/bbnf-lang/skinny && xctrace record --template ""CPU Counters"" --output /tmp/skv12-pin-p1/direct-xctrace/cpu-counters/marine_ik__real_typed_track1.trace --no-prompt --time-limit 2000ms --launch -- /tmp/skv12-pin-profile-target-cf7848b2/release/profile_direct 1341 marine_ik real_typed_track1"	status=PASS rc=54 stdout=/tmp/skv12-pin-p1/logs/xctrace-cpu-counters-typed-marine_ik-real_typed_track1.out stderr=/tmp/skv12-pin-p1/logs/xctrace-cpu-counters-typed-marine_ik-real_typed_track1.err
xctrace-cpu-counters	xctrace-cpu-counters-typed	typed	marine_ik	real_typed_track2	/Users/mkbabb/Programming/bbnf-lang/skinny	/tmp/skv12-pin-p1/direct-xctrace/cpu-counters/marine_ik__real_typed_track2.trace	/tmp/skv12-pin-p1/xctrace/capture_status.tsv	"cd /Users/mkbabb/Programming/bbnf-lang/skinny && xctrace record --template ""CPU Counters"" --output /tmp/skv12-pin-p1/direct-xctrace/cpu-counters/marine_ik__real_typed_track2.trace --no-prompt --time-limit 2000ms --launch -- /tmp/skv12-pin-profile-target-cf7848b2/release/profile_direct 1341 marine_ik real_typed_track2"	status=PASS rc=54 stdout=/tmp/skv12-pin-p1/logs/xctrace-cpu-counters-typed-marine_ik-real_typed_track2.out stderr=/tmp/skv12-pin-p1/logs/xctrace-cpu-counters-typed-marine_ik-real_typed_track2.err
xctrace-cpu-counters	xctrace-cpu-counters-typed	typed	mesh	real_typed_track1	/Users/mkbabb/Programming/bbnf-lang/skinny	/tmp/skv12-pin-p1/direct-xctrace/cpu-counters/mesh__real_typed_track1.trace	/tmp/skv12-pin-p1/xctrace/capture_status.tsv	"cd /Users/mkbabb/Programming/bbnf-lang/skinny && xctrace record --template ""CPU Counters"" --output /tmp/skv12-pin-p1/direct-xctrace/cpu-counters/mesh__real_typed_track1.trace --no-prompt --time-limit 2000ms --launch -- /tmp/skv12-pin-profile-target-cf7848b2/release/profile_direct 5528 mesh real_typed_track1"	status=PASS rc=54 stdout=/tmp/skv12-pin-p1/logs/xctrace-cpu-counters-typed-mesh-real_typed_track1.out stderr=/tmp/skv12-pin-p1/logs/xctrace-cpu-counters-typed-mesh-real_typed_track1.err
xctrace-cpu-counters	xctrace-cpu-counters-typed	typed	mesh	real_typed_track2	/Users/mkbabb/Programming/bbnf-lang/skinny	/tmp/skv12-pin-p1/direct-xctrace/cpu-counters/mesh__real_typed_track2.trace	/tmp/skv12-pin-p1/xctrace/capture_status.tsv	"cd /Users/mkbabb/Programming/bbnf-lang/skinny && xctrace record --template ""CPU Counters"" --output /tmp/skv12-pin-p1/direct-xctrace/cpu-counters/mesh__real_typed_track2.trace --no-prompt --time-limit 2000ms --launch -- /tmp/skv12-pin-profile-target-cf7848b2/release/profile_direct 5528 mesh real_typed_track2"	status=PASS rc=54 stdout=/tmp/skv12-pin-p1/logs/xctrace-cpu-counters-typed-mesh-real_typed_track2.out stderr=/tmp/skv12-pin-p1/logs/xctrace-cpu-counters-typed-mesh-real_typed_track2.err
xctrace-cpu-counters	xctrace-cpu-counters-typed	typed	twitter	real_typed_track1	/Users/mkbabb/Programming/bbnf-lang/skinny	/tmp/skv12-pin-p1/direct-xctrace/cpu-counters/twitter__real_typed_track1.trace	/tmp/skv12-pin-p1/xctrace/capture_status.tsv	"cd /Users/mkbabb/Programming/bbnf-lang/skinny && xctrace record --template ""CPU Counters"" --output /tmp/skv12-pin-p1/direct-xctrace/cpu-counters/twitter__real_typed_track1.trace --no-prompt --time-limit 2000ms --launch -- /tmp/skv12-pin-profile-target-cf7848b2/release/profile_direct 6334 twitter real_typed_track1"	status=PASS rc=0 stdout=/tmp/skv12-pin-p1/logs/xctrace-cpu-counters-typed-twitter-real_typed_track1.out stderr=/tmp/skv12-pin-p1/logs/xctrace-cpu-counters-typed-twitter-real_typed_track1.err
xctrace-cpu-counters	xctrace-cpu-counters-typed	typed	twitter	real_typed_track2	/Users/mkbabb/Programming/bbnf-lang/skinny	/tmp/skv12-pin-p1/direct-xctrace/cpu-counters/twitter__real_typed_track2.trace	/tmp/skv12-pin-p1/xctrace/capture_status.tsv	"cd /Users/mkbabb/Programming/bbnf-lang/skinny && xctrace record --template ""CPU Counters"" --output /tmp/skv12-pin-p1/direct-xctrace/cpu-counters/twitter__real_typed_track2.trace --no-prompt --time-limit 2000ms --launch -- /tmp/skv12-pin-profile-target-cf7848b2/release/profile_direct 6334 twitter real_typed_track2"	status=PASS rc=54 stdout=/tmp/skv12-pin-p1/logs/xctrace-cpu-counters-typed-twitter-real_typed_track2.out stderr=/tmp/skv12-pin-p1/logs/xctrace-cpu-counters-typed-twitter-real_typed_track2.err
xctrace-cpu-counters	xctrace-cpu-counters-typed	typed	update_center	real_typed_track1	/Users/mkbabb/Programming/bbnf-lang/skinny	/tmp/skv12-pin-p1/direct-xctrace/cpu-counters/update_center__real_typed_track1.trace	/tmp/skv12-pin-p1/xctrace/capture_status.tsv	"cd /Users/mkbabb/Programming/bbnf-lang/skinny && xctrace record --template ""CPU Counters"" --output /tmp/skv12-pin-p1/direct-xctrace/cpu-counters/update_center__real_typed_track1.trace --no-prompt --time-limit 2000ms --launch -- /tmp/skv12-pin-profile-target-cf7848b2/release/profile_direct 7503 update-center real_typed_track1"	status=PASS rc=54 stdout=/tmp/skv12-pin-p1/logs/xctrace-cpu-counters-typed-update_center-real_typed_track1.out stderr=/tmp/skv12-pin-p1/logs/xctrace-cpu-counters-typed-update_center-real_typed_track1.err
xctrace-cpu-counters	xctrace-cpu-counters-typed	typed	update_center	real_typed_track2	/Users/mkbabb/Programming/bbnf-lang/skinny	/tmp/skv12-pin-p1/direct-xctrace/cpu-counters/update_center__real_typed_track2.trace	/tmp/skv12-pin-p1/xctrace/capture_status.tsv	"cd /Users/mkbabb/Programming/bbnf-lang/skinny && xctrace record --template ""CPU Counters"" --output /tmp/skv12-pin-p1/direct-xctrace/cpu-counters/update_center__real_typed_track2.trace --no-prompt --time-limit 2000ms --launch -- /tmp/skv12-pin-profile-target-cf7848b2/release/profile_direct 7503 update-center real_typed_track2"	status=PASS rc=54 stdout=/tmp/skv12-pin-p1/logs/xctrace-cpu-counters-typed-update_center-real_typed_track2.out stderr=/tmp/skv12-pin-p1/logs/xctrace-cpu-counters-typed-update_center-real_typed_track2.err
xctrace-time-profiler-product-v2	xctrace-time-profiler-v2-direct	direct	apache_builds	track1	/Users/mkbabb/Programming/bbnf-lang/skinny	/tmp/skv12-pin-p1/direct-xctrace/time-profiler-v2/apache_builds__track1.trace	/tmp/skv12-pin-p1/xctrace/capture_status.tsv	"cd /Users/mkbabb/Programming/bbnf-lang/skinny && xctrace record --template ""Time Profiler"" --output /tmp/skv12-pin-p1/direct-xctrace/time-profiler-v2/apache_builds__track1.trace --no-prompt --time-limit 2000ms --launch -- /tmp/skv12-pin-profile-target-cf7848b2/release/profile_direct 20000 apache_builds track1"	status=PASS rc=0 stdout=/tmp/skv12-pin-p1/logs/xctrace-time-profiler-product-v2-direct-apache_builds-track1.out stderr=/tmp/skv12-pin-p1/logs/xctrace-time-profiler-product-v2-direct-apache_builds-track1.err
xctrace-time-profiler-product-v2	xctrace-time-profiler-v2-direct	direct	apache_builds	track2	/Users/mkbabb/Programming/bbnf-lang/skinny	/tmp/skv12-pin-p1/direct-xctrace/time-profiler-v2/apache_builds__track2.trace	/tmp/skv12-pin-p1/xctrace/capture_status.tsv	"cd /Users/mkbabb/Programming/bbnf-lang/skinny && xctrace record --template ""Time Profiler"" --output /tmp/skv12-pin-p1/direct-xctrace/time-profiler-v2/apache_builds__track2.trace --no-prompt --time-limit 2000ms --launch -- /tmp/skv12-pin-profile-target-cf7848b2/release/profile_direct 20000 apache_builds track2"	status=PASS rc=0 stdout=/tmp/skv12-pin-p1/logs/xctrace-time-profiler-product-v2-direct-apache_builds-track2.out stderr=/tmp/skv12-pin-p1/logs/xctrace-time-profiler-product-v2-direct-apache_builds-track2.err
xctrace-time-profiler-product-v2	xctrace-time-profiler-v2-direct	direct	canada	track1	/Users/mkbabb/Programming/bbnf-lang/skinny	/tmp/skv12-pin-p1/direct-xctrace/time-profiler-v2/canada__track1.trace	/tmp/skv12-pin-p1/xctrace/capture_status.tsv	"cd /Users/mkbabb/Programming/bbnf-lang/skinny && xctrace record --template ""Time Profiler"" --output /tmp/skv12-pin-p1/direct-xctrace/time-profiler-v2/canada__track1.trace --no-prompt --time-limit 2000ms --launch -- /tmp/skv12-pin-profile-target-cf7848b2/release/profile_direct 20000 canada track1"	status=PASS rc=54 stdout=/tmp/skv12-pin-p1/logs/xctrace-time-profiler-product-v2-direct-canada-track1.out stderr=/tmp/skv12-pin-p1/logs/xctrace-time-profiler-product-v2-direct-canada-track1.err
xctrace-time-profiler-product-v2	xctrace-time-profiler-v2-direct	direct	canada	track2	/Users/mkbabb/Programming/bbnf-lang/skinny	/tmp/skv12-pin-p1/direct-xctrace/time-profiler-v2/canada__track2.trace	/tmp/skv12-pin-p1/xctrace/capture_status.tsv	"cd /Users/mkbabb/Programming/bbnf-lang/skinny && xctrace record --template ""Time Profiler"" --output /tmp/skv12-pin-p1/direct-xctrace/time-profiler-v2/canada__track2.trace --no-prompt --time-limit 2000ms --launch -- /tmp/skv12-pin-profile-target-cf7848b2/release/profile_direct 20000 canada track2"	status=PASS rc=54 stdout=/tmp/skv12-pin-p1/logs/xctrace-time-profiler-product-v2-direct-canada-track2.out stderr=/tmp/skv12-pin-p1/logs/xctrace-time-profiler-product-v2-direct-canada-track2.err
xctrace-time-profiler-product-v2	xctrace-time-profiler-v2-direct	direct	citm_catalog	track1	/Users/mkbabb/Programming/bbnf-lang/skinny	/tmp/skv12-pin-p1/direct-xctrace/time-profiler-v2/citm_catalog__track1.trace	/tmp/skv12-pin-p1/xctrace/capture_status.tsv	"cd /Users/mkbabb/Programming/bbnf-lang/skinny && xctrace record --template ""Time Profiler"" --output /tmp/skv12-pin-p1/direct-xctrace/time-profiler-v2/citm_catalog__track1.trace --no-prompt --time-limit 2000ms --launch -- /tmp/skv12-pin-profile-target-cf7848b2/release/profile_direct 20000 citm_catalog track1"	status=PASS rc=54 stdout=/tmp/skv12-pin-p1/logs/xctrace-time-profiler-product-v2-direct-citm_catalog-track1.out stderr=/tmp/skv12-pin-p1/logs/xctrace-time-profiler-product-v2-direct-citm_catalog-track1.err
xctrace-time-profiler-product-v2	xctrace-time-profiler-v2-direct	direct	citm_catalog	track2	/Users/mkbabb/Programming/bbnf-lang/skinny	/tmp/skv12-pin-p1/direct-xctrace/time-profiler-v2/citm_catalog__track2.trace	/tmp/skv12-pin-p1/xctrace/capture_status.tsv	"cd /Users/mkbabb/Programming/bbnf-lang/skinny && xctrace record --template ""Time Profiler"" --output /tmp/skv12-pin-p1/direct-xctrace/time-profiler-v2/citm_catalog__track2.trace --no-prompt --time-limit 2000ms --launch -- /tmp/skv12-pin-profile-target-cf7848b2/release/profile_direct 20000 citm_catalog track2"	status=PASS rc=54 stdout=/tmp/skv12-pin-p1/logs/xctrace-time-profiler-product-v2-direct-citm_catalog-track2.out stderr=/tmp/skv12-pin-p1/logs/xctrace-time-profiler-product-v2-direct-citm_catalog-track2.err
xctrace-time-profiler-product-v2	xctrace-time-profiler-v2-direct	direct	distinct_values	track1	/Users/mkbabb/Programming/bbnf-lang/skinny	/tmp/skv12-pin-p1/direct-xctrace/time-profiler-v2/distinct_values__track1.trace	/tmp/skv12-pin-p1/xctrace/capture_status.tsv	"cd /Users/mkbabb/Programming/bbnf-lang/skinny && xctrace record --template ""Time Profiler"" --output /tmp/skv12-pin-p1/direct-xctrace/time-profiler-v2/distinct_values__track1.trace --no-prompt --time-limit 2000ms --launch -- /tmp/skv12-pin-profile-target-cf7848b2/release/profile_direct 20000 distinct_values track1"	status=PASS rc=54 stdout=/tmp/skv12-pin-p1/logs/xctrace-time-profiler-product-v2-direct-distinct_values-track1.out stderr=/tmp/skv12-pin-p1/logs/xctrace-time-profiler-product-v2-direct-distinct_values-track1.err
xctrace-time-profiler-product-v2	xctrace-time-profiler-v2-direct	direct	distinct_values	track2	/Users/mkbabb/Programming/bbnf-lang/skinny	/tmp/skv12-pin-p1/direct-xctrace/time-profiler-v2/distinct_values__track2.trace	/tmp/skv12-pin-p1/xctrace/capture_status.tsv	"cd /Users/mkbabb/Programming/bbnf-lang/skinny && xctrace record --template ""Time Profiler"" --output /tmp/skv12-pin-p1/direct-xctrace/time-profiler-v2/distinct_values__track2.trace --no-prompt --time-limit 2000ms --launch -- /tmp/skv12-pin-profile-target-cf7848b2/release/profile_direct 20000 distinct_values track2"	status=PASS rc=54 stdout=/tmp/skv12-pin-p1/logs/xctrace-time-profiler-product-v2-direct-distinct_values-track2.out stderr=/tmp/skv12-pin-p1/logs/xctrace-time-profiler-product-v2-direct-distinct_values-track2.err
xctrace-time-profiler-product-v2	xctrace-time-profiler-v2-direct	direct	github_events	track1	/Users/mkbabb/Programming/bbnf-lang/skinny	/tmp/skv12-pin-p1/direct-xctrace/time-profiler-v2/github_events__track1.trace	/tmp/skv12-pin-p1/xctrace/capture_status.tsv	"cd /Users/mkbabb/Programming/bbnf-lang/skinny && xctrace record --template ""Time Profiler"" --output /tmp/skv12-pin-p1/direct-xctrace/time-profiler-v2/github_events__track1.trace --no-prompt --time-limit 2000ms --launch -- /tmp/skv12-pin-profile-target-cf7848b2/release/profile_direct 20000 github_events track1"	status=PASS rc=0 stdout=/tmp/skv12-pin-p1/logs/xctrace-time-profiler-product-v2-direct-github_events-track1.out stderr=/tmp/skv12-pin-p1/logs/xctrace-time-profiler-product-v2-direct-github_events-track1.err
xctrace-time-profiler-product-v2	xctrace-time-profiler-v2-direct	direct	github_events	track2	/Users/mkbabb/Programming/bbnf-lang/skinny	/tmp/skv12-pin-p1/direct-xctrace/time-profiler-v2/github_events__track2.trace	/tmp/skv12-pin-p1/xctrace/capture_status.tsv	"cd /Users/mkbabb/Programming/bbnf-lang/skinny && xctrace record --template ""Time Profiler"" --output /tmp/skv12-pin-p1/direct-xctrace/time-profiler-v2/github_events__track2.trace --no-prompt --time-limit 2000ms --launch -- /tmp/skv12-pin-profile-target-cf7848b2/release/profile_direct 20000 github_events track2"	status=PASS rc=0 stdout=/tmp/skv12-pin-p1/logs/xctrace-time-profiler-product-v2-direct-github_events-track2.out stderr=/tmp/skv12-pin-p1/logs/xctrace-time-profiler-product-v2-direct-github_events-track2.err
xctrace-time-profiler-product-v2	xctrace-time-profiler-v2-direct	direct	gsoc-2018	track1	/Users/mkbabb/Programming/bbnf-lang/skinny	/tmp/skv12-pin-p1/direct-xctrace/time-profiler-v2/gsoc-2018__track1.trace	/tmp/skv12-pin-p1/xctrace/capture_status.tsv	"cd /Users/mkbabb/Programming/bbnf-lang/skinny && xctrace record --template ""Time Profiler"" --output /tmp/skv12-pin-p1/direct-xctrace/time-profiler-v2/gsoc-2018__track1.trace --no-prompt --time-limit 2000ms --launch -- /tmp/skv12-pin-profile-target-cf7848b2/release/profile_direct 20000 gsoc-2018 track1"	status=PASS rc=54 stdout=/tmp/skv12-pin-p1/logs/xctrace-time-profiler-product-v2-direct-gsoc-2018-track1.out stderr=/tmp/skv12-pin-p1/logs/xctrace-time-profiler-product-v2-direct-gsoc-2018-track1.err
xctrace-time-profiler-product-v2	xctrace-time-profiler-v2-direct	direct	gsoc-2018	track2	/Users/mkbabb/Programming/bbnf-lang/skinny	/tmp/skv12-pin-p1/direct-xctrace/time-profiler-v2/gsoc-2018__track2.trace	/tmp/skv12-pin-p1/xctrace/capture_status.tsv	"cd /Users/mkbabb/Programming/bbnf-lang/skinny && xctrace record --template ""Time Profiler"" --output /tmp/skv12-pin-p1/direct-xctrace/time-profiler-v2/gsoc-2018__track2.trace --no-prompt --time-limit 2000ms --launch -- /tmp/skv12-pin-profile-target-cf7848b2/release/profile_direct 20000 gsoc-2018 track2"	status=PASS rc=54 stdout=/tmp/skv12-pin-p1/logs/xctrace-time-profiler-product-v2-direct-gsoc-2018-track2.out stderr=/tmp/skv12-pin-p1/logs/xctrace-time-profiler-product-v2-direct-gsoc-2018-track2.err
xctrace-time-profiler-product-v2	xctrace-time-profiler-v2-direct	direct	instruments	track1	/Users/mkbabb/Programming/bbnf-lang/skinny	/tmp/skv12-pin-p1/direct-xctrace/time-profiler-v2/instruments__track1.trace	/tmp/skv12-pin-p1/xctrace/capture_status.tsv	"cd /Users/mkbabb/Programming/bbnf-lang/skinny && xctrace record --template ""Time Profiler"" --output /tmp/skv12-pin-p1/direct-xctrace/time-profiler-v2/instruments__track1.trace --no-prompt --time-limit 2000ms --launch -- /tmp/skv12-pin-profile-target-cf7848b2/release/profile_direct 20000 instruments track1"	status=PASS rc=54 stdout=/tmp/skv12-pin-p1/logs/xctrace-time-profiler-product-v2-direct-instruments-track1.out stderr=/tmp/skv12-pin-p1/logs/xctrace-time-profiler-product-v2-direct-instruments-track1.err
xctrace-time-profiler-product-v2	xctrace-time-profiler-v2-direct	direct	instruments	track2	/Users/mkbabb/Programming/bbnf-lang/skinny	/tmp/skv12-pin-p1/direct-xctrace/time-profiler-v2/instruments__track2.trace	/tmp/skv12-pin-p1/xctrace/capture_status.tsv	"cd /Users/mkbabb/Programming/bbnf-lang/skinny && xctrace record --template ""Time Profiler"" --output /tmp/skv12-pin-p1/direct-xctrace/time-profiler-v2/instruments__track2.trace --no-prompt --time-limit 2000ms --launch -- /tmp/skv12-pin-profile-target-cf7848b2/release/profile_direct 20000 instruments track2"	status=PASS rc=54 stdout=/tmp/skv12-pin-p1/logs/xctrace-time-profiler-product-v2-direct-instruments-track2.out stderr=/tmp/skv12-pin-p1/logs/xctrace-time-profiler-product-v2-direct-instruments-track2.err
xctrace-time-profiler-product-v2	xctrace-time-profiler-v2-direct	direct	marine_ik	track1	/Users/mkbabb/Programming/bbnf-lang/skinny	/tmp/skv12-pin-p1/direct-xctrace/time-profiler-v2/marine_ik__track1.trace	/tmp/skv12-pin-p1/xctrace/capture_status.tsv	"cd /Users/mkbabb/Programming/bbnf-lang/skinny && xctrace record --template ""Time Profiler"" --output /tmp/skv12-pin-p1/direct-xctrace/time-profiler-v2/marine_ik__track1.trace --no-prompt --time-limit 2000ms --launch -- /tmp/skv12-pin-profile-target-cf7848b2/release/profile_direct 20000 marine_ik track1"	status=PASS rc=54 stdout=/tmp/skv12-pin-p1/logs/xctrace-time-profiler-product-v2-direct-marine_ik-track1.out stderr=/tmp/skv12-pin-p1/logs/xctrace-time-profiler-product-v2-direct-marine_ik-track1.err
xctrace-time-profiler-product-v2	xctrace-time-profiler-v2-direct	direct	marine_ik	track2	/Users/mkbabb/Programming/bbnf-lang/skinny	/tmp/skv12-pin-p1/direct-xctrace/time-profiler-v2/marine_ik__track2.trace	/tmp/skv12-pin-p1/xctrace/capture_status.tsv	"cd /Users/mkbabb/Programming/bbnf-lang/skinny && xctrace record --template ""Time Profiler"" --output /tmp/skv12-pin-p1/direct-xctrace/time-profiler-v2/marine_ik__track2.trace --no-prompt --time-limit 2000ms --launch -- /tmp/skv12-pin-profile-target-cf7848b2/release/profile_direct 20000 marine_ik track2"	status=PASS rc=54 stdout=/tmp/skv12-pin-p1/logs/xctrace-time-profiler-product-v2-direct-marine_ik-track2.out stderr=/tmp/skv12-pin-p1/logs/xctrace-time-profiler-product-v2-direct-marine_ik-track2.err
xctrace-time-profiler-product-v2	xctrace-time-profiler-v2-direct	direct	mesh	track1	/Users/mkbabb/Programming/bbnf-lang/skinny	/tmp/skv12-pin-p1/direct-xctrace/time-profiler-v2/mesh__track1.trace	/tmp/skv12-pin-p1/xctrace/capture_status.tsv	"cd /Users/mkbabb/Programming/bbnf-lang/skinny && xctrace record --template ""Time Profiler"" --output /tmp/skv12-pin-p1/direct-xctrace/time-profiler-v2/mesh__track1.trace --no-prompt --time-limit 2000ms --launch -- /tmp/skv12-pin-profile-target-cf7848b2/release/profile_direct 20000 mesh track1"	status=PASS rc=54 stdout=/tmp/skv12-pin-p1/logs/xctrace-time-profiler-product-v2-direct-mesh-track1.out stderr=/tmp/skv12-pin-p1/logs/xctrace-time-profiler-product-v2-direct-mesh-track1.err
xctrace-time-profiler-product-v2	xctrace-time-profiler-v2-direct	direct	mesh	track2	/Users/mkbabb/Programming/bbnf-lang/skinny	/tmp/skv12-pin-p1/direct-xctrace/time-profiler-v2/mesh__track2.trace	/tmp/skv12-pin-p1/xctrace/capture_status.tsv	"cd /Users/mkbabb/Programming/bbnf-lang/skinny && xctrace record --template ""Time Profiler"" --output /tmp/skv12-pin-p1/direct-xctrace/time-profiler-v2/mesh__track2.trace --no-prompt --time-limit 2000ms --launch -- /tmp/skv12-pin-profile-target-cf7848b2/release/profile_direct 20000 mesh track2"	status=PASS rc=54 stdout=/tmp/skv12-pin-p1/logs/xctrace-time-profiler-product-v2-direct-mesh-track2.out stderr=/tmp/skv12-pin-p1/logs/xctrace-time-profiler-product-v2-direct-mesh-track2.err
xctrace-time-profiler-product-v2	xctrace-time-profiler-v2-direct	direct	numbers	track1	/Users/mkbabb/Programming/bbnf-lang/skinny	/tmp/skv12-pin-p1/direct-xctrace/time-profiler-v2/numbers__track1.trace	/tmp/skv12-pin-p1/xctrace/capture_status.tsv	"cd /Users/mkbabb/Programming/bbnf-lang/skinny && xctrace record --template ""Time Profiler"" --output /tmp/skv12-pin-p1/direct-xctrace/time-profiler-v2/numbers__track1.trace --no-prompt --time-limit 2000ms --launch -- /tmp/skv12-pin-profile-target-cf7848b2/release/profile_direct 20000 numbers track1"	status=PASS rc=0 stdout=/tmp/skv12-pin-p1/logs/xctrace-time-profiler-product-v2-direct-numbers-track1.out stderr=/tmp/skv12-pin-p1/logs/xctrace-time-profiler-product-v2-direct-numbers-track1.err
xctrace-time-profiler-product-v2	xctrace-time-profiler-v2-direct	direct	numbers	track2	/Users/mkbabb/Programming/bbnf-lang/skinny	/tmp/skv12-pin-p1/direct-xctrace/time-profiler-v2/numbers__track2.trace	/tmp/skv12-pin-p1/xctrace/capture_status.tsv	"cd /Users/mkbabb/Programming/bbnf-lang/skinny && xctrace record --template ""Time Profiler"" --output /tmp/skv12-pin-p1/direct-xctrace/time-profiler-v2/numbers__track2.trace --no-prompt --time-limit 2000ms --launch -- /tmp/skv12-pin-profile-target-cf7848b2/release/profile_direct 20000 numbers track2"	status=PASS rc=0 stdout=/tmp/skv12-pin-p1/logs/xctrace-time-profiler-product-v2-direct-numbers-track2.out stderr=/tmp/skv12-pin-p1/logs/xctrace-time-profiler-product-v2-direct-numbers-track2.err
xctrace-time-profiler-product-v2	xctrace-time-profiler-v2-direct	direct	random	track1	/Users/mkbabb/Programming/bbnf-lang/skinny	/tmp/skv12-pin-p1/direct-xctrace/time-profiler-v2/random__track1.trace	/tmp/skv12-pin-p1/xctrace/capture_status.tsv	"cd /Users/mkbabb/Programming/bbnf-lang/skinny && xctrace record --template ""Time Profiler"" --output /tmp/skv12-pin-p1/direct-xctrace/time-profiler-v2/random__track1.trace --no-prompt --time-limit 2000ms --launch -- /tmp/skv12-pin-profile-target-cf7848b2/release/profile_direct 20000 random track1"	status=PASS rc=54 stdout=/tmp/skv12-pin-p1/logs/xctrace-time-profiler-product-v2-direct-random-track1.out stderr=/tmp/skv12-pin-p1/logs/xctrace-time-profiler-product-v2-direct-random-track1.err
xctrace-time-profiler-product-v2	xctrace-time-profiler-v2-direct	direct	random	track2	/Users/mkbabb/Programming/bbnf-lang/skinny	/tmp/skv12-pin-p1/direct-xctrace/time-profiler-v2/random__track2.trace	/tmp/skv12-pin-p1/xctrace/capture_status.tsv	"cd /Users/mkbabb/Programming/bbnf-lang/skinny && xctrace record --template ""Time Profiler"" --output /tmp/skv12-pin-p1/direct-xctrace/time-profiler-v2/random__track2.trace --no-prompt --time-limit 2000ms --launch -- /tmp/skv12-pin-profile-target-cf7848b2/release/profile_direct 20000 random track2"	status=PASS rc=54 stdout=/tmp/skv12-pin-p1/logs/xctrace-time-profiler-product-v2-direct-random-track2.out stderr=/tmp/skv12-pin-p1/logs/xctrace-time-profiler-product-v2-direct-random-track2.err
xctrace-time-profiler-product-v2	xctrace-time-profiler-v2-direct	direct	twitter	track1	/Users/mkbabb/Programming/bbnf-lang/skinny	/tmp/skv12-pin-p1/direct-xctrace/time-profiler-v2/twitter__track1.trace	/tmp/skv12-pin-p1/xctrace/capture_status.tsv	"cd /Users/mkbabb/Programming/bbnf-lang/skinny && xctrace record --template ""Time Profiler"" --output /tmp/skv12-pin-p1/direct-xctrace/time-profiler-v2/twitter__track1.trace --no-prompt --time-limit 2000ms --launch -- /tmp/skv12-pin-profile-target-cf7848b2/release/profile_direct 20000 twitter track1"	status=PASS rc=54 stdout=/tmp/skv12-pin-p1/logs/xctrace-time-profiler-product-v2-direct-twitter-track1.out stderr=/tmp/skv12-pin-p1/logs/xctrace-time-profiler-product-v2-direct-twitter-track1.err
xctrace-time-profiler-product-v2	xctrace-time-profiler-v2-direct	direct	twitter	track2	/Users/mkbabb/Programming/bbnf-lang/skinny	/tmp/skv12-pin-p1/direct-xctrace/time-profiler-v2/twitter__track2.trace	/tmp/skv12-pin-p1/xctrace/capture_status.tsv	"cd /Users/mkbabb/Programming/bbnf-lang/skinny && xctrace record --template ""Time Profiler"" --output /tmp/skv12-pin-p1/direct-xctrace/time-profiler-v2/twitter__track2.trace --no-prompt --time-limit 2000ms --launch -- /tmp/skv12-pin-profile-target-cf7848b2/release/profile_direct 20000 twitter track2"	status=PASS rc=54 stdout=/tmp/skv12-pin-p1/logs/xctrace-time-profiler-product-v2-direct-twitter-track2.out stderr=/tmp/skv12-pin-p1/logs/xctrace-time-profiler-product-v2-direct-twitter-track2.err
xctrace-time-profiler-product-v2	xctrace-time-profiler-v2-direct	direct	unicode_basic	track1	/Users/mkbabb/Programming/bbnf-lang/skinny	/tmp/skv12-pin-p1/direct-xctrace/time-profiler-v2/unicode_basic__track1.trace	/tmp/skv12-pin-p1/xctrace/capture_status.tsv	"cd /Users/mkbabb/Programming/bbnf-lang/skinny && xctrace record --template ""Time Profiler"" --output /tmp/skv12-pin-p1/direct-xctrace/time-profiler-v2/unicode_basic__track1.trace --no-prompt --time-limit 2000ms --launch -- /tmp/skv12-pin-profile-target-cf7848b2/release/profile_direct 20000 unicode_basic track1"	status=PASS rc=54 stdout=/tmp/skv12-pin-p1/logs/xctrace-time-profiler-product-v2-direct-unicode_basic-track1.out stderr=/tmp/skv12-pin-p1/logs/xctrace-time-profiler-product-v2-direct-unicode_basic-track1.err
xctrace-time-profiler-product-v2	xctrace-time-profiler-v2-direct	direct	unicode_basic	track2	/Users/mkbabb/Programming/bbnf-lang/skinny	/tmp/skv12-pin-p1/direct-xctrace/time-profiler-v2/unicode_basic__track2.trace	/tmp/skv12-pin-p1/xctrace/capture_status.tsv	"cd /Users/mkbabb/Programming/bbnf-lang/skinny && xctrace record --template ""Time Profiler"" --output /tmp/skv12-pin-p1/direct-xctrace/time-profiler-v2/unicode_basic__track2.trace --no-prompt --time-limit 2000ms --launch -- /tmp/skv12-pin-profile-target-cf7848b2/release/profile_direct 20000 unicode_basic track2"	status=PASS rc=54 stdout=/tmp/skv12-pin-p1/logs/xctrace-time-profiler-product-v2-direct-unicode_basic-track2.out stderr=/tmp/skv12-pin-p1/logs/xctrace-time-profiler-product-v2-direct-unicode_basic-track2.err
xctrace-time-profiler-product-v2	xctrace-time-profiler-v2-direct	direct	unicode_escapes	track1	/Users/mkbabb/Programming/bbnf-lang/skinny	/tmp/skv12-pin-p1/direct-xctrace/time-profiler-v2/unicode_escapes__track1.trace	/tmp/skv12-pin-p1/xctrace/capture_status.tsv	"cd /Users/mkbabb/Programming/bbnf-lang/skinny && xctrace record --template ""Time Profiler"" --output /tmp/skv12-pin-p1/direct-xctrace/time-profiler-v2/unicode_escapes__track1.trace --no-prompt --time-limit 2000ms --launch -- /tmp/skv12-pin-profile-target-cf7848b2/release/profile_direct 20000 unicode_escapes track1"	status=PASS rc=54 stdout=/tmp/skv12-pin-p1/logs/xctrace-time-profiler-product-v2-direct-unicode_escapes-track1.out stderr=/tmp/skv12-pin-p1/logs/xctrace-time-profiler-product-v2-direct-unicode_escapes-track1.err
xctrace-time-profiler-product-v2	xctrace-time-profiler-v2-direct	direct	unicode_escapes	track2	/Users/mkbabb/Programming/bbnf-lang/skinny	/tmp/skv12-pin-p1/direct-xctrace/time-profiler-v2/unicode_escapes__track2.trace	/tmp/skv12-pin-p1/xctrace/capture_status.tsv	"cd /Users/mkbabb/Programming/bbnf-lang/skinny && xctrace record --template ""Time Profiler"" --output /tmp/skv12-pin-p1/direct-xctrace/time-profiler-v2/unicode_escapes__track2.trace --no-prompt --time-limit 2000ms --launch -- /tmp/skv12-pin-profile-target-cf7848b2/release/profile_direct 20000 unicode_escapes track2"	status=PASS rc=54 stdout=/tmp/skv12-pin-p1/logs/xctrace-time-profiler-product-v2-direct-unicode_escapes-track2.out stderr=/tmp/skv12-pin-p1/logs/xctrace-time-profiler-product-v2-direct-unicode_escapes-track2.err
xctrace-time-profiler-product-v2	xctrace-time-profiler-v2-direct	direct	unicode_mixed	track1	/Users/mkbabb/Programming/bbnf-lang/skinny	/tmp/skv12-pin-p1/direct-xctrace/time-profiler-v2/unicode_mixed__track1.trace	/tmp/skv12-pin-p1/xctrace/capture_status.tsv	"cd /Users/mkbabb/Programming/bbnf-lang/skinny && xctrace record --template ""Time Profiler"" --output /tmp/skv12-pin-p1/direct-xctrace/time-profiler-v2/unicode_mixed__track1.trace --no-prompt --time-limit 2000ms --launch -- /tmp/skv12-pin-profile-target-cf7848b2/release/profile_direct 20000 unicode_mixed track1"	status=PASS rc=54 stdout=/tmp/skv12-pin-p1/logs/xctrace-time-profiler-product-v2-direct-unicode_mixed-track1.out stderr=/tmp/skv12-pin-p1/logs/xctrace-time-profiler-product-v2-direct-unicode_mixed-track1.err
xctrace-time-profiler-product-v2	xctrace-time-profiler-v2-direct	direct	unicode_mixed	track2	/Users/mkbabb/Programming/bbnf-lang/skinny	/tmp/skv12-pin-p1/direct-xctrace/time-profiler-v2/unicode_mixed__track2.trace	/tmp/skv12-pin-p1/xctrace/capture_status.tsv	"cd /Users/mkbabb/Programming/bbnf-lang/skinny && xctrace record --template ""Time Profiler"" --output /tmp/skv12-pin-p1/direct-xctrace/time-profiler-v2/unicode_mixed__track2.trace --no-prompt --time-limit 2000ms --launch -- /tmp/skv12-pin-profile-target-cf7848b2/release/profile_direct 20000 unicode_mixed track2"	status=PASS rc=54 stdout=/tmp/skv12-pin-p1/logs/xctrace-time-profiler-product-v2-direct-unicode_mixed-track2.out stderr=/tmp/skv12-pin-p1/logs/xctrace-time-profiler-product-v2-direct-unicode_mixed-track2.err
xctrace-time-profiler-product-v2	xctrace-time-profiler-v2-direct	direct	update_center	track1	/Users/mkbabb/Programming/bbnf-lang/skinny	/tmp/skv12-pin-p1/direct-xctrace/time-profiler-v2/update_center__track1.trace	/tmp/skv12-pin-p1/xctrace/capture_status.tsv	"cd /Users/mkbabb/Programming/bbnf-lang/skinny && xctrace record --template ""Time Profiler"" --output /tmp/skv12-pin-p1/direct-xctrace/time-profiler-v2/update_center__track1.trace --no-prompt --time-limit 2000ms --launch -- /tmp/skv12-pin-profile-target-cf7848b2/release/profile_direct 20000 update-center track1"	status=PASS rc=54 stdout=/tmp/skv12-pin-p1/logs/xctrace-time-profiler-product-v2-direct-update_center-track1.out stderr=/tmp/skv12-pin-p1/logs/xctrace-time-profiler-product-v2-direct-update_center-track1.err
xctrace-time-profiler-product-v2	xctrace-time-profiler-v2-direct	direct	update_center	track2	/Users/mkbabb/Programming/bbnf-lang/skinny	/tmp/skv12-pin-p1/direct-xctrace/time-profiler-v2/update_center__track2.trace	/tmp/skv12-pin-p1/xctrace/capture_status.tsv	"cd /Users/mkbabb/Programming/bbnf-lang/skinny && xctrace record --template ""Time Profiler"" --output /tmp/skv12-pin-p1/direct-xctrace/time-profiler-v2/update_center__track2.trace --no-prompt --time-limit 2000ms --launch -- /tmp/skv12-pin-profile-target-cf7848b2/release/profile_direct 20000 update-center track2"	status=PASS rc=54 stdout=/tmp/skv12-pin-p1/logs/xctrace-time-profiler-product-v2-direct-update_center-track2.out stderr=/tmp/skv12-pin-p1/logs/xctrace-time-profiler-product-v2-direct-update_center-track2.err
xctrace-time-profiler-product-v2	xctrace-time-profiler-v2-direct	direct	y_string_unicode	track1	/Users/mkbabb/Programming/bbnf-lang/skinny	/tmp/skv12-pin-p1/direct-xctrace/time-profiler-v2/y_string_unicode__track1.trace	/tmp/skv12-pin-p1/xctrace/capture_status.tsv	"cd /Users/mkbabb/Programming/bbnf-lang/skinny && xctrace record --template ""Time Profiler"" --output /tmp/skv12-pin-p1/direct-xctrace/time-profiler-v2/y_string_unicode__track1.trace --no-prompt --time-limit 2000ms --launch -- /tmp/skv12-pin-profile-target-cf7848b2/release/profile_direct 20000 y_string_unicode track1"	status=PASS rc=0 stdout=/tmp/skv12-pin-p1/logs/xctrace-time-profiler-product-v2-direct-y_string_unicode-track1.out stderr=/tmp/skv12-pin-p1/logs/xctrace-time-profiler-product-v2-direct-y_string_unicode-track1.err
xctrace-time-profiler-product-v2	xctrace-time-profiler-v2-direct	direct	y_string_unicode	track2	/Users/mkbabb/Programming/bbnf-lang/skinny	/tmp/skv12-pin-p1/direct-xctrace/time-profiler-v2/y_string_unicode__track2.trace	/tmp/skv12-pin-p1/xctrace/capture_status.tsv	"cd /Users/mkbabb/Programming/bbnf-lang/skinny && xctrace record --template ""Time Profiler"" --output /tmp/skv12-pin-p1/direct-xctrace/time-profiler-v2/y_string_unicode__track2.trace --no-prompt --time-limit 2000ms --launch -- /tmp/skv12-pin-profile-target-cf7848b2/release/profile_direct 20000 y_string_unicode track2"	status=PASS rc=0 stdout=/tmp/skv12-pin-p1/logs/xctrace-time-profiler-product-v2-direct-y_string_unicode-track2.out stderr=/tmp/skv12-pin-p1/logs/xctrace-time-profiler-product-v2-direct-y_string_unicode-track2.err
xctrace-time-profiler-product-v2	xctrace-time-profiler-v2-typed	typed	apache_builds	real_typed_track1	/Users/mkbabb/Programming/bbnf-lang/skinny	/tmp/skv12-pin-p1/direct-xctrace/time-profiler-v2/apache_builds__real_typed_track1.trace	/tmp/skv12-pin-p1/xctrace/capture_status.tsv	"cd /Users/mkbabb/Programming/bbnf-lang/skinny && xctrace record --template ""Time Profiler"" --output /tmp/skv12-pin-p1/direct-xctrace/time-profiler-v2/apache_builds__real_typed_track1.trace --no-prompt --time-limit 2000ms --launch -- /tmp/skv12-pin-profile-target-cf7848b2/release/profile_direct 20000 apache_builds real_typed_track1"	status=PASS rc=54 stdout=/tmp/skv12-pin-p1/logs/xctrace-time-profiler-product-v2-typed-apache_builds-real_typed_track1.out stderr=/tmp/skv12-pin-p1/logs/xctrace-time-profiler-product-v2-typed-apache_builds-real_typed_track1.err
xctrace-time-profiler-product-v2	xctrace-time-profiler-v2-typed	typed	apache_builds	real_typed_track2	/Users/mkbabb/Programming/bbnf-lang/skinny	/tmp/skv12-pin-p1/direct-xctrace/time-profiler-v2/apache_builds__real_typed_track2.trace	/tmp/skv12-pin-p1/xctrace/capture_status.tsv	"cd /Users/mkbabb/Programming/bbnf-lang/skinny && xctrace record --template ""Time Profiler"" --output /tmp/skv12-pin-p1/direct-xctrace/time-profiler-v2/apache_builds__real_typed_track2.trace --no-prompt --time-limit 2000ms --launch -- /tmp/skv12-pin-profile-target-cf7848b2/release/profile_direct 20000 apache_builds real_typed_track2"	status=PASS rc=54 stdout=/tmp/skv12-pin-p1/logs/xctrace-time-profiler-product-v2-typed-apache_builds-real_typed_track2.out stderr=/tmp/skv12-pin-p1/logs/xctrace-time-profiler-product-v2-typed-apache_builds-real_typed_track2.err
xctrace-time-profiler-product-v2	xctrace-time-profiler-v2-typed	typed	citm_catalog	real_typed_track1	/Users/mkbabb/Programming/bbnf-lang/skinny	/tmp/skv12-pin-p1/direct-xctrace/time-profiler-v2/citm_catalog__real_typed_track1.trace	/tmp/skv12-pin-p1/xctrace/capture_status.tsv	"cd /Users/mkbabb/Programming/bbnf-lang/skinny && xctrace record --template ""Time Profiler"" --output /tmp/skv12-pin-p1/direct-xctrace/time-profiler-v2/citm_catalog__real_typed_track1.trace --no-prompt --time-limit 2000ms --launch -- /tmp/skv12-pin-profile-target-cf7848b2/release/profile_direct 20000 citm_catalog real_typed_track1"	status=PASS rc=54 stdout=/tmp/skv12-pin-p1/logs/xctrace-time-profiler-product-v2-typed-citm_catalog-real_typed_track1.out stderr=/tmp/skv12-pin-p1/logs/xctrace-time-profiler-product-v2-typed-citm_catalog-real_typed_track1.err
xctrace-time-profiler-product-v2	xctrace-time-profiler-v2-typed	typed	citm_catalog	real_typed_track2	/Users/mkbabb/Programming/bbnf-lang/skinny	/tmp/skv12-pin-p1/direct-xctrace/time-profiler-v2/citm_catalog__real_typed_track2.trace	/tmp/skv12-pin-p1/xctrace/capture_status.tsv	"cd /Users/mkbabb/Programming/bbnf-lang/skinny && xctrace record --template ""Time Profiler"" --output /tmp/skv12-pin-p1/direct-xctrace/time-profiler-v2/citm_catalog__real_typed_track2.trace --no-prompt --time-limit 2000ms --launch -- /tmp/skv12-pin-profile-target-cf7848b2/release/profile_direct 20000 citm_catalog real_typed_track2"	status=PASS rc=54 stdout=/tmp/skv12-pin-p1/logs/xctrace-time-profiler-product-v2-typed-citm_catalog-real_typed_track2.out stderr=/tmp/skv12-pin-p1/logs/xctrace-time-profiler-product-v2-typed-citm_catalog-real_typed_track2.err
xctrace-time-profiler-product-v2	xctrace-time-profiler-v2-typed	typed	github_events	real_typed_track1	/Users/mkbabb/Programming/bbnf-lang/skinny	/tmp/skv12-pin-p1/direct-xctrace/time-profiler-v2/github_events__real_typed_track1.trace	/tmp/skv12-pin-p1/xctrace/capture_status.tsv	"cd /Users/mkbabb/Programming/bbnf-lang/skinny && xctrace record --template ""Time Profiler"" --output /tmp/skv12-pin-p1/direct-xctrace/time-profiler-v2/github_events__real_typed_track1.trace --no-prompt --time-limit 2000ms --launch -- /tmp/skv12-pin-profile-target-cf7848b2/release/profile_direct 20000 github_events real_typed_track1"	status=PASS rc=0 stdout=/tmp/skv12-pin-p1/logs/xctrace-time-profiler-product-v2-typed-github_events-real_typed_track1.out stderr=/tmp/skv12-pin-p1/logs/xctrace-time-profiler-product-v2-typed-github_events-real_typed_track1.err
xctrace-time-profiler-product-v2	xctrace-time-profiler-v2-typed	typed	github_events	real_typed_track2	/Users/mkbabb/Programming/bbnf-lang/skinny	/tmp/skv12-pin-p1/direct-xctrace/time-profiler-v2/github_events__real_typed_track2.trace	/tmp/skv12-pin-p1/xctrace/capture_status.tsv	"cd /Users/mkbabb/Programming/bbnf-lang/skinny && xctrace record --template ""Time Profiler"" --output /tmp/skv12-pin-p1/direct-xctrace/time-profiler-v2/github_events__real_typed_track2.trace --no-prompt --time-limit 2000ms --launch -- /tmp/skv12-pin-profile-target-cf7848b2/release/profile_direct 20000 github_events real_typed_track2"	status=PASS rc=0 stdout=/tmp/skv12-pin-p1/logs/xctrace-time-profiler-product-v2-typed-github_events-real_typed_track2.out stderr=/tmp/skv12-pin-p1/logs/xctrace-time-profiler-product-v2-typed-github_events-real_typed_track2.err
xctrace-time-profiler-product-v2	xctrace-time-profiler-v2-typed	typed	marine_ik	real_typed_track1	/Users/mkbabb/Programming/bbnf-lang/skinny	/tmp/skv12-pin-p1/direct-xctrace/time-profiler-v2/marine_ik__real_typed_track1.trace	/tmp/skv12-pin-p1/xctrace/capture_status.tsv	"cd /Users/mkbabb/Programming/bbnf-lang/skinny && xctrace record --template ""Time Profiler"" --output /tmp/skv12-pin-p1/direct-xctrace/time-profiler-v2/marine_ik__real_typed_track1.trace --no-prompt --time-limit 2000ms --launch -- /tmp/skv12-pin-profile-target-cf7848b2/release/profile_direct 20000 marine_ik real_typed_track1"	status=PASS rc=54 stdout=/tmp/skv12-pin-p1/logs/xctrace-time-profiler-product-v2-typed-marine_ik-real_typed_track1.out stderr=/tmp/skv12-pin-p1/logs/xctrace-time-profiler-product-v2-typed-marine_ik-real_typed_track1.err
xctrace-time-profiler-product-v2	xctrace-time-profiler-v2-typed	typed	marine_ik	real_typed_track2	/Users/mkbabb/Programming/bbnf-lang/skinny	/tmp/skv12-pin-p1/direct-xctrace/time-profiler-v2/marine_ik__real_typed_track2.trace	/tmp/skv12-pin-p1/xctrace/capture_status.tsv	"cd /Users/mkbabb/Programming/bbnf-lang/skinny && xctrace record --template ""Time Profiler"" --output /tmp/skv12-pin-p1/direct-xctrace/time-profiler-v2/marine_ik__real_typed_track2.trace --no-prompt --time-limit 2000ms --launch -- /tmp/skv12-pin-profile-target-cf7848b2/release/profile_direct 20000 marine_ik real_typed_track2"	status=PASS rc=54 stdout=/tmp/skv12-pin-p1/logs/xctrace-time-profiler-product-v2-typed-marine_ik-real_typed_track2.out stderr=/tmp/skv12-pin-p1/logs/xctrace-time-profiler-product-v2-typed-marine_ik-real_typed_track2.err
xctrace-time-profiler-product-v2	xctrace-time-profiler-v2-typed	typed	mesh	real_typed_track1	/Users/mkbabb/Programming/bbnf-lang/skinny	/tmp/skv12-pin-p1/direct-xctrace/time-profiler-v2/mesh__real_typed_track1.trace	/tmp/skv12-pin-p1/xctrace/capture_status.tsv	"cd /Users/mkbabb/Programming/bbnf-lang/skinny && xctrace record --template ""Time Profiler"" --output /tmp/skv12-pin-p1/direct-xctrace/time-profiler-v2/mesh__real_typed_track1.trace --no-prompt --time-limit 2000ms --launch -- /tmp/skv12-pin-profile-target-cf7848b2/release/profile_direct 20000 mesh real_typed_track1"	status=PASS rc=54 stdout=/tmp/skv12-pin-p1/logs/xctrace-time-profiler-product-v2-typed-mesh-real_typed_track1.out stderr=/tmp/skv12-pin-p1/logs/xctrace-time-profiler-product-v2-typed-mesh-real_typed_track1.err
xctrace-time-profiler-product-v2	xctrace-time-profiler-v2-typed	typed	mesh	real_typed_track2	/Users/mkbabb/Programming/bbnf-lang/skinny	/tmp/skv12-pin-p1/direct-xctrace/time-profiler-v2/mesh__real_typed_track2.trace	/tmp/skv12-pin-p1/xctrace/capture_status.tsv	"cd /Users/mkbabb/Programming/bbnf-lang/skinny && xctrace record --template ""Time Profiler"" --output /tmp/skv12-pin-p1/direct-xctrace/time-profiler-v2/mesh__real_typed_track2.trace --no-prompt --time-limit 2000ms --launch -- /tmp/skv12-pin-profile-target-cf7848b2/release/profile_direct 20000 mesh real_typed_track2"	status=PASS rc=54 stdout=/tmp/skv12-pin-p1/logs/xctrace-time-profiler-product-v2-typed-mesh-real_typed_track2.out stderr=/tmp/skv12-pin-p1/logs/xctrace-time-profiler-product-v2-typed-mesh-real_typed_track2.err
xctrace-time-profiler-product-v2	xctrace-time-profiler-v2-typed	typed	twitter	real_typed_track1	/Users/mkbabb/Programming/bbnf-lang/skinny	/tmp/skv12-pin-p1/direct-xctrace/time-profiler-v2/twitter__real_typed_track1.trace	/tmp/skv12-pin-p1/xctrace/capture_status.tsv	"cd /Users/mkbabb/Programming/bbnf-lang/skinny && xctrace record --template ""Time Profiler"" --output /tmp/skv12-pin-p1/direct-xctrace/time-profiler-v2/twitter__real_typed_track1.trace --no-prompt --time-limit 2000ms --launch -- /tmp/skv12-pin-profile-target-cf7848b2/release/profile_direct 20000 twitter real_typed_track1"	status=PASS rc=54 stdout=/tmp/skv12-pin-p1/logs/xctrace-time-profiler-product-v2-typed-twitter-real_typed_track1.out stderr=/tmp/skv12-pin-p1/logs/xctrace-time-profiler-product-v2-typed-twitter-real_typed_track1.err
xctrace-time-profiler-product-v2	xctrace-time-profiler-v2-typed	typed	twitter	real_typed_track2	/Users/mkbabb/Programming/bbnf-lang/skinny	/tmp/skv12-pin-p1/direct-xctrace/time-profiler-v2/twitter__real_typed_track2.trace	/tmp/skv12-pin-p1/xctrace/capture_status.tsv	"cd /Users/mkbabb/Programming/bbnf-lang/skinny && xctrace record --template ""Time Profiler"" --output /tmp/skv12-pin-p1/direct-xctrace/time-profiler-v2/twitter__real_typed_track2.trace --no-prompt --time-limit 2000ms --launch -- /tmp/skv12-pin-profile-target-cf7848b2/release/profile_direct 20000 twitter real_typed_track2"	status=PASS rc=54 stdout=/tmp/skv12-pin-p1/logs/xctrace-time-profiler-product-v2-typed-twitter-real_typed_track2.out stderr=/tmp/skv12-pin-p1/logs/xctrace-time-profiler-product-v2-typed-twitter-real_typed_track2.err
xctrace-time-profiler-product-v2	xctrace-time-profiler-v2-typed	typed	update_center	real_typed_track1	/Users/mkbabb/Programming/bbnf-lang/skinny	/tmp/skv12-pin-p1/direct-xctrace/time-profiler-v2/update_center__real_typed_track1.trace	/tmp/skv12-pin-p1/xctrace/capture_status.tsv	"cd /Users/mkbabb/Programming/bbnf-lang/skinny && xctrace record --template ""Time Profiler"" --output /tmp/skv12-pin-p1/direct-xctrace/time-profiler-v2/update_center__real_typed_track1.trace --no-prompt --time-limit 2000ms --launch -- /tmp/skv12-pin-profile-target-cf7848b2/release/profile_direct 20000 update-center real_typed_track1"	status=PASS rc=54 stdout=/tmp/skv12-pin-p1/logs/xctrace-time-profiler-product-v2-typed-update_center-real_typed_track1.out stderr=/tmp/skv12-pin-p1/logs/xctrace-time-profiler-product-v2-typed-update_center-real_typed_track1.err
xctrace-time-profiler-product-v2	xctrace-time-profiler-v2-typed	typed	update_center	real_typed_track2	/Users/mkbabb/Programming/bbnf-lang/skinny	/tmp/skv12-pin-p1/direct-xctrace/time-profiler-v2/update_center__real_typed_track2.trace	/tmp/skv12-pin-p1/xctrace/capture_status.tsv	"cd /Users/mkbabb/Programming/bbnf-lang/skinny && xctrace record --template ""Time Profiler"" --output /tmp/skv12-pin-p1/direct-xctrace/time-profiler-v2/update_center__real_typed_track2.trace --no-prompt --time-limit 2000ms --launch -- /tmp/skv12-pin-profile-target-cf7848b2/release/profile_direct 20000 update-center real_typed_track2"	status=PASS rc=54 stdout=/tmp/skv12-pin-p1/logs/xctrace-time-profiler-product-v2-typed-update_center-real_typed_track2.out stderr=/tmp/skv12-pin-p1/logs/xctrace-time-profiler-product-v2-typed-update_center-real_typed_track2.err
xctrace-export	time-profiler-export	parse	apache_builds	track1	/Users/mkbabb/Programming/bbnf-lang/skinny	/tmp/skv12-pin-p1/parse-xctrace/exports/apache_builds__track1.time-profile.xml	/tmp/skv12-pin-p1/time_profile_export_status.tsv	"cd /Users/mkbabb/Programming/bbnf-lang/skinny && xctrace export --input /tmp/skv12-pin-p1/parse-xctrace/time-profiler/apache_builds__track1.trace --xpath '/trace-toc/run[@number=""1""]/data/table[@schema=""time-profile""]' > /tmp/skv12-pin-p1/parse-xctrace/exports/apache_builds__track1.time-profile.xml"	status=SKIP rc=0 already-present XML
xctrace-export	time-profiler-export	parse	apache_builds	track2	/Users/mkbabb/Programming/bbnf-lang/skinny	/tmp/skv12-pin-p1/parse-xctrace/exports/apache_builds__track2.time-profile.xml	/tmp/skv12-pin-p1/time_profile_export_status.tsv	"cd /Users/mkbabb/Programming/bbnf-lang/skinny && xctrace export --input /tmp/skv12-pin-p1/parse-xctrace/time-profiler/apache_builds__track2.trace --xpath '/trace-toc/run[@number=""1""]/data/table[@schema=""time-profile""]' > /tmp/skv12-pin-p1/parse-xctrace/exports/apache_builds__track2.time-profile.xml"	status=SKIP rc=0 already-present XML
xctrace-export	time-profiler-export	parse	canada	track1	/Users/mkbabb/Programming/bbnf-lang/skinny	/tmp/skv12-pin-p1/parse-xctrace/exports/canada__track1.time-profile.xml	/tmp/skv12-pin-p1/time_profile_export_status.tsv	"cd /Users/mkbabb/Programming/bbnf-lang/skinny && xctrace export --input /tmp/skv12-pin-p1/parse-xctrace/time-profiler/canada__track1.trace --xpath '/trace-toc/run[@number=""1""]/data/table[@schema=""time-profile""]' > /tmp/skv12-pin-p1/parse-xctrace/exports/canada__track1.time-profile.xml"	status=SKIP rc=0 already-present XML
xctrace-export	time-profiler-export	parse	canada	track2	/Users/mkbabb/Programming/bbnf-lang/skinny	/tmp/skv12-pin-p1/parse-xctrace/exports/canada__track2.time-profile.xml	/tmp/skv12-pin-p1/time_profile_export_status.tsv	"cd /Users/mkbabb/Programming/bbnf-lang/skinny && xctrace export --input /tmp/skv12-pin-p1/parse-xctrace/time-profiler/canada__track2.trace --xpath '/trace-toc/run[@number=""1""]/data/table[@schema=""time-profile""]' > /tmp/skv12-pin-p1/parse-xctrace/exports/canada__track2.time-profile.xml"	status=SKIP rc=0 already-present XML
xctrace-export	time-profiler-export	parse	citm_catalog	track1	/Users/mkbabb/Programming/bbnf-lang/skinny	/tmp/skv12-pin-p1/parse-xctrace/exports/citm_catalog__track1.time-profile.xml	/tmp/skv12-pin-p1/time_profile_export_status.tsv	"cd /Users/mkbabb/Programming/bbnf-lang/skinny && xctrace export --input /tmp/skv12-pin-p1/parse-xctrace/time-profiler/citm_catalog__track1.trace --xpath '/trace-toc/run[@number=""1""]/data/table[@schema=""time-profile""]' > /tmp/skv12-pin-p1/parse-xctrace/exports/citm_catalog__track1.time-profile.xml"	status=SKIP rc=0 already-present XML
xctrace-export	time-profiler-export	parse	citm_catalog	track2	/Users/mkbabb/Programming/bbnf-lang/skinny	/tmp/skv12-pin-p1/parse-xctrace/exports/citm_catalog__track2.time-profile.xml	/tmp/skv12-pin-p1/time_profile_export_status.tsv	"cd /Users/mkbabb/Programming/bbnf-lang/skinny && xctrace export --input /tmp/skv12-pin-p1/parse-xctrace/time-profiler/citm_catalog__track2.trace --xpath '/trace-toc/run[@number=""1""]/data/table[@schema=""time-profile""]' > /tmp/skv12-pin-p1/parse-xctrace/exports/citm_catalog__track2.time-profile.xml"	status=SKIP rc=0 already-present XML
xctrace-export	time-profiler-export	parse	distinct_values	track1	/Users/mkbabb/Programming/bbnf-lang/skinny	/tmp/skv12-pin-p1/parse-xctrace/exports/distinct_values__track1.time-profile.xml	/tmp/skv12-pin-p1/time_profile_export_status.tsv	"cd /Users/mkbabb/Programming/bbnf-lang/skinny && xctrace export --input /tmp/skv12-pin-p1/parse-xctrace/time-profiler/distinct_values__track1.trace --xpath '/trace-toc/run[@number=""1""]/data/table[@schema=""time-profile""]' > /tmp/skv12-pin-p1/parse-xctrace/exports/distinct_values__track1.time-profile.xml"	status=SKIP rc=0 already-present XML
xctrace-export	time-profiler-export	parse	distinct_values	track2	/Users/mkbabb/Programming/bbnf-lang/skinny	/tmp/skv12-pin-p1/parse-xctrace/exports/distinct_values__track2.time-profile.xml	/tmp/skv12-pin-p1/time_profile_export_status.tsv	"cd /Users/mkbabb/Programming/bbnf-lang/skinny && xctrace export --input /tmp/skv12-pin-p1/parse-xctrace/time-profiler/distinct_values__track2.trace --xpath '/trace-toc/run[@number=""1""]/data/table[@schema=""time-profile""]' > /tmp/skv12-pin-p1/parse-xctrace/exports/distinct_values__track2.time-profile.xml"	status=SKIP rc=0 already-present XML
xctrace-export	time-profiler-export	parse	github_events	track1	/Users/mkbabb/Programming/bbnf-lang/skinny	/tmp/skv12-pin-p1/parse-xctrace/exports/github_events__track1.time-profile.xml	/tmp/skv12-pin-p1/time_profile_export_status.tsv	"cd /Users/mkbabb/Programming/bbnf-lang/skinny && xctrace export --input /tmp/skv12-pin-p1/parse-xctrace/time-profiler/github_events__track1.trace --xpath '/trace-toc/run[@number=""1""]/data/table[@schema=""time-profile""]' > /tmp/skv12-pin-p1/parse-xctrace/exports/github_events__track1.time-profile.xml"	status=SKIP rc=0 already-present XML
xctrace-export	time-profiler-export	parse	github_events	track2	/Users/mkbabb/Programming/bbnf-lang/skinny	/tmp/skv12-pin-p1/parse-xctrace/exports/github_events__track2.time-profile.xml	/tmp/skv12-pin-p1/time_profile_export_status.tsv	"cd /Users/mkbabb/Programming/bbnf-lang/skinny && xctrace export --input /tmp/skv12-pin-p1/parse-xctrace/time-profiler/github_events__track2.trace --xpath '/trace-toc/run[@number=""1""]/data/table[@schema=""time-profile""]' > /tmp/skv12-pin-p1/parse-xctrace/exports/github_events__track2.time-profile.xml"	status=SKIP rc=0 already-present XML
xctrace-export	time-profiler-export	parse	gsoc-2018	track1	/Users/mkbabb/Programming/bbnf-lang/skinny	/tmp/skv12-pin-p1/parse-xctrace/exports/gsoc-2018__track1.time-profile.xml	/tmp/skv12-pin-p1/time_profile_export_status.tsv	"cd /Users/mkbabb/Programming/bbnf-lang/skinny && xctrace export --input /tmp/skv12-pin-p1/parse-xctrace/time-profiler/gsoc-2018__track1.trace --xpath '/trace-toc/run[@number=""1""]/data/table[@schema=""time-profile""]' > /tmp/skv12-pin-p1/parse-xctrace/exports/gsoc-2018__track1.time-profile.xml"	status=SKIP rc=0 already-present XML
xctrace-export	time-profiler-export	parse	gsoc-2018	track2	/Users/mkbabb/Programming/bbnf-lang/skinny	/tmp/skv12-pin-p1/parse-xctrace/exports/gsoc-2018__track2.time-profile.xml	/tmp/skv12-pin-p1/time_profile_export_status.tsv	"cd /Users/mkbabb/Programming/bbnf-lang/skinny && xctrace export --input /tmp/skv12-pin-p1/parse-xctrace/time-profiler/gsoc-2018__track2.trace --xpath '/trace-toc/run[@number=""1""]/data/table[@schema=""time-profile""]' > /tmp/skv12-pin-p1/parse-xctrace/exports/gsoc-2018__track2.time-profile.xml"	status=SKIP rc=0 already-present XML
xctrace-export	time-profiler-export	parse	instruments	track1	/Users/mkbabb/Programming/bbnf-lang/skinny	/tmp/skv12-pin-p1/parse-xctrace/exports/instruments__track1.time-profile.xml	/tmp/skv12-pin-p1/time_profile_export_status.tsv	"cd /Users/mkbabb/Programming/bbnf-lang/skinny && xctrace export --input /tmp/skv12-pin-p1/parse-xctrace/time-profiler/instruments__track1.trace --xpath '/trace-toc/run[@number=""1""]/data/table[@schema=""time-profile""]' > /tmp/skv12-pin-p1/parse-xctrace/exports/instruments__track1.time-profile.xml"	status=SKIP rc=0 already-present XML
xctrace-export	time-profiler-export	parse	instruments	track2	/Users/mkbabb/Programming/bbnf-lang/skinny	/tmp/skv12-pin-p1/parse-xctrace/exports/instruments__track2.time-profile.xml	/tmp/skv12-pin-p1/time_profile_export_status.tsv	"cd /Users/mkbabb/Programming/bbnf-lang/skinny && xctrace export --input /tmp/skv12-pin-p1/parse-xctrace/time-profiler/instruments__track2.trace --xpath '/trace-toc/run[@number=""1""]/data/table[@schema=""time-profile""]' > /tmp/skv12-pin-p1/parse-xctrace/exports/instruments__track2.time-profile.xml"	status=SKIP rc=0 already-present XML
xctrace-export	time-profiler-export	parse	marine_ik	track1	/Users/mkbabb/Programming/bbnf-lang/skinny	/tmp/skv12-pin-p1/parse-xctrace/exports/marine_ik__track1.time-profile.xml	/tmp/skv12-pin-p1/time_profile_export_status.tsv	"cd /Users/mkbabb/Programming/bbnf-lang/skinny && xctrace export --input /tmp/skv12-pin-p1/parse-xctrace/time-profiler/marine_ik__track1.trace --xpath '/trace-toc/run[@number=""1""]/data/table[@schema=""time-profile""]' > /tmp/skv12-pin-p1/parse-xctrace/exports/marine_ik__track1.time-profile.xml"	status=SKIP rc=0 already-present XML
xctrace-export	time-profiler-export	parse	marine_ik	track2	/Users/mkbabb/Programming/bbnf-lang/skinny	/tmp/skv12-pin-p1/parse-xctrace/exports/marine_ik__track2.time-profile.xml	/tmp/skv12-pin-p1/time_profile_export_status.tsv	"cd /Users/mkbabb/Programming/bbnf-lang/skinny && xctrace export --input /tmp/skv12-pin-p1/parse-xctrace/time-profiler/marine_ik__track2.trace --xpath '/trace-toc/run[@number=""1""]/data/table[@schema=""time-profile""]' > /tmp/skv12-pin-p1/parse-xctrace/exports/marine_ik__track2.time-profile.xml"	status=SKIP rc=0 already-present XML
xctrace-export	time-profiler-export	parse	mesh	track1	/Users/mkbabb/Programming/bbnf-lang/skinny	/tmp/skv12-pin-p1/parse-xctrace/exports/mesh__track1.time-profile.xml	/tmp/skv12-pin-p1/time_profile_export_status.tsv	"cd /Users/mkbabb/Programming/bbnf-lang/skinny && xctrace export --input /tmp/skv12-pin-p1/parse-xctrace/time-profiler/mesh__track1.trace --xpath '/trace-toc/run[@number=""1""]/data/table[@schema=""time-profile""]' > /tmp/skv12-pin-p1/parse-xctrace/exports/mesh__track1.time-profile.xml"	status=SKIP rc=0 already-present XML
xctrace-export	time-profiler-export	parse	mesh	track2	/Users/mkbabb/Programming/bbnf-lang/skinny	/tmp/skv12-pin-p1/parse-xctrace/exports/mesh__track2.time-profile.xml	/tmp/skv12-pin-p1/time_profile_export_status.tsv	"cd /Users/mkbabb/Programming/bbnf-lang/skinny && xctrace export --input /tmp/skv12-pin-p1/parse-xctrace/time-profiler/mesh__track2.trace --xpath '/trace-toc/run[@number=""1""]/data/table[@schema=""time-profile""]' > /tmp/skv12-pin-p1/parse-xctrace/exports/mesh__track2.time-profile.xml"	status=SKIP rc=0 already-present XML
xctrace-export	time-profiler-export	parse	numbers	track1	/Users/mkbabb/Programming/bbnf-lang/skinny	/tmp/skv12-pin-p1/parse-xctrace/exports/numbers__track1.time-profile.xml	/tmp/skv12-pin-p1/time_profile_export_status.tsv	"cd /Users/mkbabb/Programming/bbnf-lang/skinny && xctrace export --input /tmp/skv12-pin-p1/parse-xctrace/time-profiler/numbers__track1.trace --xpath '/trace-toc/run[@number=""1""]/data/table[@schema=""time-profile""]' > /tmp/skv12-pin-p1/parse-xctrace/exports/numbers__track1.time-profile.xml"	status=SKIP rc=0 already-present XML
xctrace-export	time-profiler-export	parse	numbers	track2	/Users/mkbabb/Programming/bbnf-lang/skinny	/tmp/skv12-pin-p1/parse-xctrace/exports/numbers__track2.time-profile.xml	/tmp/skv12-pin-p1/time_profile_export_status.tsv	"cd /Users/mkbabb/Programming/bbnf-lang/skinny && xctrace export --input /tmp/skv12-pin-p1/parse-xctrace/time-profiler/numbers__track2.trace --xpath '/trace-toc/run[@number=""1""]/data/table[@schema=""time-profile""]' > /tmp/skv12-pin-p1/parse-xctrace/exports/numbers__track2.time-profile.xml"	status=SKIP rc=0 already-present XML
xctrace-export	time-profiler-export	parse	random	track1	/Users/mkbabb/Programming/bbnf-lang/skinny	/tmp/skv12-pin-p1/parse-xctrace/exports/random__track1.time-profile.xml	/tmp/skv12-pin-p1/time_profile_export_status.tsv	"cd /Users/mkbabb/Programming/bbnf-lang/skinny && xctrace export --input /tmp/skv12-pin-p1/parse-xctrace/time-profiler/random__track1.trace --xpath '/trace-toc/run[@number=""1""]/data/table[@schema=""time-profile""]' > /tmp/skv12-pin-p1/parse-xctrace/exports/random__track1.time-profile.xml"	status=SKIP rc=0 already-present XML
xctrace-export	time-profiler-export	parse	random	track2	/Users/mkbabb/Programming/bbnf-lang/skinny	/tmp/skv12-pin-p1/parse-xctrace/exports/random__track2.time-profile.xml	/tmp/skv12-pin-p1/time_profile_export_status.tsv	"cd /Users/mkbabb/Programming/bbnf-lang/skinny && xctrace export --input /tmp/skv12-pin-p1/parse-xctrace/time-profiler/random__track2.trace --xpath '/trace-toc/run[@number=""1""]/data/table[@schema=""time-profile""]' > /tmp/skv12-pin-p1/parse-xctrace/exports/random__track2.time-profile.xml"	status=SKIP rc=0 already-present XML
xctrace-export	time-profiler-export	parse	twitter	track1	/Users/mkbabb/Programming/bbnf-lang/skinny	/tmp/skv12-pin-p1/parse-xctrace/exports/twitter__track1.time-profile.xml	/tmp/skv12-pin-p1/time_profile_export_status.tsv	"cd /Users/mkbabb/Programming/bbnf-lang/skinny && xctrace export --input /tmp/skv12-pin-p1/parse-xctrace/time-profiler/twitter__track1.trace --xpath '/trace-toc/run[@number=""1""]/data/table[@schema=""time-profile""]' > /tmp/skv12-pin-p1/parse-xctrace/exports/twitter__track1.time-profile.xml"	status=SKIP rc=0 already-present XML
xctrace-export	time-profiler-export	parse	twitter	track2	/Users/mkbabb/Programming/bbnf-lang/skinny	/tmp/skv12-pin-p1/parse-xctrace/exports/twitter__track2.time-profile.xml	/tmp/skv12-pin-p1/time_profile_export_status.tsv	"cd /Users/mkbabb/Programming/bbnf-lang/skinny && xctrace export --input /tmp/skv12-pin-p1/parse-xctrace/time-profiler/twitter__track2.trace --xpath '/trace-toc/run[@number=""1""]/data/table[@schema=""time-profile""]' > /tmp/skv12-pin-p1/parse-xctrace/exports/twitter__track2.time-profile.xml"	status=SKIP rc=0 already-present XML
xctrace-export	time-profiler-export	parse	unicode_basic	track1	/Users/mkbabb/Programming/bbnf-lang/skinny	/tmp/skv12-pin-p1/parse-xctrace/exports/unicode_basic__track1.time-profile.xml	/tmp/skv12-pin-p1/time_profile_export_status.tsv	"cd /Users/mkbabb/Programming/bbnf-lang/skinny && xctrace export --input /tmp/skv12-pin-p1/parse-xctrace/time-profiler/unicode_basic__track1.trace --xpath '/trace-toc/run[@number=""1""]/data/table[@schema=""time-profile""]' > /tmp/skv12-pin-p1/parse-xctrace/exports/unicode_basic__track1.time-profile.xml"	status=SKIP rc=0 already-present XML
xctrace-export	time-profiler-export	parse	unicode_basic	track2	/Users/mkbabb/Programming/bbnf-lang/skinny	/tmp/skv12-pin-p1/parse-xctrace/exports/unicode_basic__track2.time-profile.xml	/tmp/skv12-pin-p1/time_profile_export_status.tsv	"cd /Users/mkbabb/Programming/bbnf-lang/skinny && xctrace export --input /tmp/skv12-pin-p1/parse-xctrace/time-profiler/unicode_basic__track2.trace --xpath '/trace-toc/run[@number=""1""]/data/table[@schema=""time-profile""]' > /tmp/skv12-pin-p1/parse-xctrace/exports/unicode_basic__track2.time-profile.xml"	status=SKIP rc=0 already-present XML
xctrace-export	time-profiler-export	parse	unicode_escapes	track1	/Users/mkbabb/Programming/bbnf-lang/skinny	/tmp/skv12-pin-p1/parse-xctrace/exports/unicode_escapes__track1.time-profile.xml	/tmp/skv12-pin-p1/time_profile_export_status.tsv	"cd /Users/mkbabb/Programming/bbnf-lang/skinny && xctrace export --input /tmp/skv12-pin-p1/parse-xctrace/time-profiler/unicode_escapes__track1.trace --xpath '/trace-toc/run[@number=""1""]/data/table[@schema=""time-profile""]' > /tmp/skv12-pin-p1/parse-xctrace/exports/unicode_escapes__track1.time-profile.xml"	status=SKIP rc=0 already-present XML
xctrace-export	time-profiler-export	parse	unicode_escapes	track2	/Users/mkbabb/Programming/bbnf-lang/skinny	/tmp/skv12-pin-p1/parse-xctrace/exports/unicode_escapes__track2.time-profile.xml	/tmp/skv12-pin-p1/time_profile_export_status.tsv	"cd /Users/mkbabb/Programming/bbnf-lang/skinny && xctrace export --input /tmp/skv12-pin-p1/parse-xctrace/time-profiler/unicode_escapes__track2.trace --xpath '/trace-toc/run[@number=""1""]/data/table[@schema=""time-profile""]' > /tmp/skv12-pin-p1/parse-xctrace/exports/unicode_escapes__track2.time-profile.xml"	status=SKIP rc=0 already-present XML
xctrace-export	time-profiler-export	parse	unicode_mixed	track1	/Users/mkbabb/Programming/bbnf-lang/skinny	/tmp/skv12-pin-p1/parse-xctrace/exports/unicode_mixed__track1.time-profile.xml	/tmp/skv12-pin-p1/time_profile_export_status.tsv	"cd /Users/mkbabb/Programming/bbnf-lang/skinny && xctrace export --input /tmp/skv12-pin-p1/parse-xctrace/time-profiler/unicode_mixed__track1.trace --xpath '/trace-toc/run[@number=""1""]/data/table[@schema=""time-profile""]' > /tmp/skv12-pin-p1/parse-xctrace/exports/unicode_mixed__track1.time-profile.xml"	status=SKIP rc=0 already-present XML
xctrace-export	time-profiler-export	parse	unicode_mixed	track2	/Users/mkbabb/Programming/bbnf-lang/skinny	/tmp/skv12-pin-p1/parse-xctrace/exports/unicode_mixed__track2.time-profile.xml	/tmp/skv12-pin-p1/time_profile_export_status.tsv	"cd /Users/mkbabb/Programming/bbnf-lang/skinny && xctrace export --input /tmp/skv12-pin-p1/parse-xctrace/time-profiler/unicode_mixed__track2.trace --xpath '/trace-toc/run[@number=""1""]/data/table[@schema=""time-profile""]' > /tmp/skv12-pin-p1/parse-xctrace/exports/unicode_mixed__track2.time-profile.xml"	status=SKIP rc=0 already-present XML
xctrace-export	time-profiler-export	parse	update_center	track1	/Users/mkbabb/Programming/bbnf-lang/skinny	/tmp/skv12-pin-p1/parse-xctrace/exports/update_center__track1.time-profile.xml	/tmp/skv12-pin-p1/time_profile_export_status.tsv	"cd /Users/mkbabb/Programming/bbnf-lang/skinny && xctrace export --input /tmp/skv12-pin-p1/parse-xctrace/time-profiler/update_center__track1.trace --xpath '/trace-toc/run[@number=""1""]/data/table[@schema=""time-profile""]' > /tmp/skv12-pin-p1/parse-xctrace/exports/update_center__track1.time-profile.xml"	status=SKIP rc=0 already-present XML
xctrace-export	time-profiler-export	parse	update_center	track2	/Users/mkbabb/Programming/bbnf-lang/skinny	/tmp/skv12-pin-p1/parse-xctrace/exports/update_center__track2.time-profile.xml	/tmp/skv12-pin-p1/time_profile_export_status.tsv	"cd /Users/mkbabb/Programming/bbnf-lang/skinny && xctrace export --input /tmp/skv12-pin-p1/parse-xctrace/time-profiler/update_center__track2.trace --xpath '/trace-toc/run[@number=""1""]/data/table[@schema=""time-profile""]' > /tmp/skv12-pin-p1/parse-xctrace/exports/update_center__track2.time-profile.xml"	status=SKIP rc=0 already-present XML
xctrace-export	time-profiler-export	parse	y_string_unicode	track1	/Users/mkbabb/Programming/bbnf-lang/skinny	/tmp/skv12-pin-p1/parse-xctrace/exports/y_string_unicode__track1.time-profile.xml	/tmp/skv12-pin-p1/time_profile_export_status.tsv	"cd /Users/mkbabb/Programming/bbnf-lang/skinny && xctrace export --input /tmp/skv12-pin-p1/parse-xctrace/time-profiler/y_string_unicode__track1.trace --xpath '/trace-toc/run[@number=""1""]/data/table[@schema=""time-profile""]' > /tmp/skv12-pin-p1/parse-xctrace/exports/y_string_unicode__track1.time-profile.xml"	status=SKIP rc=0 already-present XML
xctrace-export	time-profiler-export	parse	y_string_unicode	track2	/Users/mkbabb/Programming/bbnf-lang/skinny	/tmp/skv12-pin-p1/parse-xctrace/exports/y_string_unicode__track2.time-profile.xml	/tmp/skv12-pin-p1/time_profile_export_status.tsv	"cd /Users/mkbabb/Programming/bbnf-lang/skinny && xctrace export --input /tmp/skv12-pin-p1/parse-xctrace/time-profiler/y_string_unicode__track2.trace --xpath '/trace-toc/run[@number=""1""]/data/table[@schema=""time-profile""]' > /tmp/skv12-pin-p1/parse-xctrace/exports/y_string_unicode__track2.time-profile.xml"	status=SKIP rc=0 already-present XML
xctrace-export	time-profiler-export	typed	apache_builds	real_typed_track1	/Users/mkbabb/Programming/bbnf-lang/skinny	/tmp/skv12-pin-p1/direct-xctrace/exports-v2/apache_builds__real_typed_track1.time-profile.xml	/tmp/skv12-pin-p1/time_profile_export_status.tsv	"cd /Users/mkbabb/Programming/bbnf-lang/skinny && xctrace export --input /tmp/skv12-pin-p1/direct-xctrace/time-profiler-v2/apache_builds__real_typed_track1.trace --xpath '/trace-toc/run[@number=""1""]/data/table[@schema=""time-profile""]' > /tmp/skv12-pin-p1/direct-xctrace/exports-v2/apache_builds__real_typed_track1.time-profile.xml"	status=SKIP rc=0 already-present XML
xctrace-export	time-profiler-export	typed	apache_builds	real_typed_track2	/Users/mkbabb/Programming/bbnf-lang/skinny	/tmp/skv12-pin-p1/direct-xctrace/exports-v2/apache_builds__real_typed_track2.time-profile.xml	/tmp/skv12-pin-p1/time_profile_export_status.tsv	"cd /Users/mkbabb/Programming/bbnf-lang/skinny && xctrace export --input /tmp/skv12-pin-p1/direct-xctrace/time-profiler-v2/apache_builds__real_typed_track2.trace --xpath '/trace-toc/run[@number=""1""]/data/table[@schema=""time-profile""]' > /tmp/skv12-pin-p1/direct-xctrace/exports-v2/apache_builds__real_typed_track2.time-profile.xml"	status=SKIP rc=0 already-present XML
xctrace-export	time-profiler-export	direct	apache_builds	track1	/Users/mkbabb/Programming/bbnf-lang/skinny	/tmp/skv12-pin-p1/direct-xctrace/exports-v2/apache_builds__track1.time-profile.xml	/tmp/skv12-pin-p1/time_profile_export_status.tsv	"cd /Users/mkbabb/Programming/bbnf-lang/skinny && xctrace export --input /tmp/skv12-pin-p1/direct-xctrace/time-profiler-v2/apache_builds__track1.trace --xpath '/trace-toc/run[@number=""1""]/data/table[@schema=""time-profile""]' > /tmp/skv12-pin-p1/direct-xctrace/exports-v2/apache_builds__track1.time-profile.xml"	status=SKIP rc=0 already-present XML
xctrace-export	time-profiler-export	direct	apache_builds	track2	/Users/mkbabb/Programming/bbnf-lang/skinny	/tmp/skv12-pin-p1/direct-xctrace/exports-v2/apache_builds__track2.time-profile.xml	/tmp/skv12-pin-p1/time_profile_export_status.tsv	"cd /Users/mkbabb/Programming/bbnf-lang/skinny && xctrace export --input /tmp/skv12-pin-p1/direct-xctrace/time-profiler-v2/apache_builds__track2.trace --xpath '/trace-toc/run[@number=""1""]/data/table[@schema=""time-profile""]' > /tmp/skv12-pin-p1/direct-xctrace/exports-v2/apache_builds__track2.time-profile.xml"	status=SKIP rc=0 already-present XML
xctrace-export	time-profiler-export	direct	canada	track1	/Users/mkbabb/Programming/bbnf-lang/skinny	/tmp/skv12-pin-p1/direct-xctrace/exports-v2/canada__track1.time-profile.xml	/tmp/skv12-pin-p1/time_profile_export_status.tsv	"cd /Users/mkbabb/Programming/bbnf-lang/skinny && xctrace export --input /tmp/skv12-pin-p1/direct-xctrace/time-profiler-v2/canada__track1.trace --xpath '/trace-toc/run[@number=""1""]/data/table[@schema=""time-profile""]' > /tmp/skv12-pin-p1/direct-xctrace/exports-v2/canada__track1.time-profile.xml"	status=SKIP rc=0 already-present XML
xctrace-export	time-profiler-export	direct	canada	track2	/Users/mkbabb/Programming/bbnf-lang/skinny	/tmp/skv12-pin-p1/direct-xctrace/exports-v2/canada__track2.time-profile.xml	/tmp/skv12-pin-p1/time_profile_export_status.tsv	"cd /Users/mkbabb/Programming/bbnf-lang/skinny && xctrace export --input /tmp/skv12-pin-p1/direct-xctrace/time-profiler-v2/canada__track2.trace --xpath '/trace-toc/run[@number=""1""]/data/table[@schema=""time-profile""]' > /tmp/skv12-pin-p1/direct-xctrace/exports-v2/canada__track2.time-profile.xml"	status=SKIP rc=0 already-present XML
xctrace-export	time-profiler-export	typed	citm_catalog	real_typed_track1	/Users/mkbabb/Programming/bbnf-lang/skinny	/tmp/skv12-pin-p1/direct-xctrace/exports-v2/citm_catalog__real_typed_track1.time-profile.xml	/tmp/skv12-pin-p1/time_profile_export_status.tsv	"cd /Users/mkbabb/Programming/bbnf-lang/skinny && xctrace export --input /tmp/skv12-pin-p1/direct-xctrace/time-profiler-v2/citm_catalog__real_typed_track1.trace --xpath '/trace-toc/run[@number=""1""]/data/table[@schema=""time-profile""]' > /tmp/skv12-pin-p1/direct-xctrace/exports-v2/citm_catalog__real_typed_track1.time-profile.xml"	status=SKIP rc=0 already-present XML
xctrace-export	time-profiler-export	typed	citm_catalog	real_typed_track2	/Users/mkbabb/Programming/bbnf-lang/skinny	/tmp/skv12-pin-p1/direct-xctrace/exports-v2/citm_catalog__real_typed_track2.time-profile.xml	/tmp/skv12-pin-p1/time_profile_export_status.tsv	"cd /Users/mkbabb/Programming/bbnf-lang/skinny && xctrace export --input /tmp/skv12-pin-p1/direct-xctrace/time-profiler-v2/citm_catalog__real_typed_track2.trace --xpath '/trace-toc/run[@number=""1""]/data/table[@schema=""time-profile""]' > /tmp/skv12-pin-p1/direct-xctrace/exports-v2/citm_catalog__real_typed_track2.time-profile.xml"	status=SKIP rc=0 already-present XML
xctrace-export	time-profiler-export	direct	citm_catalog	track1	/Users/mkbabb/Programming/bbnf-lang/skinny	/tmp/skv12-pin-p1/direct-xctrace/exports-v2/citm_catalog__track1.time-profile.xml	/tmp/skv12-pin-p1/time_profile_export_status.tsv	"cd /Users/mkbabb/Programming/bbnf-lang/skinny && xctrace export --input /tmp/skv12-pin-p1/direct-xctrace/time-profiler-v2/citm_catalog__track1.trace --xpath '/trace-toc/run[@number=""1""]/data/table[@schema=""time-profile""]' > /tmp/skv12-pin-p1/direct-xctrace/exports-v2/citm_catalog__track1.time-profile.xml"	status=SKIP rc=0 already-present XML
xctrace-export	time-profiler-export	direct	citm_catalog	track2	/Users/mkbabb/Programming/bbnf-lang/skinny	/tmp/skv12-pin-p1/direct-xctrace/exports-v2/citm_catalog__track2.time-profile.xml	/tmp/skv12-pin-p1/time_profile_export_status.tsv	"cd /Users/mkbabb/Programming/bbnf-lang/skinny && xctrace export --input /tmp/skv12-pin-p1/direct-xctrace/time-profiler-v2/citm_catalog__track2.trace --xpath '/trace-toc/run[@number=""1""]/data/table[@schema=""time-profile""]' > /tmp/skv12-pin-p1/direct-xctrace/exports-v2/citm_catalog__track2.time-profile.xml"	status=SKIP rc=0 already-present XML
xctrace-export	time-profiler-export	direct	distinct_values	track1	/Users/mkbabb/Programming/bbnf-lang/skinny	/tmp/skv12-pin-p1/direct-xctrace/exports-v2/distinct_values__track1.time-profile.xml	/tmp/skv12-pin-p1/time_profile_export_status.tsv	"cd /Users/mkbabb/Programming/bbnf-lang/skinny && xctrace export --input /tmp/skv12-pin-p1/direct-xctrace/time-profiler-v2/distinct_values__track1.trace --xpath '/trace-toc/run[@number=""1""]/data/table[@schema=""time-profile""]' > /tmp/skv12-pin-p1/direct-xctrace/exports-v2/distinct_values__track1.time-profile.xml"	status=SKIP rc=0 already-present XML
xctrace-export	time-profiler-export	direct	distinct_values	track2	/Users/mkbabb/Programming/bbnf-lang/skinny	/tmp/skv12-pin-p1/direct-xctrace/exports-v2/distinct_values__track2.time-profile.xml	/tmp/skv12-pin-p1/time_profile_export_status.tsv	"cd /Users/mkbabb/Programming/bbnf-lang/skinny && xctrace export --input /tmp/skv12-pin-p1/direct-xctrace/time-profiler-v2/distinct_values__track2.trace --xpath '/trace-toc/run[@number=""1""]/data/table[@schema=""time-profile""]' > /tmp/skv12-pin-p1/direct-xctrace/exports-v2/distinct_values__track2.time-profile.xml"	status=SKIP rc=0 already-present XML
xctrace-export	time-profiler-export	typed	github_events	real_typed_track1	/Users/mkbabb/Programming/bbnf-lang/skinny	/tmp/skv12-pin-p1/direct-xctrace/exports-v2/github_events__real_typed_track1.time-profile.xml	/tmp/skv12-pin-p1/time_profile_export_status.tsv	"cd /Users/mkbabb/Programming/bbnf-lang/skinny && xctrace export --input /tmp/skv12-pin-p1/direct-xctrace/time-profiler-v2/github_events__real_typed_track1.trace --xpath '/trace-toc/run[@number=""1""]/data/table[@schema=""time-profile""]' > /tmp/skv12-pin-p1/direct-xctrace/exports-v2/github_events__real_typed_track1.time-profile.xml"	status=SKIP rc=0 already-present XML
xctrace-export	time-profiler-export	typed	github_events	real_typed_track2	/Users/mkbabb/Programming/bbnf-lang/skinny	/tmp/skv12-pin-p1/direct-xctrace/exports-v2/github_events__real_typed_track2.time-profile.xml	/tmp/skv12-pin-p1/time_profile_export_status.tsv	"cd /Users/mkbabb/Programming/bbnf-lang/skinny && xctrace export --input /tmp/skv12-pin-p1/direct-xctrace/time-profiler-v2/github_events__real_typed_track2.trace --xpath '/trace-toc/run[@number=""1""]/data/table[@schema=""time-profile""]' > /tmp/skv12-pin-p1/direct-xctrace/exports-v2/github_events__real_typed_track2.time-profile.xml"	status=SKIP rc=0 already-present XML
xctrace-export	time-profiler-export	direct	github_events	track1	/Users/mkbabb/Programming/bbnf-lang/skinny	/tmp/skv12-pin-p1/direct-xctrace/exports-v2/github_events__track1.time-profile.xml	/tmp/skv12-pin-p1/time_profile_export_status.tsv	"cd /Users/mkbabb/Programming/bbnf-lang/skinny && xctrace export --input /tmp/skv12-pin-p1/direct-xctrace/time-profiler-v2/github_events__track1.trace --xpath '/trace-toc/run[@number=""1""]/data/table[@schema=""time-profile""]' > /tmp/skv12-pin-p1/direct-xctrace/exports-v2/github_events__track1.time-profile.xml"	status=SKIP rc=0 already-present XML
xctrace-export	time-profiler-export	direct	github_events	track2	/Users/mkbabb/Programming/bbnf-lang/skinny	/tmp/skv12-pin-p1/direct-xctrace/exports-v2/github_events__track2.time-profile.xml	/tmp/skv12-pin-p1/time_profile_export_status.tsv	"cd /Users/mkbabb/Programming/bbnf-lang/skinny && xctrace export --input /tmp/skv12-pin-p1/direct-xctrace/time-profiler-v2/github_events__track2.trace --xpath '/trace-toc/run[@number=""1""]/data/table[@schema=""time-profile""]' > /tmp/skv12-pin-p1/direct-xctrace/exports-v2/github_events__track2.time-profile.xml"	status=SKIP rc=0 already-present XML
xctrace-export	time-profiler-export	direct	gsoc-2018	track1	/Users/mkbabb/Programming/bbnf-lang/skinny	/tmp/skv12-pin-p1/direct-xctrace/exports-v2/gsoc-2018__track1.time-profile.xml	/tmp/skv12-pin-p1/time_profile_export_status.tsv	"cd /Users/mkbabb/Programming/bbnf-lang/skinny && xctrace export --input /tmp/skv12-pin-p1/direct-xctrace/time-profiler-v2/gsoc-2018__track1.trace --xpath '/trace-toc/run[@number=""1""]/data/table[@schema=""time-profile""]' > /tmp/skv12-pin-p1/direct-xctrace/exports-v2/gsoc-2018__track1.time-profile.xml"	status=SKIP rc=0 already-present XML
xctrace-export	time-profiler-export	direct	gsoc-2018	track2	/Users/mkbabb/Programming/bbnf-lang/skinny	/tmp/skv12-pin-p1/direct-xctrace/exports-v2/gsoc-2018__track2.time-profile.xml	/tmp/skv12-pin-p1/time_profile_export_status.tsv	"cd /Users/mkbabb/Programming/bbnf-lang/skinny && xctrace export --input /tmp/skv12-pin-p1/direct-xctrace/time-profiler-v2/gsoc-2018__track2.trace --xpath '/trace-toc/run[@number=""1""]/data/table[@schema=""time-profile""]' > /tmp/skv12-pin-p1/direct-xctrace/exports-v2/gsoc-2018__track2.time-profile.xml"	status=SKIP rc=0 already-present XML
xctrace-export	time-profiler-export	direct	instruments	track1	/Users/mkbabb/Programming/bbnf-lang/skinny	/tmp/skv12-pin-p1/direct-xctrace/exports-v2/instruments__track1.time-profile.xml	/tmp/skv12-pin-p1/time_profile_export_status.tsv	"cd /Users/mkbabb/Programming/bbnf-lang/skinny && xctrace export --input /tmp/skv12-pin-p1/direct-xctrace/time-profiler-v2/instruments__track1.trace --xpath '/trace-toc/run[@number=""1""]/data/table[@schema=""time-profile""]' > /tmp/skv12-pin-p1/direct-xctrace/exports-v2/instruments__track1.time-profile.xml"	status=SKIP rc=0 already-present XML
xctrace-export	time-profiler-export	direct	instruments	track2	/Users/mkbabb/Programming/bbnf-lang/skinny	/tmp/skv12-pin-p1/direct-xctrace/exports-v2/instruments__track2.time-profile.xml	/tmp/skv12-pin-p1/time_profile_export_status.tsv	"cd /Users/mkbabb/Programming/bbnf-lang/skinny && xctrace export --input /tmp/skv12-pin-p1/direct-xctrace/time-profiler-v2/instruments__track2.trace --xpath '/trace-toc/run[@number=""1""]/data/table[@schema=""time-profile""]' > /tmp/skv12-pin-p1/direct-xctrace/exports-v2/instruments__track2.time-profile.xml"	status=SKIP rc=0 already-present XML
xctrace-export	time-profiler-export	typed	marine_ik	real_typed_track1	/Users/mkbabb/Programming/bbnf-lang/skinny	/tmp/skv12-pin-p1/direct-xctrace/exports-v2/marine_ik__real_typed_track1.time-profile.xml	/tmp/skv12-pin-p1/time_profile_export_status.tsv	"cd /Users/mkbabb/Programming/bbnf-lang/skinny && xctrace export --input /tmp/skv12-pin-p1/direct-xctrace/time-profiler-v2/marine_ik__real_typed_track1.trace --xpath '/trace-toc/run[@number=""1""]/data/table[@schema=""time-profile""]' > /tmp/skv12-pin-p1/direct-xctrace/exports-v2/marine_ik__real_typed_track1.time-profile.xml"	status=SKIP rc=0 already-present XML
xctrace-export	time-profiler-export	typed	marine_ik	real_typed_track2	/Users/mkbabb/Programming/bbnf-lang/skinny	/tmp/skv12-pin-p1/direct-xctrace/exports-v2/marine_ik__real_typed_track2.time-profile.xml	/tmp/skv12-pin-p1/time_profile_export_status.tsv	"cd /Users/mkbabb/Programming/bbnf-lang/skinny && xctrace export --input /tmp/skv12-pin-p1/direct-xctrace/time-profiler-v2/marine_ik__real_typed_track2.trace --xpath '/trace-toc/run[@number=""1""]/data/table[@schema=""time-profile""]' > /tmp/skv12-pin-p1/direct-xctrace/exports-v2/marine_ik__real_typed_track2.time-profile.xml"	status=SKIP rc=0 already-present XML
xctrace-export	time-profiler-export	direct	marine_ik	track1	/Users/mkbabb/Programming/bbnf-lang/skinny	/tmp/skv12-pin-p1/direct-xctrace/exports-v2/marine_ik__track1.time-profile.xml	/tmp/skv12-pin-p1/time_profile_export_status.tsv	"cd /Users/mkbabb/Programming/bbnf-lang/skinny && xctrace export --input /tmp/skv12-pin-p1/direct-xctrace/time-profiler-v2/marine_ik__track1.trace --xpath '/trace-toc/run[@number=""1""]/data/table[@schema=""time-profile""]' > /tmp/skv12-pin-p1/direct-xctrace/exports-v2/marine_ik__track1.time-profile.xml"	status=SKIP rc=0 already-present XML
xctrace-export	time-profiler-export	direct	marine_ik	track2	/Users/mkbabb/Programming/bbnf-lang/skinny	/tmp/skv12-pin-p1/direct-xctrace/exports-v2/marine_ik__track2.time-profile.xml	/tmp/skv12-pin-p1/time_profile_export_status.tsv	"cd /Users/mkbabb/Programming/bbnf-lang/skinny && xctrace export --input /tmp/skv12-pin-p1/direct-xctrace/time-profiler-v2/marine_ik__track2.trace --xpath '/trace-toc/run[@number=""1""]/data/table[@schema=""time-profile""]' > /tmp/skv12-pin-p1/direct-xctrace/exports-v2/marine_ik__track2.time-profile.xml"	status=SKIP rc=0 already-present XML
xctrace-export	time-profiler-export	typed	mesh	real_typed_track1	/Users/mkbabb/Programming/bbnf-lang/skinny	/tmp/skv12-pin-p1/direct-xctrace/exports-v2/mesh__real_typed_track1.time-profile.xml	/tmp/skv12-pin-p1/time_profile_export_status.tsv	"cd /Users/mkbabb/Programming/bbnf-lang/skinny && xctrace export --input /tmp/skv12-pin-p1/direct-xctrace/time-profiler-v2/mesh__real_typed_track1.trace --xpath '/trace-toc/run[@number=""1""]/data/table[@schema=""time-profile""]' > /tmp/skv12-pin-p1/direct-xctrace/exports-v2/mesh__real_typed_track1.time-profile.xml"	status=SKIP rc=0 already-present XML
xctrace-export	time-profiler-export	typed	mesh	real_typed_track2	/Users/mkbabb/Programming/bbnf-lang/skinny	/tmp/skv12-pin-p1/direct-xctrace/exports-v2/mesh__real_typed_track2.time-profile.xml	/tmp/skv12-pin-p1/time_profile_export_status.tsv	"cd /Users/mkbabb/Programming/bbnf-lang/skinny && xctrace export --input /tmp/skv12-pin-p1/direct-xctrace/time-profiler-v2/mesh__real_typed_track2.trace --xpath '/trace-toc/run[@number=""1""]/data/table[@schema=""time-profile""]' > /tmp/skv12-pin-p1/direct-xctrace/exports-v2/mesh__real_typed_track2.time-profile.xml"	status=SKIP rc=0 already-present XML
xctrace-export	time-profiler-export	direct	mesh	track1	/Users/mkbabb/Programming/bbnf-lang/skinny	/tmp/skv12-pin-p1/direct-xctrace/exports-v2/mesh__track1.time-profile.xml	/tmp/skv12-pin-p1/time_profile_export_status.tsv	"cd /Users/mkbabb/Programming/bbnf-lang/skinny && xctrace export --input /tmp/skv12-pin-p1/direct-xctrace/time-profiler-v2/mesh__track1.trace --xpath '/trace-toc/run[@number=""1""]/data/table[@schema=""time-profile""]' > /tmp/skv12-pin-p1/direct-xctrace/exports-v2/mesh__track1.time-profile.xml"	status=SKIP rc=0 already-present XML
xctrace-export	time-profiler-export	direct	mesh	track2	/Users/mkbabb/Programming/bbnf-lang/skinny	/tmp/skv12-pin-p1/direct-xctrace/exports-v2/mesh__track2.time-profile.xml	/tmp/skv12-pin-p1/time_profile_export_status.tsv	"cd /Users/mkbabb/Programming/bbnf-lang/skinny && xctrace export --input /tmp/skv12-pin-p1/direct-xctrace/time-profiler-v2/mesh__track2.trace --xpath '/trace-toc/run[@number=""1""]/data/table[@schema=""time-profile""]' > /tmp/skv12-pin-p1/direct-xctrace/exports-v2/mesh__track2.time-profile.xml"	status=SKIP rc=0 already-present XML
xctrace-export	time-profiler-export	direct	numbers	track1	/Users/mkbabb/Programming/bbnf-lang/skinny	/tmp/skv12-pin-p1/direct-xctrace/exports-v2/numbers__track1.time-profile.xml	/tmp/skv12-pin-p1/time_profile_export_status.tsv	"cd /Users/mkbabb/Programming/bbnf-lang/skinny && xctrace export --input /tmp/skv12-pin-p1/direct-xctrace/time-profiler-v2/numbers__track1.trace --xpath '/trace-toc/run[@number=""1""]/data/table[@schema=""time-profile""]' > /tmp/skv12-pin-p1/direct-xctrace/exports-v2/numbers__track1.time-profile.xml"	status=SKIP rc=0 already-present XML
xctrace-export	time-profiler-export	direct	numbers	track2	/Users/mkbabb/Programming/bbnf-lang/skinny	/tmp/skv12-pin-p1/direct-xctrace/exports-v2/numbers__track2.time-profile.xml	/tmp/skv12-pin-p1/time_profile_export_status.tsv	"cd /Users/mkbabb/Programming/bbnf-lang/skinny && xctrace export --input /tmp/skv12-pin-p1/direct-xctrace/time-profiler-v2/numbers__track2.trace --xpath '/trace-toc/run[@number=""1""]/data/table[@schema=""time-profile""]' > /tmp/skv12-pin-p1/direct-xctrace/exports-v2/numbers__track2.time-profile.xml"	status=SKIP rc=0 already-present XML
xctrace-export	time-profiler-export	direct	random	track1	/Users/mkbabb/Programming/bbnf-lang/skinny	/tmp/skv12-pin-p1/direct-xctrace/exports-v2/random__track1.time-profile.xml	/tmp/skv12-pin-p1/time_profile_export_status.tsv	"cd /Users/mkbabb/Programming/bbnf-lang/skinny && xctrace export --input /tmp/skv12-pin-p1/direct-xctrace/time-profiler-v2/random__track1.trace --xpath '/trace-toc/run[@number=""1""]/data/table[@schema=""time-profile""]' > /tmp/skv12-pin-p1/direct-xctrace/exports-v2/random__track1.time-profile.xml"	status=SKIP rc=0 already-present XML
xctrace-export	time-profiler-export	direct	random	track2	/Users/mkbabb/Programming/bbnf-lang/skinny	/tmp/skv12-pin-p1/direct-xctrace/exports-v2/random__track2.time-profile.xml	/tmp/skv12-pin-p1/time_profile_export_status.tsv	"cd /Users/mkbabb/Programming/bbnf-lang/skinny && xctrace export --input /tmp/skv12-pin-p1/direct-xctrace/time-profiler-v2/random__track2.trace --xpath '/trace-toc/run[@number=""1""]/data/table[@schema=""time-profile""]' > /tmp/skv12-pin-p1/direct-xctrace/exports-v2/random__track2.time-profile.xml"	status=SKIP rc=0 already-present XML
xctrace-export	time-profiler-export	typed	twitter	real_typed_track1	/Users/mkbabb/Programming/bbnf-lang/skinny	/tmp/skv12-pin-p1/direct-xctrace/exports-v2/twitter__real_typed_track1.time-profile.xml	/tmp/skv12-pin-p1/time_profile_export_status.tsv	"cd /Users/mkbabb/Programming/bbnf-lang/skinny && xctrace export --input /tmp/skv12-pin-p1/direct-xctrace/time-profiler-v2/twitter__real_typed_track1.trace --xpath '/trace-toc/run[@number=""1""]/data/table[@schema=""time-profile""]' > /tmp/skv12-pin-p1/direct-xctrace/exports-v2/twitter__real_typed_track1.time-profile.xml"	status=SKIP rc=0 already-present XML
xctrace-export	time-profiler-export	typed	twitter	real_typed_track2	/Users/mkbabb/Programming/bbnf-lang/skinny	/tmp/skv12-pin-p1/direct-xctrace/exports-v2/twitter__real_typed_track2.time-profile.xml	/tmp/skv12-pin-p1/time_profile_export_status.tsv	"cd /Users/mkbabb/Programming/bbnf-lang/skinny && xctrace export --input /tmp/skv12-pin-p1/direct-xctrace/time-profiler-v2/twitter__real_typed_track2.trace --xpath '/trace-toc/run[@number=""1""]/data/table[@schema=""time-profile""]' > /tmp/skv12-pin-p1/direct-xctrace/exports-v2/twitter__real_typed_track2.time-profile.xml"	status=SKIP rc=0 already-present XML
xctrace-export	time-profiler-export	direct	twitter	track1	/Users/mkbabb/Programming/bbnf-lang/skinny	/tmp/skv12-pin-p1/direct-xctrace/exports-v2/twitter__track1.time-profile.xml	/tmp/skv12-pin-p1/time_profile_export_status.tsv	"cd /Users/mkbabb/Programming/bbnf-lang/skinny && xctrace export --input /tmp/skv12-pin-p1/direct-xctrace/time-profiler-v2/twitter__track1.trace --xpath '/trace-toc/run[@number=""1""]/data/table[@schema=""time-profile""]' > /tmp/skv12-pin-p1/direct-xctrace/exports-v2/twitter__track1.time-profile.xml"	status=SKIP rc=0 already-present XML
xctrace-export	time-profiler-export	direct	twitter	track2	/Users/mkbabb/Programming/bbnf-lang/skinny	/tmp/skv12-pin-p1/direct-xctrace/exports-v2/twitter__track2.time-profile.xml	/tmp/skv12-pin-p1/time_profile_export_status.tsv	"cd /Users/mkbabb/Programming/bbnf-lang/skinny && xctrace export --input /tmp/skv12-pin-p1/direct-xctrace/time-profiler-v2/twitter__track2.trace --xpath '/trace-toc/run[@number=""1""]/data/table[@schema=""time-profile""]' > /tmp/skv12-pin-p1/direct-xctrace/exports-v2/twitter__track2.time-profile.xml"	status=SKIP rc=0 already-present XML
xctrace-export	time-profiler-export	direct	unicode_basic	track1	/Users/mkbabb/Programming/bbnf-lang/skinny	/tmp/skv12-pin-p1/direct-xctrace/exports-v2/unicode_basic__track1.time-profile.xml	/tmp/skv12-pin-p1/time_profile_export_status.tsv	"cd /Users/mkbabb/Programming/bbnf-lang/skinny && xctrace export --input /tmp/skv12-pin-p1/direct-xctrace/time-profiler-v2/unicode_basic__track1.trace --xpath '/trace-toc/run[@number=""1""]/data/table[@schema=""time-profile""]' > /tmp/skv12-pin-p1/direct-xctrace/exports-v2/unicode_basic__track1.time-profile.xml"	status=SKIP rc=0 already-present XML
xctrace-export	time-profiler-export	direct	unicode_basic	track2	/Users/mkbabb/Programming/bbnf-lang/skinny	/tmp/skv12-pin-p1/direct-xctrace/exports-v2/unicode_basic__track2.time-profile.xml	/tmp/skv12-pin-p1/time_profile_export_status.tsv	"cd /Users/mkbabb/Programming/bbnf-lang/skinny && xctrace export --input /tmp/skv12-pin-p1/direct-xctrace/time-profiler-v2/unicode_basic__track2.trace --xpath '/trace-toc/run[@number=""1""]/data/table[@schema=""time-profile""]' > /tmp/skv12-pin-p1/direct-xctrace/exports-v2/unicode_basic__track2.time-profile.xml"	status=SKIP rc=0 already-present XML
xctrace-export	time-profiler-export	direct	unicode_escapes	track1	/Users/mkbabb/Programming/bbnf-lang/skinny	/tmp/skv12-pin-p1/direct-xctrace/exports-v2/unicode_escapes__track1.time-profile.xml	/tmp/skv12-pin-p1/time_profile_export_status.tsv	"cd /Users/mkbabb/Programming/bbnf-lang/skinny && xctrace export --input /tmp/skv12-pin-p1/direct-xctrace/time-profiler-v2/unicode_escapes__track1.trace --xpath '/trace-toc/run[@number=""1""]/data/table[@schema=""time-profile""]' > /tmp/skv12-pin-p1/direct-xctrace/exports-v2/unicode_escapes__track1.time-profile.xml"	status=SKIP rc=0 already-present XML
xctrace-export	time-profiler-export	direct	unicode_escapes	track2	/Users/mkbabb/Programming/bbnf-lang/skinny	/tmp/skv12-pin-p1/direct-xctrace/exports-v2/unicode_escapes__track2.time-profile.xml	/tmp/skv12-pin-p1/time_profile_export_status.tsv	"cd /Users/mkbabb/Programming/bbnf-lang/skinny && xctrace export --input /tmp/skv12-pin-p1/direct-xctrace/time-profiler-v2/unicode_escapes__track2.trace --xpath '/trace-toc/run[@number=""1""]/data/table[@schema=""time-profile""]' > /tmp/skv12-pin-p1/direct-xctrace/exports-v2/unicode_escapes__track2.time-profile.xml"	status=SKIP rc=0 already-present XML
xctrace-export	time-profiler-export	direct	unicode_mixed	track1	/Users/mkbabb/Programming/bbnf-lang/skinny	/tmp/skv12-pin-p1/direct-xctrace/exports-v2/unicode_mixed__track1.time-profile.xml	/tmp/skv12-pin-p1/time_profile_export_status.tsv	"cd /Users/mkbabb/Programming/bbnf-lang/skinny && xctrace export --input /tmp/skv12-pin-p1/direct-xctrace/time-profiler-v2/unicode_mixed__track1.trace --xpath '/trace-toc/run[@number=""1""]/data/table[@schema=""time-profile""]' > /tmp/skv12-pin-p1/direct-xctrace/exports-v2/unicode_mixed__track1.time-profile.xml"	status=SKIP rc=0 already-present XML
xctrace-export	time-profiler-export	direct	unicode_mixed	track2	/Users/mkbabb/Programming/bbnf-lang/skinny	/tmp/skv12-pin-p1/direct-xctrace/exports-v2/unicode_mixed__track2.time-profile.xml	/tmp/skv12-pin-p1/time_profile_export_status.tsv	"cd /Users/mkbabb/Programming/bbnf-lang/skinny && xctrace export --input /tmp/skv12-pin-p1/direct-xctrace/time-profiler-v2/unicode_mixed__track2.trace --xpath '/trace-toc/run[@number=""1""]/data/table[@schema=""time-profile""]' > /tmp/skv12-pin-p1/direct-xctrace/exports-v2/unicode_mixed__track2.time-profile.xml"	status=SKIP rc=0 already-present XML
xctrace-export	time-profiler-export	typed	update_center	real_typed_track1	/Users/mkbabb/Programming/bbnf-lang/skinny	/tmp/skv12-pin-p1/direct-xctrace/exports-v2/update_center__real_typed_track1.time-profile.xml	/tmp/skv12-pin-p1/time_profile_export_status.tsv	"cd /Users/mkbabb/Programming/bbnf-lang/skinny && xctrace export --input /tmp/skv12-pin-p1/direct-xctrace/time-profiler-v2/update_center__real_typed_track1.trace --xpath '/trace-toc/run[@number=""1""]/data/table[@schema=""time-profile""]' > /tmp/skv12-pin-p1/direct-xctrace/exports-v2/update_center__real_typed_track1.time-profile.xml"	status=SKIP rc=0 already-present XML
xctrace-export	time-profiler-export	typed	update_center	real_typed_track2	/Users/mkbabb/Programming/bbnf-lang/skinny	/tmp/skv12-pin-p1/direct-xctrace/exports-v2/update_center__real_typed_track2.time-profile.xml	/tmp/skv12-pin-p1/time_profile_export_status.tsv	"cd /Users/mkbabb/Programming/bbnf-lang/skinny && xctrace export --input /tmp/skv12-pin-p1/direct-xctrace/time-profiler-v2/update_center__real_typed_track2.trace --xpath '/trace-toc/run[@number=""1""]/data/table[@schema=""time-profile""]' > /tmp/skv12-pin-p1/direct-xctrace/exports-v2/update_center__real_typed_track2.time-profile.xml"	status=SKIP rc=0 already-present XML
xctrace-export	time-profiler-export	direct	update_center	track1	/Users/mkbabb/Programming/bbnf-lang/skinny	/tmp/skv12-pin-p1/direct-xctrace/exports-v2/update_center__track1.time-profile.xml	/tmp/skv12-pin-p1/time_profile_export_status.tsv	"cd /Users/mkbabb/Programming/bbnf-lang/skinny && xctrace export --input /tmp/skv12-pin-p1/direct-xctrace/time-profiler-v2/update_center__track1.trace --xpath '/trace-toc/run[@number=""1""]/data/table[@schema=""time-profile""]' > /tmp/skv12-pin-p1/direct-xctrace/exports-v2/update_center__track1.time-profile.xml"	status=SKIP rc=0 already-present XML
xctrace-export	time-profiler-export	direct	update_center	track2	/Users/mkbabb/Programming/bbnf-lang/skinny	/tmp/skv12-pin-p1/direct-xctrace/exports-v2/update_center__track2.time-profile.xml	/tmp/skv12-pin-p1/time_profile_export_status.tsv	"cd /Users/mkbabb/Programming/bbnf-lang/skinny && xctrace export --input /tmp/skv12-pin-p1/direct-xctrace/time-profiler-v2/update_center__track2.trace --xpath '/trace-toc/run[@number=""1""]/data/table[@schema=""time-profile""]' > /tmp/skv12-pin-p1/direct-xctrace/exports-v2/update_center__track2.time-profile.xml"	status=SKIP rc=0 already-present XML
xctrace-export	time-profiler-export	direct	y_string_unicode	track1	/Users/mkbabb/Programming/bbnf-lang/skinny	/tmp/skv12-pin-p1/direct-xctrace/exports-v2/y_string_unicode__track1.time-profile.xml	/tmp/skv12-pin-p1/time_profile_export_status.tsv	"cd /Users/mkbabb/Programming/bbnf-lang/skinny && xctrace export --input /tmp/skv12-pin-p1/direct-xctrace/time-profiler-v2/y_string_unicode__track1.trace --xpath '/trace-toc/run[@number=""1""]/data/table[@schema=""time-profile""]' > /tmp/skv12-pin-p1/direct-xctrace/exports-v2/y_string_unicode__track1.time-profile.xml"	status=SKIP rc=0 already-present XML
xctrace-export	time-profiler-export	direct	y_string_unicode	track2	/Users/mkbabb/Programming/bbnf-lang/skinny	/tmp/skv12-pin-p1/direct-xctrace/exports-v2/y_string_unicode__track2.time-profile.xml	/tmp/skv12-pin-p1/time_profile_export_status.tsv	"cd /Users/mkbabb/Programming/bbnf-lang/skinny && xctrace export --input /tmp/skv12-pin-p1/direct-xctrace/time-profiler-v2/y_string_unicode__track2.trace --xpath '/trace-toc/run[@number=""1""]/data/table[@schema=""time-profile""]' > /tmp/skv12-pin-p1/direct-xctrace/exports-v2/y_string_unicode__track2.time-profile.xml"	status=SKIP rc=0 already-present XML
